Date,R_Chandpur,R_Chittagong,R_Comilla,R_Coxsbazar,R_Feni,R_Hatiya,R_Kutubdia,R_M.Court,R_Rangamati,R_Sandwip,R_Ambagan,R_Sitakunda,RH_Chandpur,RH_Chittagong,RH_Comilla,RH_Coxsbazar,RH_Feni,RH_Hatiya,RH_Kutubdia,RH_M.Court,RH_Rangamati,RH_Sandwip,RH_Ambagan,RH_Sitakunda,Tavg-Chandpur,Tavg-Chittagong,Tavg-Comilla,Tavg-Coxsbazar,Tavg-Feni,Tavg-Hatiya,Tavg-Kutubdia,Tavg-M.Court,Tavg-Rangamati,Tavg-Sandwip,Tavg-Ambagan,Tavg-Sitakunda,S_Chandpur,S_Chittagong,S_Comilla,S_Coxsbazar,S_Feni,S_Hatiya,S_Kutubdia,S_M.Court,S_Rangamati,S_Sandwip,S_Ambagan,S_Sitakunda
1/1/2022,0,0,0,0,0,0,0,0,0,0,0,0,78,61,73,69,75,80,70,70,75,75,65,75,19.7,21.8,19,21.4,18.2,19.1,21.8,19.7,19.7,19.7,20.4,19.3,7,8.5,8.9,8.7,8.1,9.2,8.6,8.5,8.6,9,8.3,8.4
2/1/2022,0,0,0,0,0,0,0,0,0,0,0,0,90,71,89,72,81,85,72,84,76,74,73,74,18,21.3,17.5,20.9,17.6,19.3,21.3,18.8,18.6,20.4,19.9,18.8,2.3,8.6,4.7,8.9,6.4,8.3,9,6.9,9.1,8.3,8.9,8.3
3/1/2022,0,0,0,0,0,0,0,0,0,0,0,0,83,81,87,83,82,88,78,86,79,85,80,75,19.1,20.2,17.7,19.8,17.4,18.7,20.7,18.4,19.3,19.1,19.9,18.6,7,6.2,5.9,6.1,5.7,8,8,6,7.7,6.8,7.6,8.9
4/1/2022,0,0,0,0,0,0,0,0,0,0,0,0,84,70,86,76,82,86,74,84,79,80,75,76,18.8,21.2,17.7,21.3,17.1,19,21.2,18.9,19.3,19.3,20.4,17.9,6.5,8.3,6.3,9,5.3,8.1,9.2,6,8.4,7.9,9.4,9
5/1/2022,0,0,0,0,0,0,0,0,0,0,0,0,86,82,86,78,82,89,77,88,77,87,78,76,18.5,20.2,18.4,20.8,17.8,18.1,21.2,18.4,18.3,18.6,19.6,17.9,4.5,7.4,6,8.5,6.3,7.6,9.1,5.2,7,6.8,8,9
6/1/2022,0,0,0,0,0,0,0,0,0,0,0,0,85,73,83,75,80,88,74,88,75,86,74,73,18.1,20.7,18.5,21,17.8,18.1,21.1,18.5,18.4,18.7,19.6,18.5,5.5,5.8,6.5,9,5.3,7.4,8.9,5.9,7.8,6.7,8.1,9.1
7/1/2022,0,0,0,0,0,0,0,0,0,0,0,0,80,78,78,73,73,85,78,75,71,79,73,74,20.9,20.9,19.6,21.4,19,19.7,20.8,20.3,20,20.2,21,19.5,7,8.2,8.9,9.1,8,8.8,8.8,8.7,8.7,8.9,9.6,9
8/1/2022,0,0,0,0,0,0,0,0,0,0,0,0,77,76,84,76,73,82,80,68,71,79,71,72,20.8,21.4,20.5,21.7,19.7,20.3,20.7,21.3,19.8,20.8,21.7,20.3,7.1,8.5,9.2,9.1,8.9,9.6,9.3,8.9,8.2,9.3,9.6,9.3
9/1/2022,0,0,0,0,0,0,0,0,0,0,0,0,77,75,76,79,75,84,79,75,76,80,74,70,20.9,22.5,20.9,21.9,19.8,20.5,21.6,21.3,19.6,21.4,22.1,20.7,7,8,8,9.2,7.6,8.8,9.5,8.6,7.7,8.6,9,8.5
10/1/2022,0,0,0,0,0,0,0,0,0,0,0,0,75,76,77,76,75,85,77,79,76,81,72,70,21.4,22,20.9,22.4,20.3,20.4,21.7,21.4,19.9,21.2,21.8,20.4,6.6,7.9,6.6,9.1,6.9,8.5,9.4,8.1,8,7.5,9.3,7.9
11/1/2022,0,0,0,0,0,0,0,0,0,0,0,0,74,75,72,78,75,84,81,80,81,82,75,68,22.1,22.1,22.3,22.3,20.4,21.3,21.4,21.9,19.8,21.7,22.2,21.2,6.6,5.9,7.2,8.2,7.2,8.2,8.2,8.2,7.6,7.2,9,8.2
12/1/2022,0,0,0,0,0,0,0,0,0,0,0,0,88,78,88,77,86,87,79,91,87,86,82,72,19.9,22.1,19.7,22.5,19.7,20.7,22,20,20,21.1,21.8,20.8,0,1.4,0,6.4,0,0,4,0,1,0.2,1.8,0.8
13-01-22,0,0,1,0,5,2,0,4,1,3,0,3,81,77,84,75,83,91,80,90,83,89,81,73,20.7,22.2,20.5,22.4,19.9,19.9,22.1,20.5,20.2,20.6,21.8,20.5,4.7,1.8,4.9,1.2,0.9,0.6,1.1,1.3,3.1,0.8,3.8,3.7
14-01-22,0,0,0,0,0,0,0,0,0,0,0,0,84,75,84,69,87,89,75,86,93,89,80,73,19.3,21.2,19.3,22.5,18.6,19.8,21.6,19.5,18.9,19.5,20.7,19,0,0.4,0,1.5,0,0,1.5,0,0,0,0.2,0.1
15-01-22,1,0,1,0,0,2,0,0,1,0,0,0,82,67,83,71,86,87,77,88,86,89,71,69,19.6,20.8,19.1,21.4,17.7,18.9,21.7,18.9,18.8,18.8,19.7,18.6,1,0,1.8,0.9,0,0.2,0.9,0,0,0,0,0
16-01-22,0,0,0,0,1,0,0,0,0,0,0,0,77,66,76,68,78,80,71,75,80,82,73,72,19.2,21.1,18.7,21.7,17.7,18.5,21.7,18.9,19.1,18.8,20.1,18.1,6.9,8.1,8.3,9.3,6.3,8.8,9.1,8.7,7.7,8.1,8.8,8.4
17-01-22,0,0,0,0,0,0,0,0,0,0,0,0,75,77,81,68,79,83,76,80,76,83,78,73,20,19.9,19.6,20.7,18.4,18.4,20.6,19.3,19.7,19.1,19.7,17.8,6.8,7.7,8.8,9.4,7.2,8.7,9,8.6,8.1,8,8.9,8.3
18-01-22,0,0,0,0,0,0,0,0,0,0,0,0,75,74,78,76,78,86,76,84,75,80,77,74,20,20.6,19.5,21,18.8,18.8,20.6,19.3,19.8,19.1,20.1,18,6.1,7.8,7.9,8.7,6.4,8.6,8.7,8.2,7.5,8.2,0,8.7
19-01-22,0,0,0,0,0,0,0,0,0,0,0,0,80,73,76,75,77,88,77,89,68,83,75,76,18.9,20.1,19.2,20.6,18.6,18.5,20.2,18.5,19.7,19,20.1,17.8,5.9,7.8,5.3,8.3,3.9,5.1,8.9,6.6,7.6,7.7,7.9,8
20-01-22,0,0,0,0,0,0,0,0,0,0,0,0,82,77,84,80,83,88,71,86,73,83,81,76,18.1,19.8,17.3,20.5,17,18,20.6,18,19,18.4,19.5,17.6,4.9,4.2,3.4,2,0,5.8,6.9,6.5,0.5,3.1,5.3,3.9
21-01-22,0,0,0,0,0,0,0,0,0,0,0,0,77,73,77,71,76,86,73,79,73,80,77,76,18.7,19.4,17.9,19.8,18.1,18.3,19.6,18.6,19.2,18.5,19.1,17.8,6.5,5.2,6.8,8.3,5.7,7.5,8.1,6.5,6.1,5.5,8.3,7.2
22-01-22,0,0,0,0,0,0,0,0,0,0,0,0,84,70,81,66,77,88,76,82,73,82,74,76,19.1,20.5,18.8,20.7,18.2,19.1,21,18.9,18.8,19.6,19.9,17.6,0,2.2,3.5,8.1,1.7,0.8,7.5,1.7,3.1,1.3,5.2,2.5
23-01-22,0,0,0,0,0,0,0,0,0,0,0,0,77,59,73,63,70,82,71,74,72,78,65,72,20.5,22.6,20.2,22,20,20.8,20.9,20.6,20.1,21.1,21.9,18.9,2.3,6.1,4.5,9.3,4,6.9,9.1,3.8,6.7,5.1,8,5.6
24-01-22,4,0,4,0,0,1,0,4,1,2,1,0,90,80,84,68,81,88,79,87,87,88,87,80,18.9,20.3,19.5,21.8,18.7,20.2,20.3,18.9,19.3,19.4,19.7,17.2,0,0,2.3,0,0.3,0.3,0,0.3,0.7,0,0.2,0
25-01-22,0,1,0,3,0,0,2,1,8,1,4,5,83,76,82,76,79,82,75,79,69,80,78,73,20.6,22.2,20.6,23,20.1,21.6,22.2,20.5,20.3,21.7,22.1,20,5.8,8.1,6.9,6.7,7.3,8.4,7.8,8.1,7.5,8.8,8.7,8
26-01-22,0,0,0,5,0,0,0,0,0,0,0,0,84,84,79,85,85,92,82,87,74,89,85,77,21.1,20.7,20.9,20.1,19.8,19.8,20.5,20.3,19.7,20.6,20.6,19.3,1,0,3,0,0,0,9.6,0.7,0.7,0,0.5,0.1
27-01-22,1,0,0,0,0,0,5,2,0,0,0,0,84,81,78,81,86,89,78,85,76,89,81,81,19.1,20.8,18.7,20.9,18.2,18.2,20.6,18.6,19.4,19.2,20.2,17.9,5.1,2.5,0,4.8,0,0.9,3.3,0.7,0.6,0,5.3,1
28-01-22,0,0,0,0,2,0,0,9,0,0,0,0,64,48,67,66,71,74,53,69,64,74,55,75,18.2,19.5,16.7,19.4,16,17.3,20.4,17.3,17.7,17.5,18.7,16.6,6.8,7.5,7.6,8.2,7.2,8.5,8.9,7.9,6.9,8.3,9.9,8.3
29-01-22,0,0,0,0,0,0,0,0,0,0,0,0,67,57,65,62,69,78,54,77,70,76,60,73,16.5,18.3,16.8,18,15.8,15.9,19,16.3,16.9,15.9,17.7,16.1,6.4,7.7,7.8,8.7,7,8.5,8.5,6,7.7,7.4,9.5,7.6
30-01-22,0,0,0,0,0,0,0,0,0,0,0,0,74,65,72,67,75,82,63,79,75,79,64,73,17.3,18.2,16.4,17.8,15.5,16.2,18.8,16.4,16.2,16.1,17.6,15.8,6.9,7.1,6.6,8.7,5.8,8.2,8.4,7.9,7.1,5.6,8.8,6.3
31-01-22,0,0,0,0,0,0,0,0,0,0,0,0,76,70,78,68,87,83,68,79,83,78,71,73,17.9,18.2,16.7,18.1,16.5,17.3,18.1,17.6,17.2,17.3,17.7,16,6.9,7.1,8,7.6,6.4,8.6,8.7,8.1,4.8,4.5,10,6.6
1/2/2022,0,0,0,0,0,0,0,0,0,0,0,0,82,66,77,65,85,83,67,79,69,76,67,73,20,21.1,19.2,21.4,19.5,19.8,20.5,20.1,18.9,20.5,21.6,18,6.6,7,7.4,8.8,6.3,6.1,9.3,5.8,5.9,6.8,8.5,7.4
2/2/2022,0,0,0,0,0,0,0,0,0,0,0,0,78,82,80,79,78,86,76,89,69,87,85,74,20.8,21.6,20.2,22,20.5,20.8,20.8,19.9,21.2,21,21.6,19.4,6.6,8.2,5.8,7.4,3.9,8.6,9.3,5.8,7.3,5.8,9.2,8
3/2/2022,0,0,0,0,0,0,0,0,0,0,0,0,83,75,82,83,79,92,79,83,73,82,72,73,21.3,20.9,20.5,21.4,20,20.4,20.7,20.7,20.8,20.6,21,19.8,4.5,8.2,4.8,9.6,3.6,8.4,9.3,4.2,7.8,6.1,9.5,8.5
4/2/2022,0,0,0,0,0,0,0,0,0,0,0,0,87,68,77,72,74,79,73,82,66,72,68,69,18.7,21.4,19,22.3,19.3,20.7,21.9,19.4,20.8,20.7,21.2,19.6,3.9,7.7,5.1,9.8,5.9,7.4,9.4,5.6,8,6.9,8.7,6.7
5/2/2022,43,7,19,9,11,13,10,10,5,13,10,18,85,77,82,84,78,88,82,89,82,83,77,74,18.6,21,17.9,21.1,18.7,19.3,21.3,18.7,19.1,19.5,20.3,18.8,5.9,1.5,5.5,2.4,4.4,2.5,2.3,4.8,2.7,1.3,3.3,1
6/2/2022,0,0,0,12,0,0,5,0,1,0,0,0,75,55,74,52,71,77,63,72,71,67,60,70,17.3,20.4,17.4,19.8,16.8,17.3,20.1,17.9,17.3,18,18.8,16.9,7.4,8.7,9,9.9,8.8,10,10,9.9,9.3,9.4,9.7,8.8
7/2/2022,0,0,0,0,0,0,0,0,0,0,0,0,78,67,77,67,76,86,80,82,75,80,71,77,18,18.6,17.2,18.9,16.4,16.8,18.5,17.5,17.1,17,18,14.8,7.1,8.2,7.4,9.8,8.1,9.4,9.9,9.2,8,8.4,9.5,8.5
8/2/2022,0,0,0,0,0,0,0,0,0,0,0,0,75,59,74,61,70,81,69,80,69,73,60,70,18.7,20,17.6,19.8,17.2,17.8,20.4,17.9,17.3,18,19.6,15.9,7.1,8.3,9.2,10,8.9,9.6,9.7,9.5,7.6,9.1,9.9,8.5
9/2/2022,0,0,0,0,0,0,0,0,0,0,0,0,73,64,72,64,68,83,77,78,71,75,65,68,19.9,20.3,18.8,20.6,18.3,19,20.6,19.3,17.7,19.2,20.1,18.4,7.1,8.4,8.7,9.9,8.4,9.2,8.7,9,9,8.6,9.5,8.5
10/2/2022,0,0,0,0,0,0,0,0,0,0,0,0,84,56,81,59,67,80,75,74,62,69,58,65,18.1,22.1,18.1,21.9,19.5,20.6,21.6,20.3,20.3,20.9,21.6,20.1,0,7.9,0,9.6,4.4,7.8,10,6.9,8.5,7.1,8.1,7.9
11/2/2022,0,0,0,0,0,0,0,0,0,0,0,0,80,64,77,65,74,85,74,79,67,79,67,63,19.8,22.3,19.7,22.1,19.7,20.2,21.6,20.1,20.1,20.2,21.7,20.1,5.8,8.3,8.5,9.6,7.2,8.2,9.5,8.5,7.5,6.8,9.5,7.7
12/2/2022,0,0,0,0,0,0,0,0,0,0,0,0,64,53,63,59,74,63,80,66,62,72,54,68,19.3,21,18.6,20.7,18.6,19.3,20.8,19.4,19.7,18.6,20.2,18.1,7.4,8.4,8.8,9.2,8,9.4,9.1,9.3,7.3,8.2,9.4,8.7
13-02-22,0,0,0,0,0,0,0,0,0,0,0,0,70,58,65,68,69,73,82,69,63,71,60,65,19.9,21.1,19.7,19.9,18.5,19.1,22.2,19.7,19.1,19.7,20.3,19,7.6,8.8,10,10,8.9,9,9.9,10.2,9.6,9.5,10,8.8
14-02-22,0,0,0,0,0,0,0,0,0,0,0,0,68,61,66,68,69,74,83,65,64,71,58,66,20.1,21.7,19.6,21.3,19,18.8,21.5,19.8,19.1,19.6,20.5,19.4,7.6,9,9.5,10.2,8.7,10,10,10.1,9.1,9.5,10.3,8.8
15-02-22,0,0,0,0,0,0,0,0,0,0,0,0,70,64,66,68,69,79,80,70,62,73,66,66,20.1,21,19.8,21.2,19.2,18.6,21.4,19.7,19.9,19.1,20.4,18.4,7.6,8.7,9.3,10.1,8.4,9.9,9.9,9.5,9,9.2,10.2,8.7
16-02-22,0,0,0,0,0,0,0,0,0,0,0,0,62,61,73,62,70,76,80,70,66,72,62,67,20.3,21.8,19.5,21.8,18.5,18.5,21.4,19.7,19.1,19.6,20.4,19.1,7.7,8.4,8.8,9.8,8,9.5,9.4,9.6,9.1,8.6,9.4,8.4
17-02-22,0,0,0,0,0,0,0,0,0,0,0,0,65,57,67,57,69,74,80,67,65,70,56,64,20.9,22.1,19.5,22.3,19,19.2,21.9,21.9,19.7,20,21.1,19.1,7.5,8.7,9.5,10,9.4,9.3,8.7,9.9,9,9,9.9,8.3
18-02-22,0,0,0,0,0,0,0,0,0,0,0,0,64,53,66,51,64,73,73,68,61,65,51,63,20.7,22.6,19.8,22.8,19.4,19.7,22.5,19.7,20.2,20.3,21.8,19.6,7.4,8.5,9.5,10.3,9.3,9.4,9,9.5,9.5,9.4,9.9,8.8
19-02-22,0,0,0,0,0,0,0,0,0,0,0,0,60,54,66,57,65,73,77,66,62,67,50,61,20.7,22.4,19.1,22,18.8,19.3,22.3,19.8,19,19.8,21.1,19,8.3,8.7,9.6,10.2,9.4,9,8.9,9.3,9.4,9.2,9.9,8.7
20-02-22,0,0,0,0,0,0,0,0,0,0,0,0,69,65,70,59,63,71,75,69,61,68,55,64,21.1,22.3,19.8,22,20.5,21.2,21.9,21.2,21.2,21.4,22.3,20,6,7.1,7.4,8.2,6.6,6.2,7.9,5.8,7.1,6.6,8,6.1
21-02-22,2,4,4,9,2,0,0,0,2,5,5,0,72,79,71,75,72,87,89,76,71,84,76,68,21.9,22,20.7,22.2,21.4,21,22.1,21.8,20.6,21.2,21.8,20.6,7.5,7.9,9.2,8.3,8.4,7.7,8.1,8.9,7.7,8.3,9.3,8.5
22-02-22,0,0,0,0,0,0,0,0,0,0,0,0,74,74,77,77,70,85,84,81,70,79,75,67,22.6,21.6,21.6,22.1,21.5,20.5,21.9,21.5,20.9,21.5,21.4,21.4,7.1,8.7,8.6,9.6,7.7,9,8.4,6.2,7.3,8.4,9.3,8.8
23-02-22,0,0,0,0,0,0,0,0,0,0,0,0,83,68,79,72,72,84,79,87,65,76,67,66,22.6,22.5,21.7,22.4,22.1,21.8,22.3,21.9,21.4,22.7,22.7,21.1,5.1,8.7,8.5,9.9,5.7,8.1,9.5,7.7,8.9,8.2,9.6,8.5
24-02-22,0,0,0,0,0,0,0,0,0,0,0,0,77,73,81,76,72,81,79,80,63,77,68,64,23.3,23.6,22.8,23,23.1,23,23.7,23.6,21.4,24.1,24.2,22.6,6.8,8.7,6.8,9.8,8.3,6.8,9.3,7.1,9.3,8,9.4,9.9
25-02-22,0,0,0,0,0,0,0,0,0,0,0,0,67,53,71,65,72,79,80,75,64,73,59,63,24,25.4,23.7,25.4,22.9,22.9,23.6,23.9,22.6,23.8,24.6,23.2,7.7,8.9,9.5,9.7,7.5,9.4,9.6,8.8,9.3,9,9.1,9.9
26-02-22,0,0,0,0,0,0,0,0,0,0,0,0,67,60,72,66,67,74,81,66,62,72,60,63,24.8,25.6,24.1,25,24.3,23.6,24.6,24.5,22.9,24.1,25,22.9,7.8,9,8.7,10,9.2,8.8,11,9.3,9.8,9,10.3,10.3
27-02-22,0,0,0,0,0,0,0,0,0,0,0,0,68,60,68,57,62,72,80,67,65,68,57,61,24.5,25,24.2,25.6,24,24.3,24.9,24.5,23.3,23.9,25.2,23.1,7.8,8.7,8.7,9.9,8.7,8.9,10,9.2,8.6,9.4,9.9,10
28-02-22,1,0,0,0,0,0,0,0,0,0,0,0,71,57,74,55,68,72,78,73,65,71,59,63,24.7,25.9,24,26.1,23.7,24.3,24.8,24.5,23.6,24.7,25.6,23.2,8.1,8.6,8.8,10,6.9,4.6,10.2,9.1,8.9,7.4,10,9.4
1/3/2022,0,0,0,0,0,0,0,0,0,0,0,0,62,47,63,50,63,64,70,68,64,64,44,58,25,26.2,23.7,26,23.8,23.9,25.9,24.2,23.7,23.9,26.1,23.5,8.1,9,9.4,10.1,9.5,9.2,10,9,9.9,9.6,10.1,10.4
2/3/2022,0,0,0,0,0,0,0,0,0,0,0,0,57,51,64,46,60,68,79,69,60,65,43,61,23.8,25.3,22.9,25.4,22.3,23.7,24.7,23.5,23.4,22.9,25.3,23.1,7.6,10.1,9.7,10.3,10,9.5,9.9,9.3,10.4,9.9,10.1,10.4
3/3/2022,0,0,0,0,0,0,0,0,0,0,0,0,62,52,59,55,61,67,81,71,60,66,45,57,25.1,26.1,23.7,25.4,22.6,23.8,25,23.8,23.4,23.4,25.5,23.1,7.9,9.2,9.1,10.5,10,9.8,10.1,9.7,10.3,10,10.1,10.4
4/3/2022,0,0,0,0,0,0,0,0,0,0,0,0,62,48,66,47,61,67,82,67,62,61,40,56,23.5,25.7,22.9,26.6,22.9,24.1,25.5,23.8,23.3,24.2,25.5,23.6,8.7,9.1,8.6,9.8,9,9.6,10.1,9.3,10.3,9.5,9.7,10.1
5/3/2022,0,0,0,0,0,0,0,0,0,0,0,0,64,49,66,52,62,67,77,71,61,64,45,60,24.9,26,23.9,25.9,23.6,25,25.2,24.8,23.6,24.7,26,23.6,8.6,3.6,8.4,0.2,8.3,8.3,0.2,8.9,5.8,8.2,4.9,9.2
6/3/2022,0,0,0,0,0,0,0,0,0,0,0,0,58,43,61,52,56,64,82,65,62,59,45,52,25.2,26.5,23.8,26,23.7,24.6,25.3,24.8,23.7,24.5,26.5,24.5,8.6,9.3,9.8,9.7,10.1,9.6,10.2,9.5,10,9.2,10.1,9.8
7/3/2022,0,0,0,0,0,0,0,0,0,0,0,0,63,71,72,74,68,62,86,65,63,70,69,57,25.7,24.9,24.8,25,24.2,25.4,24.8,25.2,24.8,24.7,25.3,24.3,8.2,8.8,9.2,9.1,9.2,9.7,9.9,9.4,9.1,10.6,9.8,9.6
8/3/2022,0,0,0,0,0,0,0,0,0,0,0,0,63,72,71,78,64,68,80,65,58,76,71,55,27.2,25.6,25.4,25.4,24.7,25.9,25.7,25.7,25.4,25.9,25.8,24.3,8.3,9,8.4,10,8.4,8.4,9.8,8.7,9.5,9.2,9.9,8.8
9/3/2022,0,0,0,0,0,0,0,0,0,0,0,0,58,79,68,82,66,72,85,70,61,76,74,61,26.5,25.5,25.8,25.5,25,25.9,25.5,26.3,25.6,25.9,25.8,25.6,8.7,7.6,8.2,8.9,8.1,8.1,9.7,8.2,9.3,7.1,8.7,9.3
10/3/2022,0,0,0,0,0,0,0,0,0,0,0,0,57,68,67,78,64,69,82,66,58,70,60,54,26.9,27.1,25.2,26.2,25.4,25.7,26.2,26,26.3,25.9,26.8,26.6,9.2,8.8,9,8.3,9.1,9.3,10,9.2,9.8,9.5,9.5,9.9
11/3/2022,0,0,0,0,0,0,0,0,0,0,0,0,60,56,62,62,59,65,80,64,60,66,52,54,26.2,27.5,25.2,26.9,24.9,25.4,25.6,26.1,26.6,25.6,27.1,26.6,9,9,8.8,9.7,9.5,9.4,9.5,8.9,9.5,9.4,10.1,9.8
12/3/2022,0,0,0,0,0,0,0,0,0,0,0,0,58,51,63,60,62,61,83,57,61,65,49,53,26.6,28.2,25.1,27.1,24.7,25.5,26.5,26.3,26.2,25.5,27.5,26.4,9,8.9,9,9.9,9,10,4.3,7.7,9.6,9,10.1,10.2
13-03-22,0,0,0,0,0,0,0,0,0,0,0,0,56,52,59,56,60,63,83,61,62,60,49,51,26.9,28.6,25.9,27.7,25.5,25.7,26.2,26.4,26.4,26.4,27.9,26.8,9.4,9.1,9.1,10.2,9.1,9.3,10.7,9.3,9.7,9.5,9.5,9.4
14-03-22,0,0,0,0,0,0,0,0,0,0,0,0,59,72,63,64,65,71,83,62,56,67,62,53,27.8,27.4,26.4,27.1,25.7,26,26.3,27,26.9,26.1,27.4,26.8,8.4,8.7,9.4,9.8,8.5,8.4,10.9,8.3,9.7,9,9.1,7.9
15-03-22,0,0,0,0,0,0,0,0,0,0,0,0,63,78,63,79,66,71,86,69,61,69,69,55,27.7,27.2,26.5,26.9,26.2,26.7,26.3,26.9,27.3,26.4,27.8,26.7,9.2,6.2,8.3,9.2,8.4,9.4,8.6,8.2,9.1,9,9.3,9.1
16-03-22,0,0,0,0,0,0,0,0,0,0,0,0,62,79,74,82,64,72,83,63,60,69,73,60,28.1,27,26.2,26.5,26.7,27.5,26.3,27.7,27.8,27.6,27.6,25.3,9.1,7.4,9,9.2,8.8,8.8,8.7,9,8.9,8.8,8.7,9.2
17-03-22,0,0,0,0,0,0,0,0,0,0,0,0,58,81,67,75,63,73,87,62,59,70,75,50,27.9,27.1,27,27,27.2,28,26,27.9,27.9,27.6,28,25.8,7.8,8.5,9,9.7,8.8,8.7,9,9.3,9.2,9.2,9.7,4.3
18-03-22,0,0,0,0,0,0,0,0,0,0,0,0,54,84,68,75,63,73,85,68,62,69,76,52,29.3,27.3,26.9,27.1,26.8,27.5,26.2,28,27.7,27.9,28.1,26.3,9.3,7.4,8.7,9.2,8.4,8.8,8.5,8.7,8.4,9,8.9,8.4
19-03-22,0,0,0,0,0,0,0,0,0,0,0,0,58,71,65,72,66,72,85,66,66,67,71,58,28.4,27.9,27.3,27.8,26.6,27.7,26.8,27.4,28.1,27.9,28.5,26.7,8.8,7.4,8,9.9,8.5,8.8,8.9,8.6,8.4,8.9,9,9.9
20-03-22,0,0,0,0,0,0,0,0,0,0,0,0,58,76,63,74,58,64,82,64,61,72,71,61,28,27,26.8,25.9,26.7,27.1,26.4,27.2,27.3,26.5,27,26.8,9.7,9.1,9.4,10.2,9.2,10,10.2,9.8,9.3,10.6,9.7,10.3
21-03-22,0,0,0,0,0,0,0,0,0,0,0,0,69,79,76,78,66,81,84,70,60,76,77,61,26.6,26.6,25.4,27.3,26.2,26.1,26.2,26.7,27.3,26,26.6,26.1,8,9.7,7.6,10.3,9.3,9.6,10.2,9,9.6,8.7,10.2,9
22-03-22,0,0,0,0,0,0,0,0,0,0,0,0,75,80,75,73,71,85,87,75,70,80,82,57,27.1,26.5,26.6,28.5,26.9,25.9,25.5,27.2,27.7,26.9,27.5,26.3,7.4,8.5,8.4,8,8.4,8.3,9.7,8.3,8.7,8.5,9.5,7.8
23-03-22,0,0,0,0,0,0,0,0,0,0,0,0,73,81,74,78,72,76,84,77,67,76,83,65,29.2,27.8,28,28.1,28.1,27.5,26.4,28.3,28.8,29,28.6,28.5,8.4,6.3,8.3,8,6.9,8.2,7.6,8.4,8.1,8.3,8.7,9.3
24-03-22,0,0,0,0,0,0,0,0,0,0,0,0,75,81,82,78,78,80,86,80,74,78,83,68,28.6,27.8,26.9,27.7,27.2,27.8,26.9,27.7,27.9,28.5,27.8,28.1,8.1,6.8,6.5,8.6,5.7,6.2,8.8,5,7.9,7.9,7.8,6.5
25-03-22,0,0,0,0,0,0,0,0,0,0,0,0,77,79,79,78,74,82,84,80,72,76,80,68,28.5,28.1,27.3,28,28,27.5,27.6,28,28.1,28.6,28.2,28.1,4.9,8.5,5.3,9.6,6.9,6.5,6.3,6.1,8.6,8.7,8.4,7.4
26-03-22,0,0,0,0,0,0,0,0,0,0,0,0,77,82,86,83,74,87,90,84,80,83,83,71,28.5,28,27.2,27.7,27.7,27.9,27.4,27.9,28,28.4,28.2,27.4,0,0.9,0.2,3.2,0,0.1,0,0,0.6,0,1.7,0
27-03-22,0,0,0,1,0,0,0,0,0,0,0,0,79,81,82,89,75,87,86,81,76,85,82,71,29,28.2,27.3,27.3,28.5,27.9,27.5,28.6,28.2,28.4,28.3,27.8,2,3.1,4.3,3.7,3.1,0.9,0.7,3.3,1.8,1.3,3.5,2.1
28-03-22,0,0,3,3,0,0,0,0,0,0,0,6,77,82,80,84,72,84,87,79,75,86,86,69,29.5,28.6,26.5,28.1,27.9,28.4,27.9,29,28.3,28.3,28.5,28.2,6.4,5.7,6,8.6,7.7,7.3,2.6,7,7.1,5.8,6.4,8.3
29-03-22,0,0,5,0,0,0,0,0,0,0,0,0,75,81,83,80,78,86,87,83,70,82,82,69,28.6,28.6,26.4,28.3,27.9,28,28.3,29,28.6,28.9,28.7,28.1,5.8,6.1,4.4,9.2,4.1,6.8,7.5,6.4,8.7,7.4,8.3,8.3
30-03-22,0,0,2,0,3,0,0,0,0,0,0,0,72,81,86,79,80,85,88,81,74,84,83,70,29,28.6,27.7,28.5,27.5,28.1,28.2,28.4,28.7,28.6,28.6,27.8,8.1,5.9,3.5,8.8,4.6,6.7,6.5,6,7.8,7.4,8.3,8.6
31-03-22,0,0,0,0,0,0,0,0,0,0,0,0,77,80,85,80,77,83,88,79,68,80,83,70,29.2,28.6,27.7,28.3,28.1,27.8,27.8,28.5,28.7,28.6,28.7,27.6,6.7,7,7.5,9.8,7.8,8.2,8.3,7.7,8.1,9.2,9,7.9
1/4/2022,0,0,0,0,0,0,0,0,0,0,0,0,77,79,84,78,77,83,85,81,66,80,82,69,29.4,28.6,27.9,28.2,28.1,28,28.3,28.6,28.9,28.8,28.7,27.9,8.4,8.1,7.3,9.9,6.9,6.6,9.3,7.6,9.2,8.8,9,7.2
2/4/2022,0,0,0,0,0,0,0,0,0,0,0,0,76,80,82,79,76,80,82,80,69,84,85,70,29.4,28.6,28.2,28.3,28.4,28.2,28.2,28.9,28.7,28.1,28.5,27.8,3.6,5.6,3.3,9.1,3.6,5,8.4,3.6,7.5,5.6,6.5,8.4
3/4/2022,0,0,0,0,0,0,0,0,0,0,0,0,80,79,85,77,75,79,83,80,69,80,80,67,29.1,28.8,27.7,28.6,28.4,28.1,28.2,28.8,28.6,28.6,28.9,28.4,3.1,7.9,7.1,8.7,6.9,7.4,8.9,5.6,5,9.1,8.7,9.1
4/4/2022,0,0,0,0,0,0,0,0,0,0,0,0,71,79,80,76,69,79,88,77,75,77,82,67,29.4,28.8,27.8,29,28.8,28.2,28.5,28.8,28.8,29,28.7,28.9,9.1,4.8,8.5,7.6,8.4,7.8,8.8,8.9,5.3,8.2,6.5,9.5
5/4/2022,0,0,0,0,0,0,1,0,0,0,0,0,75,77,80,75,71,81,84,77,66,78,80,66,29.5,29.2,27.9,29.1,28.9,28.3,28.4,29.1,29.3,29.2,29.1,29.1,7.6,8.8,9,10.3,7.6,8.2,8.2,7.6,9.4,9.2,9.7,8.6
6/4/2022,0,0,0,0,0,0,0,0,0,0,0,0,75,77,81,74,71,80,81,79,66,80,84,69,29.5,28.9,28.2,29,28.9,28.5,28.3,29.1,29.5,28.6,28.4,28.7,9.3,9,7.9,10.6,9.3,8.6,8.9,9.1,9.7,9.2,10,9
7/4/2022,0,0,0,0,0,0,0,0,0,0,0,0,70,76,81,76,71,82,82,77,67,80,82,69,30.4,28.8,28,28.6,28.9,27.9,28,29,29.6,28.9,28.9,28.6,9.3,8.3,9,9.5,9.1,8.9,10,9.3,7.9,9.6,7.8,9.2
8/4/2022,0,0,0,0,0,0,0,0,0,0,0,0,77,78,78,74,70,80,82,78,67,79,83,69,29.4,28.8,27.8,28.7,28.7,27.9,28.1,28.7,29.3,28.7,28.6,28.6,9.3,8.3,8.6,9.1,9.5,9.2,9.4,9.4,7.3,8.6,8.7,9
9/4/2022,0,0,0,0,0,0,0,0,0,0,0,0,76,75,80,74,74,79,77,78,59,79,79,68,29.5,29.2,28.3,28.8,28.5,28.7,28.5,28.7,29.5,29.1,29.2,28.5,9.4,8.9,8.7,9.5,9,8.4,9.4,9.4,9.3,9.5,9,8.7
10/4/2022,0,0,0,0,0,0,0,0,0,0,0,0,77,77,81,74,70,78,75,75,59,74,79,64,29.5,29.6,28,29.4,29.3,29.1,29.5,29.3,29.7,30.2,29.8,29.4,5.4,9.6,7.7,10.4,9.6,9.5,10.1,8.4,8.8,9.4,9.3,8
11/4/2022,0,0,1,0,0,0,0,0,0,0,0,0,80,77,83,75,74,80,79,76,64,78,81,65,29.4,29.5,28.3,29.3,28.7,29,28.9,29.6,29.8,29.8,29.6,29.4,6.2,8.3,5,9,5.5,6.8,8.6,5.3,8.1,7.2,9.3,9.1
12/4/2022,0,0,1,0,0,0,0,0,0,0,0,0,80,75,82,74,72,81,76,79,73,78,78,64,29.4,29.7,28.5,29.6,29.3,28.5,29.1,29.5,29.4,29.6,30,29.5,2.4,7.2,7,9.7,7.4,7,9.1,4.1,7,6.3,10.4,6.9
13-04-22,0,0,0,0,0,0,0,0,0,0,0,0,76,77,80,73,73,78,79,75,70,77,82,66,29.9,29.8,28.5,29.7,28.9,29.1,29.2,29.4,29.7,29.9,29.4,28.9,6.8,2.8,8.1,9.2,8.8,7.6,9.1,8.8,7.5,8.8,8.4,8.9
14-04-22,0,0,0,0,0,0,0,0,0,0,0,0,80,77,81,73,76,76,77,78,65,77,83,66,29.6,30,28.6,30,29,29.8,29.4,29.1,29.9,30.2,29.8,29.1,2,4.9,5.4,7.4,3.8,3,6.2,3.8,4.8,3.7,6.6,3.2
15-04-22,0,0,0,0,0,0,0,0,0,0,0,0,81,80,83,76,78,82,86,80,69,82,85,67,29.8,29.3,28.9,29.4,29,29.3,28.2,29.6,29,29.8,29.2,29.1,4.9,1.9,6.3,4.5,4.2,1.1,0.7,5.3,0.7,1.2,2.6,5.8
16-04-22,0,0,0,0,0,0,3,0,0,0,0,0,80,80,84,76,77,80,82,81,65,82,82,67,29.9,29.8,28.6,29.9,29.2,29.2,29,29.1,30.1,29.8,29.8,29,3.9,7.9,4.1,10,3,5.1,9.7,3.7,7.7,5.3,9.3,7.7
17-04-22,0,0,0,0,0,0,0,0,0,0,0,0,79,79,83,75,77,80,80,79,67,81,84,67,29.8,30,28.9,29.9,29.3,29.4,29.1,29.4,30.2,30,29.7,29.4,6.3,8.4,7.3,9.3,5,7.3,10.7,5.7,8.7,6.6,8.8,8.9
18-04-22,0,0,0,0,0,0,0,0,0,0,0,0,79,80,80,75,74,81,74,79,67,84,86,67,30,29.8,29.1,30.1,29.5,29.1,30.1,29.8,30.4,29.5,29.6,29.9,8.4,7.5,9.2,10.3,9.1,8.9,8.3,8.7,8.9,8,9,9.5
19-04-22,0,0,0,0,0,0,0,0,0,0,0,0,73,81,79,75,72,80,78,79,66,79,83,67,30.8,30,28.9,30.3,29.6,29.4,29.6,29.7,30.4,30,30.3,29.9,8.3,9,9.5,10.6,9.9,8.9,10.4,10.3,9.7,9.2,10.6,8.5
20-04-22,0,0,7,0,6,0,0,0,0,0,2,0,91,86,92,76,85,88,81,91,92,87,95,71,22.5,24.2,21.3,26.8,22.4,26.2,25.1,22.7,22.8,23.7,23.4,24.7,1.8,2.8,0.7,7.4,2.6,8.5,4.8,1.8,1.6,1.3,2.3,1.4
21-04-22,56,39,42,16,22,57,19,54,58,49,31,72,82,79,80,82,76,82,79,85,75,81,86,72,27.4,28.1,27.1,28.1,27.2,28.2,28.4,27.3,27.8,27.5,27.7,27.8,4.7,5.4,8.1,4.3,7.7,7.4,7.7,5,8.7,1.7,7.5,7.7
22-04-22,0,2,0,1,0,0,0,0,0,0,0,0,85,77,82,79,75,82,79,81,72,84,86,73,26.7,29.2,27.1,28.6,27.6,27.7,29.2,27,28.6,27.8,28.6,28.1,6.8,8,6.9,10.6,8.3,6.9,10,8.4,9.4,5.4,8.9,7.8
23-04-22,22,3,2,35,2,12,17,45,4,27,1,3,81,80,82,81,77,84,80,83,73,83,85,68,29.1,29.7,28.4,29.6,28.4,28.9,29.5,28.9,29.1,29.4,29.8,29.4,6.9,8.6,8.8,10.3,8.2,7,8.5,6.5,8.6,5.4,8.1,7.3
24-04-22,0,0,0,0,0,0,0,0,0,0,0,0,82,81,82,80,77,81,81,83,67,80,84,63,30.4,30.2,29.5,30.2,29.8,29.7,29.8,29.5,30.1,30.4,30.3,30,9.5,8.3,8.9,9.7,9,9.6,9.7,9,8.6,8.5,8.5,8.9
25-04-22,0,0,0,0,0,0,0,0,0,0,0,0,82,81,83,80,78,84,77,85,73,82,85,63,30.6,30.1,29.7,30.1,29.8,29.6,30.1,29.8,30.4,30.5,30.4,30.3,8.1,7.7,9,6.2,7.9,8.7,9.6,8.1,9.6,7.8,9.2,8.1
26-04-22,0,0,0,0,0,0,0,0,0,0,0,0,80,78,83,78,78,81,78,83,73,79,84,66,30.7,30.3,29.7,30.2,29.8,29.9,30.2,29.9,30.4,30.5,30.4,30.6,7.5,8.4,7.7,10.2,7.6,9.5,6.4,7.9,9.2,8,8.3,8.6
27-04-22,0,0,0,0,0,0,0,0,2,0,0,0,79,77,82,78,76,78,78,82,67,82,84,66,30.8,30.4,29.7,29.8,29.9,30.1,29.7,30.1,30.7,29.8,30.3,30.6,8.7,9.2,8.2,10,8.8,9.4,8.9,9.5,10,7.5,9.5,8.9
28-04-22,0,0,0,0,0,0,0,0,0,0,0,0,78,79,79,78,76,80,81,81,69,81,83,66,30.9,30.1,30.1,29.9,30.1,30.5,29.5,30.5,30.6,30.2,30.3,30.5,8.4,8.2,8.3,9.9,8.6,9.1,9,8.1,9.8,7.5,7.3,9.1
29-04-22,0,0,0,0,0,0,0,0,0,0,0,0,76,78,79,76,74,79,79,81,71,80,81,68,30.6,30.4,29.7,30,30.1,30.1,29.3,30.2,30.5,30.3,30.5,30.3,8.7,9.3,8.2,10.2,8.6,8,9.4,8.6,9.5,7.7,6.4,8
30-04-22,0,0,0,0,0,0,0,0,0,0,0,0,75,83,78,77,72,78,77,80,68,82,84,66,30.4,29.5,28.1,29.9,29.8,30.1,29.9,30.3,30.2,29.7,30.2,30.6,6.6,8.8,5.1,10.1,6.7,7.8,8.4,5.9,7.9,6.2,0.8,8.6
1/5/2022,0,1,7,0,8,0,0,0,0,0,11,4,65,77,73,75,70,78,79,72,65,80,83,65,30.5,29.9,29.4,30.2,29.3,30,29.5,30.7,30,29.8,29.9,30.6,9.7,8.6,10.6,9.3,9.9,9.2,9.6,10.3,9.1,8.3,8.3,8.5
2/5/2022,0,0,0,0,0,0,0,0,25,0,10,0,72,74,74,74,74,78,74,79,76,80,82,68,28.9,30.6,28.2,30.2,28,29.7,30.3,29.4,27.3,29.9,29.5,30.4,5.6,6,8.2,6.5,6.2,5.3,2.3,5.6,8.1,7,5.8,8.1
3/5/2022,0,0,0,0,10,0,0,0,0,0,0,0,90,83,91,77,88,84,81,93,85,87,87,73,24.8,27.2,24.2,28,23.9,27.6,28.1,25.1,25.9,26.3,27.2,29.5,0,3.2,0.7,6.4,1.4,5.3,4.7,1.5,4.2,1.8,2.6,3.7
4/5/2022,24,16,4,2,5,6,2,25,9,2,11,0,91,88,87,76,83,86,78,91,91,88,90,73,25.4,26.5,25.2,28.1,25.3,27.7,27.9,25.5,24.9,26,26.1,29.4,2.8,1.1,3.2,4,3.1,3.2,0.8,2.3,2.8,0.3,1.7,0.9
5/5/2022,32,19,40,3,4,6,2,21,24,40,53,41,80,82,84,81,74,84,86,83,74,85,89,74,28.4,27.3,27.2,28.4,27.4,26.9,27.1,27.3,27.8,26.6,26.6,26.2,5.7,5.9,6.7,1.9,8.5,6.1,5,6.2,6.5,6.2,6,7
6/5/2022,0,12,17,7,0,5,5,9,1,94,20,22,72,74,82,75,74,77,71,77,68,82,84,73,29.5,29.6,27.4,29.3,28.1,29,29.8,29.1,29.7,29.1,28.9,29.2,8.1,8.3,8.6,8.7,7,7.5,6,9.3,10.4,7.9,9.7,8.9
7/5/2022,0,0,17,0,0,0,0,0,0,0,0,0,78,72,74,71,72,74,75,76,68,80,83,68,30.4,30.1,29.8,30.1,29.9,30.3,29.8,30,30.5,29.9,30.2,30.3,9.1,9.2,8.8,11.1,9.1,9.7,9.7,6.8,10.2,7.9,9.9,6.6
8/5/2022,0,0,0,0,0,0,0,0,0,0,0,0,72,76,75,77,68,72,77,73,78,79,81,67,30.8,30.3,29.4,29.4,30.8,30.7,29.6,30.6,29.4,30.2,30.4,30.4,9.4,9.3,9.8,3.6,10,10.6,7,10.4,6.8,7.1,7.9,7.8
9/5/2022,0,10,0,18,12,11,19,0,5,10,7,76,94,87,91,83,90,93,86,91,91,93,96,87,25.7,27.7,26,27.7,25.7,26.4,27.9,26,26.5,27,26.8,27.1,0,0.3,0,0,0,0,0,0,0,0,0,0
10/5/2022,28,12,3,3,9,56,6,20,25,55,33,84,84,79,91,89,86,86,80,88,92,89,85,82,28.5,28.7,26.5,26.8,27.1,27.9,28.4,27.6,27.1,28.3,28.4,27.4,2.6,1.6,3.7,0,0.9,0.4,0.1,1.9,0,1.7,1.7,1
11/5/2022,0,0,8,9,15,17,2,12,23,17,0,15,87,81,90,85,89,88,82,90,81,90,88,80,28.3,28.8,26.7,27.7,26.4,28.2,28.2,27.2,28.4,28,28.6,27.8,3.4,1.6,2.4,2.4,1.7,0.6,3,0.9,4.5,1.3,2.2,2.3
12/5/2022,10,24,20,68,54,7,12,19,6,14,13,29,88,79,90,82,82,85,82,84,74,84,87,72,28.5,29.3,27.3,28,28.4,28.9,29,29.1,28.8,29,29.1,28.6,5.2,5.6,4.9,5.1,4.4,3.5,6.2,3.3,6,2.1,3.9,5
13-05-22,60,1,18,14,3,0,5,1,0,0,1,0,84,81,88,86,87,80,81,85,80,84,85,66,29.4,29.7,28.4,28.8,28.1,30.1,29.2,29.6,28.7,29.9,29.9,29.3,2.9,6.7,2.4,6.8,0,5.7,3.6,3.5,4.5,1.8,4.9,1.7
14-05-22,5,0,20,4,20,0,4,1,8,0,2,2,78,81,78,81,75,78,76,78,74,82,88,67,30.7,30.4,29.7,30.2,29.9,30.4,29.6,30.5,29.5,30.7,30.1,30,6.7,5.6,7.9,8.7,9.8,7,7.1,8.4,5.8,5.6,5.6,8.9
15-05-22,0,0,0,0,0,0,5,0,0,2,4,0,80,83,82,79,78,82,80,78,72,82,86,71,30.9,30.3,30,30.7,30.2,30.3,30.2,31,30,30.8,30.7,29.9,7.2,9.5,7.8,10.1,8.9,7.6,8,8.9,10.4,7.8,9.7,8.2
16-05-22,0,7,2,0,0,1,9,0,16,0,3,0,81,82,81,79,79,77,80,78,73,82,84,67,31.2,30.6,30.2,30.7,30.2,30.8,30.8,31,30,30.8,30.8,30.6,8.7,9.1,9,11.1,8.9,9.6,9.9,9.8,10.4,8,9.7,8.4
17-05-22,0,7,0,0,0,0,0,0,0,0,12,0,78,82,82,79,79,80,81,79,78,79,86,67,31.4,30.7,30.3,30.8,30.3,30.8,30.6,31.2,30,31.3,30.5,30.4,7,8.7,6.8,10.6,6.8,10,10.2,8.7,7,9.1,8.3,8.6
18-05-22,0,13,0,3,3,0,1,4,26,0,22,10,78,83,81,78,78,79,79,82,91,80,81,67,31.7,30.7,30.4,30.9,30.4,31.1,30.6,30.5,27.4,31.3,30.5,30.5,9.9,8.2,8.5,10.8,7.7,8.6,9.9,8.4,0.9,8.1,7.3,7.7
19-05-22,0,3,0,0,1,0,5,1,23,0,2,8,76,83,80,83,80,82,82,79,75,85,80,72,31.9,30.9,28.2,30.3,29.4,30.7,30,30.4,29.3,30.6,30.6,30.2,8.9,9.4,6.8,8.8,7.6,9.5,10.8,9,9,8.5,10.9,8.6
20-05-22,19,19,39,9,25,1,13,20,8,4,33,20,79,81,80,77,73,84,84,81,76,78,83,76,29.3,28.1,27.7,28.9,28.2,28.5,27.2,28.5,27.1,28.8,27.6,29,9,3.9,7.8,5.8,8.1,5.3,3.1,8.2,4.2,5.3,4.8,6.3
21-05-22,0,9,0,2,0,1,54,1,5,0,7,0,78,83,84,80,82,82,82,83,81,83,85,81,27.6,27.4,26,27.5,25.9,27,27.6,27.2,25.2,27.3,26.1,26.7,4.7,4.4,2.9,6.3,3.8,5.5,1.9,5.3,2.6,4.5,3.5,3.1
22-05-22,20,48,25,13,30,16,23,11,38,47,38,63,74,78,77,78,78,85,78,81,73,82,77,66,30.5,30.2,29.3,29.7,28.6,29.5,30.1,29.7,28.7,30,29.7,29.3,10,9.8,10,11.1,7.9,7.6,10.4,8.9,8.7,7.7,9.7,6.8
23-05-22,0,50,0,0,34,0,4,21,0,22,0,33,75,85,80,83,77,80,82,78,82,81,81,71,30.6,27.4,28.9,28.6,28.6,28.2,28.2,29.1,28.6,28.3,27.9,28.4,10.5,2.4,8.9,1.3,6.7,9.2,0,9.4,0.2,4.4,2.5,3.8
24-05-22,0,5,0,1,0,0,13,0,4,0,2,0,74,83,76,89,76,78,80,74,79,76,84,68,30.9,28.8,29.5,28.1,29.1,29.9,29.1,29.7,28.1,29.8,28.2,29.3,9.4,0.3,7,1.1,7.3,7.8,0.1,5.5,1.1,2.6,0.4,1.6
25-05-22,2,33,0,6,52,10,0,59,4,0,14,5,87,82,88,82,80,85,79,84,76,81,82,70,27.3,29.1,26.4,28.7,27.2,29.2,28.7,27.4,27.8,29.3,29,29.1,4.2,6.8,4.7,7.5,5.3,9.9,6.3,3.8,5.8,7.8,5.6,7.2
26-05-22,17,3,9,8,16,9,2,19,0,7,0,17,83,83,82,79,79,82,78,79,73,82,83,69,27.7,29.3,28.1,29,28.8,29.2,29.6,29.5,28.8,29.9,29.1,29,7.8,8.3,8.8,7.7,7.4,7.5,7.2,9.6,8.4,7.4,7.2,8.5
27-05-22,7,5,0,11,17,0,0,12,54,13,38,8,83,90,87,92,79,91,86,86,77,86,88,76,28,26.8,25.8,25.2,26.4,27.7,26.6,27.2,27.3,27.3,26.8,28,4,2.5,5,0.8,6,0,1.3,4.8,5.2,1.2,4.2,2.2
28-05-22,0,34,30,26,38,29,30,12,1,0,12,0,80,82,85,82,78,87,78,82,79,87,84,73,29.4,29.1,27.7,27.8,28.3,27.9,28.9,28.8,27.3,28.1,28.6,28.3,6.6,4.7,2.1,7.8,4.7,3.7,8.1,2.3,3.6,1.1,3,1.9
29-05-22,0,2,0,1,0,0,0,0,9,5,0,0,92,81,88,80,86,93,79,89,88,85,87,75,26,28,26.2,27.8,26.6,26.7,28,25.9,25.2,28.2,27.2,27.5,1.9,3.1,3,5.8,2,0,4.9,0,1.4,0.6,1.2,3.5
30-05-22,89,3,17,0,23,41,2,62,18,1,6,30,90,91,90,87,84,94,86,90,82,90,90,70,27.7,27.2,27.1,27.7,27.2,26.6,27,27.3,27.2,27.4,27.4,27.8,0.4,0,1.7,1,0.6,0,0,0,1.4,0,0.2,0.3
31-05-22,4,9,3,29,0,75,70,0,0,1,1,0,84,85,83,88,83,86,78,90,80,86,85,71,29.2,28.9,28.8,27.9,28.2,28.8,28.8,28.2,27.9,28.9,29,27.9,3.5,1.1,7.8,4.7,2.1,6.2,5,0.7,3.2,4.2,5,4.5
1/6/2022,0,14,1,31,16,0,2,43,0,0,0,0,82,86,82,85,80,88,80,81,80,83,86,69,29.6,28.6,28.9,28,28.2,27.6,29,28.8,27.7,29.2,28.9,28.3,4.9,5.3,7.4,5.9,4.6,0.6,3.2,3.1,3.7,5.9,3.8,4.4
2/6/2022,0,1,0,42,1,19,7,7,0,0,2,2,87,90,83,92,80,91,89,86,85,86,91,68,29.2,27.8,28.8,26.6,28.4,28.2,27.2,28.4,27.1,28.6,27.8,28.3,1,0,1.9,0,1.5,0.1,0,0,0.2,0,0,0.8
3/6/2022,1,18,0,19,1,5,30,3,20,1,7,0,84,92,86,93,90,86,90,91,84,87,92,72,28.8,27.2,27.6,26.5,26.7,28.3,26.9,27.1,27.1,28,27.2,27.9,0.9,1.8,0.6,4.3,0,0.6,2.8,0.4,3.1,0,1.3,0.7
4/6/2022,0,27,1,90,47,12,31,13,13,9,18,2,84,85,89,87,86,88,82,87,83,84,86,72,29.9,28.2,25.8,26.9,26.2,28.7,28.1,28.8,26.3,28.9,28.1,27.9,4.6,0.4,1.7,0.5,0.2,0,0.9,0,0.4,0.3,0,0
5/6/2022,0,0,31,3,6,0,0,0,83,0,0,3,83,82,85,80,82,90,79,85,75,85,82,68,30.9,29.8,29.3,29.4,29.1,29.5,29.6,30.1,28.9,30,30.1,28.9,8.6,9.4,6.4,10.8,6.3,0.3,10,5.4,7.4,7,8.3,7.6
6/6/2022,0,0,0,3,1,2,0,0,0,0,0,4,80,84,82,82,80,88,76,82,74,84,83,67,31,30.3,30,29.8,30.1,29.9,30.5,30.7,29.4,30.5,30.3,29.5,7.7,8.9,8,9,9.5,6.6,9.5,8.2,8.9,8.5,8.9,8.2
7/6/2022,0,0,0,3,0,0,1,0,0,0,0,0,82,84,87,82,82,85,80,85,72,85,82,64,31.1,30.1,28.3,30.2,29,30.5,30.7,30.5,30.3,30.7,31,30,5.5,8.2,3.6,9.9,7.8,8.6,9.4,5.9,8.3,7,7.2,7.7
8/6/2022,0,0,44,0,19,0,0,6,5,0,0,0,83,84,87,81,86,84,83,81,83,86,87,65,31.2,30.1,29.1,29,29.2,30.6,29.5,31,27.9,30.2,29.5,29.9,1,2.2,1.8,7.4,1.7,0.1,4.1,0.6,1.6,3.9,1.7,3.8
9/6/2022,0,0,0,0,0,0,2,0,12,10,0,0,93,83,90,93,85,91,84,93,78,89,88,73,26.3,27.8,26.2,25.4,26.9,26.6,26.7,26,28.1,26.8,27.6,28.8,7.1,1.4,1,0,1.8,0,0.4,0.4,3.5,0.1,1.8,0.6
10/6/2022,127,0,62,65,2,18,4,69,1,8,7,12,80,83,84,83,78,83,80,79,75,80,84,71,29.4,29.3,28.1,28.3,28.6,28.8,29.1,29.3,28.6,29.5,29.3,28.9,0,3.8,5.1,3.5,0.4,4.8,3.1,5.2,5.8,6.6,2.7,5.4
11/6/2022,0,0,0,0,0,0,0,0,0,0,0,0,80,82,81,80,77,84,80,78,73,81,83,69,30.4,29.9,29.5,29.4,29.6,29.8,29.8,30.2,29.4,29.9,29.9,29,5.8,6.9,7.8,9.7,7.3,1.7,7.2,6.7,8.6,4.9,6,3.7
12/6/2022,0,0,0,0,0,0,0,0,0,0,0,0,80,82,83,81,78,87,78,82,74,83,83,65,31.1,30.4,29.6,29.5,29.4,29.9,30.4,30.5,29.5,30.2,30.3,29.6,5.1,7.8,4.6,9.4,4.3,0.4,10.2,7,3,6.8,6,5.4
13-06-22,0,0,0,0,0,3,0,0,0,0,0,0,82,87,86,85,80,83,82,82,75,87,87,67,31.2,28.7,27.8,29.4,28.1,30.8,30,30.4,28.9,29.5,28.8,28.8,1.2,5.6,0.3,7.2,2,1.7,4.7,4.8,2.8,6.8,3.8,6.1
14-06-22,0,86,19,0,23,0,0,0,9,1,19,44,81,88,89,82,88,90,83,88,78,89,90,73,30,28.2,26.6,28.8,26.4,28.7,28.8,28.4,26.4,28.3,28.2,28.2,0.6,5.1,0.9,5.5,0.8,1,3.6,0,3.8,4,2.6,2.9
15-06-22,0,4,0,16,6,27,9,5,17,20,23,66,87,87,91,89,88,87,84,87,73,90,90,72,29.3,28.2,27.3,27.4,27.9,30.3,28.6,29.7,27.9,28.6,28.2,28.3,0,1.7,0,3.8,0,0,4.7,0,2.2,0.1,0,1.4
16-06-22,14,2,48,23,36,52,42,34,4,19,6,2,89,93,86,94,85,94,91,86,82,94,96,78,28.3,25.9,27,25.5,26.9,27,26.1,28.1,25.7,26.8,25.8,26.4,3.6,0,2.8,0,2.2,0,0,1,0,0,0,0
17-06-22,15,54,3,78,8,71,49,0,11,69,47,41,93,96,93,93,94,98,91,92,85,96,99,92,27.5,25.9,25.8,26.2,25.5,26.5,26.4,27,25.8,26,26,25.6,0,0,0,0,0,0,0,0,0,0,0,0
18-06-22,10,50,15,26,69,92,56,21,97,239,188,188,94,96,92,92,90,94,92,90,85,91,97,86,27,26.8,26.9,27.2,26.2,28.1,27,28.1,25.4,27.9,26.8,25.5,0,0,0,0.1,0,0,0,1.2,0,0,0,0
19-06-22,6,31,7,84,18,14,59,18,67,31,42,75,97,98,94,96,96,94,95,94,85,95,98,84,26.3,25.6,26.3,25.7,25.8,28.2,26,27.1,25.3,26.8,25.6,25.5,1.3,0,0,0,0,0,0,0,0,0,0,0
20-06-22,15,242,65,88,126,31,115,35,175,123,291,185,96,92,92,92,95,89,92,89,78,91,95,84,25.9,26.5,26.3,25.9,25.9,27.9,26.5,27.2,26,27.4,26.4,26,0.3,0.7,0.2,0.3,0.4,0.6,0,0.8,0.5,0.7,0.2,0
21-06-22,59,20,8,13,11,62,8,8,16,45,33,38,89,89,88,95,90,91,93,89,73,91,93,80,28.1,27.2,27.4,26.1,26.8,27.9,26.3,27.5,27.2,27.5,26.7,26.9,3.5,0,3.4,0,0.4,5.7,0,1.9,2.1,1.5,0,2.6
22-06-22,19,22,0,101,9,71,128,12,0,29,19,27,87,84,83,86,79,92,76,84,74,87,86,72,28.4,28.6,28.1,27.5,28.2,27.2,27.6,28.1,27.1,27.9,28.2,27.9,3.7,6.8,9.2,8.6,10.5,1.3,8.1,5.3,3.8,4.4,5.5,2.1
23-06-22,13,0,0,0,0,9,0,0,2,2,0,0,83,84,87,82,80,86,80,82,73,85,83,71,29.1,29.1,28.1,28.4,28.1,28.9,28.5,29.1,27.5,28.9,28.8,28.5,4.3,9.2,0.9,8.9,6.8,3.3,8.8,5.8,6.4,9.9,9.7,7.6
24-06-22,0,0,0,7,8,0,0,0,0,18,0,0,81,86,90,87,82,89,81,83,69,87,87,73,29.3,28.4,28,26.9,28,28.1,28,29.2,27.7,28,28.2,28.1,6.3,2.4,7.5,5,7.2,9.2,0,9.1,4.5,3.4,3.2,4.3
25-06-22,0,0,7,1,0,20,0,2,1,4,1,3,88,84,86,81,78,87,81,86,67,83,84,70,28.5,29.1,28.3,28.7,28.7,28.4,28.7,28.6,28.5,29,28.9,28.6,4.6,6.3,7.5,8.3,9.4,4.1,3.8,5.5,7,8.7,6,6.5
26-06-22,10,0,0,0,0,12,0,11,5,0,0,0,80,81,82,80,76,88,80,83,60,82,81,64,30.1,29.9,29.1,29.2,29.5,29,29.2,29.5,29.7,29.7,30.1,29.8,9.5,8.9,6.7,10.5,11.3,6.1,9.7,6.7,9,10.9,10.3,7.8
27-06-22,1,0,5,1,0,3,0,9,0,0,0,0,83,81,82,82,73,86,80,78,67,82,82,64,30.1,30,29.6,29.5,30.3,29.7,29.4,30.7,28.7,30,30,29.8,7,9.5,9.4,7.2,10.9,8.6,9.6,11,7.5,10.6,10.1,8.5
28-06-22,3,0,0,2,0,1,0,0,2,3,8,16,83,83,82,86,78,91,82,83,73,86,86,63,29.7,29,28.9,28.1,28.9,28.4,29.4,29.4,28,29.1,28.9,30,6.5,7,6,5,4.6,11.4,3.5,3,3.7,5.3,6.2,6.3
29-06-22,0,2,0,14,4,7,2,0,9,13,4,0,92,89,92,86,91,94,82,95,72,92,88,66,28.1,28.3,26.9,27.6,26.5,28.1,29.3,26.8,27.6,28,28.3,29.1,0,1.7,0,1,0,1.7,5.3,0,3.7,0.1,1.9,0.4
30-06-22,12,9,24,16,72,27,1,38,1,20,2,15,96,85,93,82,90,93,83,92,74,90,83,75,27.3,29.3,27.4,28.3,26.9,28.2,28.4,28,27.8,28.5,29.2,27.8,0,3.9,0,6.6,0,0,0.1,0,1.9,1,3,0.8
1/7/2022,18,1,3,0,43,17,5,11,6,44,0,8,87,83,86,89,80,91,84,86,74,87,87,72,29,28.9,28.5,26.8,28.4,28.3,28,28.7,28.7,28.6,28.5,28.1,3.7,4.5,5.2,0,7.1,4,2.6,4.5,1.5,4.4,4.4,3.1
2/7/2022,2,0,0,6,0,10,1,0,10,1,0,0,83,81,79,91,75,92,85,84,71,86,84,69,29.3,28.8,29.1,26.7,29,27.5,27.9,28.9,28.9,28.8,28.8,28.9,8.3,7.4,10.7,0.1,11.4,3.4,1,8.8,8.3,7,6.3,6.1
3/7/2022,0,0,0,15,1,24,2,1,8,0,1,3,93,80,84,84,76,89,80,84,71,83,83,68,28.4,29.7,29.3,28.5,29.4,28.8,29.6,29.5,28.3,29.6,29.7,29.2,2,5.3,7.1,8.2,10.5,2.8,6.4,6.3,6.8,9.9,6.4,5.5
4/7/2022,14,0,0,0,1,0,0,0,0,1,0,6,89,79,82,83,75,85,80,82,64,84,84,63,29.2,29.9,30.1,29,30,29.5,29.9,30.1,29.8,29.7,29.7,30.1,3.6,10.4,10.3,10.2,12,4.6,9.7,8.6,10.7,12,9.7,8
5/7/2022,7,7,3,0,8,18,1,12,41,67,4,65,85,84,83,82,80,84,78,81,73,82,83,65,29.6,29.3,29.5,28.7,29.2,29.3,29.2,29.7,28.9,29.5,29.2,29.6,1.7,6.5,5.8,4.5,5.9,8.9,1.4,7.6,6.5,6.1,7.2,6.4
6/7/2022,7,9,2,0,2,5,5,5,22,9,7,3,84,76,85,79,75,86,79,83,68,83,82,64,29.5,30,28.8,29,29.4,29.2,29.1,29.5,29.6,29.7,29.8,30.1,5.7,7.2,3.8,7,3.5,9.3,6.6,7,7.5,7.3,6.2,4.6
7/7/2022,5,0,2,1,2,0,0,6,0,1,0,0,81,78,85,83,77,85,79,84,67,83,80,62,30.3,30,29.4,29,30.1,29.4,29.5,29.3,29.6,29.9,30.2,29.9,6.1,9.1,6.8,6.3,9.7,9.7,9.4,8.1,11.3,10.9,10.3,9
8/7/2022,1,2,5,0,2,0,0,14,0,52,0,0,81,78,82,81,82,87,79,84,65,85,82,65,30.3,30.1,29.3,29.1,28.9,29.2,29.8,29.6,29.5,29.4,30.2,29.6,5.1,9.5,3,11.3,2.3,7.8,10.5,5.1,7.9,7.8,9.5,6.9
9/7/2022,0,0,0,1,0,6,0,0,4,1,1,0,80,77,78,79,76,81,75,79,65,80,83,65,30.5,29.9,30.2,28.8,29.9,29.8,30.3,30.3,29.8,29.8,29.7,30.1,10.2,7.8,11.3,10.7,11.7,10,9.7,10.2,7.8,9.8,7.5,8.9
10/7/2022,0,1,0,0,0,0,4,0,0,0,0,0,76,78,77,82,75,80,78,68,67,80,83,64,31,30.1,30.4,28,29.9,29.7,29.4,30.8,29.3,30,29.9,30.1,11.2,10,11.7,6.6,11.7,8.9,10.3,12.6,10.9,11.2,8.5,7.2
11/7/2022,0,0,0,0,0,15,0,0,33,3,0,0,78,75,80,79,74,84,77,83,68,81,79,65,30.2,30.1,29.3,28.5,29.3,29.2,29.6,29.1,29.1,29.7,30,29.5,6.9,6.7,7.5,9.7,7.6,8.2,8,4.7,7.4,9.4,7.7,7.6
12/7/2022,0,0,0,0,0,1,0,3,1,0,0,0,74,74,77,77,73,81,77,76,63,76,81,59,30.8,30.5,29.9,29.3,29.8,29.8,29.7,30.6,29.5,30.2,30.6,30.5,10.4,10.1,10.7,11.7,10.8,11.2,10.9,12.2,9.7,11,10.1,7.8
13-07-22,0,0,4,0,2,1,0,0,50,0,0,0,74,74,77,77,74,80,75,77,60,78,81,62,30.9,30.9,30.4,29.3,30.2,29.6,30.1,30.7,30,30.1,30.6,30.3,9.6,9.6,11,11.1,11.4,11,10.7,11,10.5,10,10.3,8.9
14-07-22,0,0,0,0,0,0,0,0,0,0,0,0,73,77,79,77,75,78,75,75,56,77,86,58,31.5,30.2,30.5,29.7,30.5,30,30.3,30.9,29.9,30.7,30,31,11.2,9.3,12.2,8.9,11.1,11,11.4,12.2,11.4,10.2,9.6,9.8
15-07-22,0,7,6,0,5,0,0,1,2,0,11,0,76,77,82,76,76,83,74,77,60,78,82,66,30.9,30.4,29.8,29.3,29.9,29.7,30,30.8,29.4,30.7,30.5,29.8,9.7,6.5,9.9,8.4,9.5,9.6,6.9,8.8,9.9,7.9,7.4,9
16-07-22,0,1,7,0,0,0,0,0,5,0,0,0,75,74,78,76,75,82,76,74,57,75,80,63,31,30.8,30,29.4,29.9,29.4,29.9,30.8,29.9,30.5,30.5,30.3,10.5,9.4,8.9,11.1,9.1,11.1,12,11.3,10.1,10.6,9.6,3.6
17-07-22,0,0,0,0,1,6,0,0,86,0,0,0,76,75,76,79,76,84,75,80,56,78,83,61,30.9,30.4,29.9,29.2,29.9,29.3,30.2,30.2,29.5,30.2,30.1,30.3,10.5,8.1,11.2,10.2,11.5,8,10.1,9.1,8.7,9.7,8,6.2
18-07-22,0,0,0,4,0,0,13,0,2,1,0,0,87,85,84,84,81,87,84,85,62,82,88,68,29.3,29.3,28.8,28.8,28.9,29.1,28.7,29.5,29,29.9,29.1,29.5,3.8,3.5,4.7,9.7,3.5,1.1,6.5,2.7,2.1,3,2.5,5.2
19-07-22,5,4,4,1,8,7,4,9,14,6,1,55,85,86,86,86,86,88,83,84,57,85,90,69,29.7,29,28.5,29.1,27.9,29.3,29.4,29.4,29.2,29.5,28.8,29.3,7.9,6.2,5.5,8.1,2.8,7.3,9.9,4.3,6.7,8.8,5.7,7.9
20-07-22,0,65,0,5,80,35,39,0,6,25,107,37,88,93,87,90,88,90,91,90,70,90,95,72,28.8,27.5,28.2,27.3,27.7,28.4,28.1,28,27.3,28.2,27.4,28.5,1,1.1,3.6,0.4,1.6,1.4,0,0.2,1,0,0,2.8
21-07-22,30,94,0,40,56,24,33,29,18,4,48,9,86,81,80,84,75,89,81,80,64,84,87,65,29.3,29.4,29.7,28.5,29.8,29.3,29.1,29.8,29.2,29.7,29.4,29.6,8,7.7,9.7,7.7,11.4,9.8,7.4,8.4,6.8,10,7.9,8.7
22-07-22,15,0,1,4,0,3,0,0,1,19,0,0,81,82,82,85,77,88,84,77,60,87,88,67,31,29.8,30,29,30,29.5,29.3,30.3,29.3,29.9,29.6,29.4,9.1,5.4,7.3,6.9,7.9,4.5,5.9,7.1,5.9,5.7,2.4,2.7
23-07-22,0,2,1,11,0,17,33,0,3,2,5,0,83,92,86,93,86,96,89,88,71,90,95,70,29.7,27.1,28.8,26.5,28.2,27.7,27.8,28.5,27.8,28.2,27.2,28.9,2.4,0,4.7,0,3.7,0,1,1.1,1.9,0.5,0.1,0.7
24-07-22,0,42,11,53,29,35,40,26,25,10,25,4,92,93,93,92,87,99,89,88,69,94,98,76,27.1,26.3,26,26.2,26.6,25.9,26.9,27.1,26.7,26.3,25.8,26.9,0.2,0,0,1.1,0,0,0,1.3,1.3,0,0,0
25-07-22,20,23,17,19,12,68,12,19,29,37,30,9,89,85,92,87,83,86,82,86,67,88,91,70,28.1,27.8,26.7,27.6,27.7,28.7,28.4,28.1,26.9,27.9,27.6,27.9,0.6,0.3,1,1.6,1.8,0,1.3,0.2,0.3,1.2,0,1.7
26-07-22,1,0,32,0,23,8,0,16,16,18,5,6,92,78,92,79,89,90,80,92,59,90,89,71,27.5,29.2,26.2,29.2,26.2,27.8,29.1,26.8,27.9,27.4,28.3,28.4,0.6,5.2,2.6,11.1,1.5,1.1,8.5,1.6,7.1,3.4,5.6,3.8
27-07-22,3,0,32,0,22,0,0,11,0,0,0,0,73,73,82,77,78,81,77,79,62,84,83,65,31.2,30.3,29.5,30,29.2,29.8,29.5,29.9,29.3,29.3,29.9,29.6,10.7,10,9.5,11.9,9.2,8,11.7,8.1,9.2,9.5,8.9,7.9
28-07-22,0,0,0,4,0,0,0,0,0,0,0,0,77,89,87,80,83,84,83,84,77,88,94,63,30.8,28.8,28.9,29.7,28.8,29.8,29.4,29.5,28.3,29.2,28.4,30.3,6.5,1,3.2,0,4.6,5.7,5.4,4.1,2.6,4.4,1.1,3.5
29-07-22,0,13,5,0,0,3,3,0,3,15,8,0,83,78,87,80,85,86,80,87,64,84,87,61,30,30.7,29.1,30.2,28.7,30,30.2,28.9,29.8,30.1,30,30.5,2.6,9.9,5.6,11.3,6,6.5,11.4,3.6,10,9.3,8,6.5
30-07-22,1,0,9,3,18,0,0,42,0,0,0,0,76,76,83,81,77,85,80,79,68,80,84,61,31.2,30.7,29.8,29.8,29.9,30.3,30.3,30.5,29.7,30.3,30.5,30.5,8.2,7.1,6.5,8.8,9.4,10.3,7.7,9,6.9,11.3,8.3,8.7
31-07-22,0,0,0,0,0,0,18,0,0,0,18,0,76,78,84,80,83,86,81,79,71,82,88,63,31.1,30.6,29.6,30.2,28.7,30.2,29.9,31,29.5,30.5,29.7,30.3,5.6,8.6,4,10.4,7.4,6.6,8.4,8.5,4.8,8.4,5.7,7.8
1/8/2022,0,4,0,0,21,9,0,0,0,0,18,0,84,82,87,84,85,91,81,83,74,87,89,63,29.9,29.9,28.5,29.2,28.5,28.9,30.2,30,29.3,29.5,29.4,30.1,0.7,5.5,1.8,5.5,4.5,1.4,8.9,2.2,5.3,3.6,3.3,6.1
2/8/2022,0,1,9,25,32,1,0,3,0,1,13,0,86,77,86,81,84,88,79,83,68,84,87,63,30,30.4,29,29.8,28.6,30.1,30.4,29.9,29.6,30.5,29.9,30.4,3.1,8.6,4.5,7,5.5,5.3,8.6,6.9,9.2,6.1,4.7,7.4
3/8/2022,7,14,6,85,106,12,13,35,55,10,6,45,85,84,87,89,81,91,87,84,73,87,87,65,29.8,29.2,29.5,27.5,29.3,28.6,28.4,29.4,29.2,29.4,29.2,30.2,3,3.6,5.3,2.7,0,2.1,7.9,3.3,3.1,5,2.8,5.6
4/8/2022,0,4,0,24,0,13,28,3,0,1,2,0,81,78,84,83,76,87,81,83,74,81,87,64,30.3,29.9,29.5,29.1,29.9,29.3,29.2,29.6,29,30.1,29.4,29.8,6.7,2.8,6.7,7,8.7,9.9,5.2,8.1,10.7,7.8,2.2,5.7
5/8/2022,3,0,0,4,4,0,0,27,4,1,5,0,84,80,79,83,76,85,79,82,70,83,85,64,30.2,29.9,30.4,28.9,30,29.6,29.7,30.2,29.3,29.7,29.4,30.1,8.1,7.5,9.8,9.1,10.5,9.9,8.8,9.3,8.9,8.1,2.7,7.7
6/8/2022,1,6,5,0,2,14,0,0,5,2,19,7,88,87,83,81,80,85,81,82,70,84,87,64,29.2,28.7,29,28.8,29.1,29.4,28.9,29.5,28.8,29.4,28.7,30.1,4.7,5.6,6.2,7.8,5.6,6.2,6.4,6.5,5.1,5.7,5.5,4.3
7/8/2022,8,13,5,4,0,30,2,0,6,1,5,0,78,83,81,82,74,87,81,77,71,80,87,65,31,29.5,29.6,29,30,29.2,29.5,30.2,29.5,30,29.3,29.8,10.4,10,10.1,9.3,10.5,10.7,0,11.1,9.8,11.1,8.5,8.1
8/8/2022,0,3,4,2,13,14,1,12,18,3,11,5,80,81,81,90,81,81,81,79,75,83,87,70,29.8,28.9,29.4,26.9,28.3,28.9,28.9,29.3,28.7,29,28.4,28.7,8,5.7,8.3,2.9,4.9,6.2,4.9,5.1,8.8,6.7,3.8,4
9/8/2022,0,4,0,14,0,17,3,4,6,7,8,0,82,78,78,87,73,87,81,85,66,79,78,71,28.6,28.6,28.9,27,28.7,28.3,28.2,28.4,29.1,28.9,29.2,28.6,7.4,7.5,8.7,1,9.4,5.2,2.7,9.1,8.5,9.3,8.4,6.8
10/8/2022,1,1,0,5,0,30,0,5,0,1,0,0,86,77,79,91,77,93,82,87,67,83,83,72,27.6,28.7,27.7,26,27.7,26.9,27.3,27.4,28.3,28.1,28,28.1,0.6,1.7,1,1,0,0.8,2.3,0,2.2,1,2.1,0.6
11/8/2022,7,2,0,39,0,56,0,28,1,4,1,0,85,79,80,92,80,94,87,88,66,87,86,72,28.5,28.5,28.3,26.2,28,27.1,27.2,27.8,28.6,27.9,27.7,28,7.1,4.7,10.3,1.3,9.1,0,3.2,3.2,5.4,4.5,4.1,6
12/8/2022,7,0,4,64,1,40,17,1,1,0,3,0,84,83,85,86,78,89,81,85,70,84,84,70,29.8,28.9,28.7,27.6,28.9,28.5,28.7,28.8,28.7,28.7,28.9,28.5,6.9,7.9,8.2,8.1,10.4,6.3,0,5.3,6.8,6.3,6.9,7
13-08-22,2,0,5,1,8,5,0,8,9,1,1,3,87,81,89,86,80,89,81,81,70,79,81,67,28.8,28.8,28.2,27.3,28.6,27.9,28.1,28.4,28.7,28.9,29,29,3.1,3.5,1.6,4.7,3.9,2,3.6,4.2,2.4,1.9,1.3,1.5
14-08-22,3,0,4,16,0,21,4,0,0,0,0,0,91,82,84,90,77,92,87,86,70,86,84,68,27.5,28.3,28.7,26.8,28.9,27.6,27.6,27.8,28.6,28,28.4,28.9,0.1,0.5,4,0.9,3.5,0,0.6,0.2,3.3,0,1.2,3.4
15-08-22,14,2,0,14,0,17,8,8,0,5,1,3,89,79,91,81,82,90,81,88,77,85,82,66,28.6,30.1,27.2,29.1,28.6,28.4,29.5,28.3,28.8,29.5,30,29.8,1.6,8.4,3.8,9.2,4.3,5.1,8,1.5,7.1,0.9,9.3,5.2
16-08-22,6,9,16,0,0,19,0,35,0,1,4,0,83,85,85,84,83,90,79,78,77,87,86,67,30.5,29.6,29.4,29.1,29,29,29.4,30.3,29.4,29.3,29.7,29.5,7.8,6.5,5.3,8.1,3.9,8.7,9.5,8,6.2,3.8,6.3,6.6
17-08-22,0,12,1,6,13,0,2,0,0,0,0,3,83,78,84,82,79,85,82,78,75,84,83,63,31.1,31.2,30.1,30.3,30.3,30.3,30.8,30.4,30.9,30.8,31.1,30.4,8.1,6.8,6.6,8,9.6,10.8,9.5,8.3,8.7,8.5,6.9,8.8
18-08-22,1,0,0,0,0,0,0,0,0,0,0,0,80,74,82,73,84,78,78,80,76,84,79,64,31,31,30.3,30.1,28.8,30.9,30.5,30.2,30.6,30.4,31.1,31.1,8.2,8.4,7.4,5.2,7.9,9,10.1,8.8,9,8.1,9,7.9
19-08-22,25,0,28,2,138,9,0,49,37,2,0,4,81,78,77,88,78,89,84,79,74,79,79,72,29.3,29.1,29.2,27.3,28.8,27.8,28.1,28.8,28.9,28.9,29.1,28.7,3.7,0.3,2.9,0,1.8,0,0.2,1.1,4.5,0.7,0.8,0.8
20-08-22,2,0,1,12,0,12,2,2,0,2,0,2,82,81,81,83,81,86,79,83,73,83,82,70,29.6,29.8,29.2,28.7,28.7,29.2,29.4,29.3,29.4,29.6,29.8,29,7.5,7.8,9,11.1,8.4,8.6,9.9,8.1,8,6.5,7.8,9.4
21-08-22,0,1,0,0,0,32,2,0,0,2,3,2,81,80,83,84,76,88,81,82,73,82,82,64,30.6,29.8,30,29.4,30.1,29.2,29.8,30.4,29.2,29.9,30.2,30.1,9.1,10.5,10.3,9,10.4,8.1,9.4,9.5,9.6,9.7,9.4,8.9
22-08-22,1,3,0,1,0,0,0,7,0,2,9,12,82,82,83,87,80,88,83,82,82,88,85,65,30.7,29.7,29.7,28.3,29.4,29.9,28.6,30.2,29.1,29.5,29.4,30.1,6.7,7.2,6.2,6.9,6.6,9.1,8.4,5.3,6.3,5.1,6.9,6.2
23-08-22,44,2,9,6,62,22,7,64,96,36,5,21,88,77,87,80,79,86,76,81,85,76,75,68,28.8,29.6,28.5,28.3,29,29,28.9,29.4,28.3,29.8,29.3,29.3,4.1,8.3,7.7,10.4,8.5,6,1.3,7.4,7.5,6.6,7.8,4.1
24-08-22,1,0,2,0,3,18,0,0,5,0,0,7,89,79,84,80,81,95,78,87,79,90,79,68,28,29,27.6,28.9,27.7,27,28.8,27.6,28.2,27.2,28.8,28.8,6.6,5.4,9.6,9,6.4,2.5,7.2,5.5,7.8,1.9,5.5,3.1
25-08-22,3,0,0,0,0,35,1,13,0,3,0,0,79,76,81,81,78,85,78,80,74,82,76,68,30.5,30,29.7,29.6,29.5,29.2,30,30.1,29.6,29.7,30.3,29.3,8.7,10.3,10,10.6,8.4,9.9,11,8.7,9.8,9.3,9.6,8.2
26-08-22,0,0,0,0,0,0,0,0,1,1,0,0,79,83,83,80,80,90,81,81,85,86,84,68,31,29.2,29.6,29.2,29.4,29.1,29,30.1,28.1,29.4,29,29.3,7.1,0,3.4,1.4,6.1,0.9,0,3.1,2.3,0.9,0.3,1.9
27-08-22,0,0,0,1,0,0,0,0,17,0,0,5,83,91,86,85,86,94,88,87,89,92,89,73,29.4,26.5,28.1,26.8,27.9,27.7,26.6,28.5,26.1,27.7,26.3,28,2.2,0,0.4,0,0,0,0,0,0,0,0,0
28-08-22,0,35,0,3,0,23,7,7,11,17,33,4,85,76,84,81,81,88,81,89,77,86,80,70,28.8,30.1,28.4,28.8,28.2,28.7,28.8,27.6,28.4,28.9,29,28.8,3.3,6.8,6,9.5,5.8,7.1,7.8,0.2,5,6.7,7,8.1
29-08-22,8,0,0,0,0,0,0,3,73,0,5,0,78,77,78,80,77,84,81,81,76,85,82,62,30.8,30.1,29.9,29.7,29.9,29.5,29.2,30,29.3,29.6,29.4,30,9.6,6.9,9.6,10.7,9.8,8.6,6.8,8.2,9,8.5,7.7,7.8
30-08-22,0,0,0,0,0,0,0,0,0,0,0,0,75,77,77,84,74,89,83,77,76,83,81,61,31.3,30.4,30.2,29.2,30.2,28.9,29.1,30.6,29.2,30.1,30,30.5,9.9,8,10.5,6.4,10.2,6.6,9.8,11.6,7.1,7.6,8.5,9
31-08-22,0,0,0,0,0,0,0,0,0,0,0,0,75,80,79,83,72,87,80,78,72,86,82,64,31.4,30.1,30.5,29.4,30.8,29.7,29.9,30.9,29.4,29.6,29.8,30.3,9.8,7.9,10.4,7.4,10.6,7.9,6.5,9.9,6.9,11.2,7.3,5.8
1/9/2022,0,14,0,0,0,2,0,0,0,11,37,8,80,80,88,82,82,87,82,85,74,88,86,63,30.8,29.7,28.9,29.7,29.3,29.6,29.3,30.1,29.1,29.5,29.1,30.1,5.8,5.7,2.4,9.4,4.1,4.2,7.8,1.5,3.1,2.1,3.9,2.2
2/9/2022,0,6,14,1,0,2,12,0,25,56,42,8,86,85,90,87,89,92,85,92,72,87,87,70,29.1,28.5,27.9,28.1,27.3,28.4,28.2,28,28.4,29,28.3,28.8,1.7,3.9,3.3,5.5,1.9,3.5,1.7,1.7,7.4,4.8,3.5,0
3/9/2022,0,17,0,0,80,12,4,11,0,27,21,119,86,84,87,79,86,89,84,86,72,87,82,68,29.5,29.4,28.6,29.8,28.1,29.1,28.5,29.3,28.6,29.5,29.2,29,5.8,8.5,5.8,10.9,7.4,8.3,0,5.7,5.5,7.3,9.5,8.1
4/9/2022,4,50,0,2,14,3,7,32,23,8,53,15,89,87,93,85,89,93,89,88,70,91,87,69,28.6,28.7,27.3,28.9,27.5,28.1,27.8,29.1,28.3,28.3,28.5,29,1.3,3.5,2.2,5.9,2.8,1.7,2.7,1.3,4.9,1.4,2.9,3.9
5/9/2022,9,49,25,7,48,2,3,2,4,16,58,12,84,88,90,93,89,92,85,91,77,94,90,71,29.6,28.1,28.2,27.1,27.4,28.1,28,28.3,28.3,27.7,27.9,28.5,3.6,0.2,2.9,0.1,0.5,0,3.3,0.4,2.4,0.1,0.8,0.4
6/9/2022,0,7,7,40,32,0,1,5,12,79,8,4,88,81,86,84,86,90,82,87,67,88,83,66,29.5,30,29,29.6,28.3,28.9,29.6,29.6,29.6,29.2,29.7,29.6,4.7,9.2,4.8,10.7,1.4,4.3,7,2.9,8.6,6,8.4,2.8
7/9/2022,0,0,13,1,6,2,0,0,0,1,0,0,87,83,89,84,84,90,79,85,70,88,87,64,29.8,30.5,28.1,29.3,29,29.6,29.9,30,29.7,30.1,30.1,30.4,5.3,7,7.7,5.7,5.4,5.8,6.4,5,6.9,6,6.7,6.6
8/9/2022,11,5,38,26,0,18,0,0,0,0,41,6,75,79,81,81,80,88,81,79,68,86,83,63,31.3,30.9,30.7,29.5,30.6,29.6,30.4,30.9,30.1,30.8,30.2,30.6,8.7,7.2,10.1,8.8,8.8,9.3,9.7,9.5,9.2,9.3,6.8,9.1
9/9/2022,2,20,32,0,51,0,0,11,0,57,65,42,83,81,82,85,87,88,83,86,73,84,83,62,29.9,29.4,29.4,28.4,27.7,28.9,29,28.9,28.9,29.9,29.2,30.4,8.4,7.6,10.2,3.8,7.4,9.6,4.5,7.1,5.7,9.1,7.7,8.2
10/9/2022,2,0,2,4,62,3,0,2,24,2,0,0,90,86,89,88,88,89,87,89,76,87,86,71,28.7,28.3,27.8,27.3,27.5,27.7,27.5,28.1,27.9,28.5,28.3,28.6,2,5.3,5.9,4.7,3.7,6.1,0.7,3.3,5.1,5.5,4.7,1.4
11/9/2022,35,13,1,78,14,0,67,28,11,19,15,17,92,84,84,90,89,87,86,91,75,90,85,71,27,27.7,27.4,26.4,26.5,28.1,27,26.9,26.9,27.8,27.3,28,0.5,3.6,4.4,1,2.5,1.2,0.5,2.1,2.7,3.8,2.9,3.2
12/9/2022,10,10,9,54,23,0,34,11,13,30,6,22,96,91,89,94,90,88,89,96,73,94,92,76,26,26.7,26.5,25.8,25.8,28.1,26.4,25.7,26.6,26.7,26.5,26.8,0,0.6,0.6,0,0.3,0,0,0,0.7,0,0.3,0.2
13-09-22,6,5,12,87,58,0,50,41,6,33,4,43,98,94,95,94,95,90,87,98,75,98,96,81,25.4,26.1,25.4,25.7,25.1,28.3,26.5,25.1,26.6,25.8,26,26.3,0,0,0,0,0,0,0,0,0.1,0,0,0
14-09-22,63,93,25,62,41,0,57,66,16,89,89,97,96,93,95,91,88,87,89,93,79,95,93,76,26.2,26.1,26,26.1,26.3,29.1,26.2,26.5,25.5,26.2,26.1,26.9,0,0,0,0,0,0,0,0,0,0,0.1,0.6
15-09-22,11,22,17,3,0,0,4,0,4,10,7,2,96,85,89,86,90,85,84,89,67,89,84,69,26.7,27.8,27.4,27.4,26.3,28.6,27.8,27.8,28.1,27.8,28.1,28.6,3.1,5.9,5.8,8,2.1,4,3.6,4.2,8.3,5.7,9,7.9
16-09-22,14,13,0,1,29,0,0,0,0,1,20,0,87,83,91,85,88,79,83,91,68,88,86,68,28.8,28.5,27.6,28.7,27.4,28.4,29.1,27.9,28.6,28.2,28.1,29,2.6,5.4,1.5,7.5,0,1.8,7.5,1.7,5.9,2.2,7.8,4.2
17-09-22,0,0,3,0,0,0,41,0,0,0,1,0,86,82,83,85,80,87,83,83,66,85,82,68,29.7,29.6,29.9,29,29.1,28.9,29.3,29.6,29.4,29.4,29.6,29.3,7.3,8.6,6.9,9.6,9,7.1,9.6,7.7,8.3,5.6,6.6,6.2
18-09-22,0,0,1,5,99,3,2,9,1,16,1,87,89,82,87,85,84,90,81,88,70,86,84,67,28.8,29.5,28.6,29,28.6,28.6,29.6,28.1,28.7,29.6,28.9,29.9,3.1,7.5,4.6,7.5,6.5,6.3,7.3,3.9,5.9,7.4,8.4,7.9
19-09-22,9,41,18,2,15,25,14,13,19,24,22,6,79,83,80,84,82,88,79,82,72,81,77,67,29.5,28.5,29.2,27.8,28.5,28.3,28.9,29.1,28.3,29.1,29.4,30,6.5,6.4,8.5,7.4,7.9,8.2,8.1,8,7,9,7.2,8.3
20-09-22,0,0,1,8,0,13,0,0,1,0,0,0,81,77,80,84,80,94,81,84,63,82,77,66,29,29.1,28.7,27.6,28.8,27.4,28.6,28.6,29,28.7,28.9,29.5,8.2,8.3,10.1,7.2,9.1,3.1,7.4,6.5,8.6,7.5,8.5,7.1
21-09-22,0,0,0,2,0,20,0,2,0,0,0,0,84,80,84,82,81,91,81,89,70,83,79,65,29.5,29.3,28.4,28.7,28.8,28.6,28.9,28.9,28.4,29.3,29.4,30,8.4,6.7,8.9,9.4,9.5,7.7,7.7,7.5,6.5,9.3,7.2,9.3
22-09-22,1,0,6,0,0,6,0,0,4,35,0,0,88,82,82,81,80,89,81,85,69,86,79,63,29,29.1,29.2,29,29.1,28.9,29.1,29.5,28.7,29.1,29.3,29.9,5.5,6.4,10.2,9.4,9.5,8.3,9.3,8.9,7.5,10.6,8.3,6.9
23-09-22,20,1,0,0,0,0,1,0,10,30,0,0,85,83,88,80,90,90,82,88,80,86,84,64,29.7,28.7,28.2,28.9,27.2,28.7,29.1,29,27.6,29,28.8,29.8,3.6,1.7,1.8,7.9,1.3,4.4,7.7,2.1,1,7.5,4.5,5.2
24-09-22,0,12,0,6,57,1,19,0,17,4,10,0,84,82,91,81,89,92,83,90,74,88,86,67,29.4,28.7,27.1,29.1,27.3,27.8,28.6,28.3,28.2,28.6,28.4,29.2,3.5,5.2,1,5,1,3,4,0,3.9,3.1,3.7,4
25-09-22,0,4,7,2,0,10,8,0,33,1,9,0,85,81,88,84,84,95,87,89,73,92,88,70,29.2,28.6,28.2,28.6,28.1,27.6,27.9,28.8,27.8,28.4,28.4,28.8,2.5,3.3,4.2,3.5,6.1,2,2.5,1.2,5.3,3.4,3.7,6.1
26-09-22,0,0,0,2,0,20,9,0,19,3,3,5,81,86,84,90,88,96,84,89,77,89,89,69,29.9,28.4,29,27.2,27.3,27.7,28.4,28.8,27.7,28.8,28.2,28.8,4.9,2.4,6.2,4.7,3.7,0.6,4.7,3.5,4.9,2.4,2.2,2
27-09-22,1,0,31,15,15,25,0,0,0,1,0,8,89,82,84,83,84,87,81,90,71,89,85,64,29,29.3,29,29.1,28,29,29.4,28.1,29.5,28.6,29.1,29.8,5.1,6.5,5.7,9.6,7.7,6.7,9.4,2.5,6.1,5.7,6.5,8.8
28-09-22,18,4,0,0,0,0,0,6,0,7,4,0,86,84,84,82,83,89,83,88,68,88,87,63,30.4,29.7,30,30.2,29.3,29.2,29.8,29.3,29.9,29.9,29.7,30.3,5,5.9,4.1,8.1,6.6,5.4,7.9,4.5,7.6,6.2,5.8,5.5
29-09-22,0,0,0,0,0,0,0,0,0,4,4,5,83,81,84,83,79,86,82,82,67,85,85,63,30.7,30.8,30.2,30.3,30.4,30,30.1,30.7,29.9,30.5,30.7,30.5,7,8.7,5.3,10.2,8.8,9.8,9.2,7.9,8.2,8.7,8.6,8
30-09-22,0,0,0,4,0,0,0,0,1,0,0,0,78,91,81,93,83,88,88,84,76,90,92,63,30.7,28.3,30.4,27.4,29.7,29.7,28.5,30.3,28.8,29.2,28.3,30.3,6.2,0.4,7.1,0,4.7,3.5,0,3.9,1.6,4.4,1.6,3
1/10/2022,0,7,0,1,52,7,3,42,0,59,40,0,84,86,86,86,84,92,84,87,73,92,88,66,29.6,28.9,28.2,28.6,27.8,28.7,28,28.9,29.2,28.3,28.5,29.4,4.5,2.4,4.3,3.8,3.3,1.3,6,4.3,3.1,1.1,1.4,8.6
2/10/2022,43,9,27,23,31,11,31,32,4,4,12,0,94,89,91,85,86,89,86,93,77,89,87,71,27.2,27.5,26.8,27.5,28.1,28.5,28.2,27.1,27.4,28.4,27.5,28.1,0.9,3.6,0.5,6.4,1.4,5.7,3.6,0.1,2.1,2.3,2.9,1.5
3/10/2022,47,33,11,2,0,131,14,134,1,1,3,9,97,81,88,84,82,94,83,96,64,84,82,61,26.1,29,27.4,27.9,27.9,27.3,28,26.5,28.9,29,28.6,30.3,1.4,5.8,5.8,4.2,8.1,1.5,5.5,3,8.5,6.7,7.2,8.3
4/10/2022,136,1,2,1,6,50,0,50,0,1,2,0,84,83,81,86,77,88,84,84,72,84,83,62,29.1,28.5,29,27.2,28.6,29,28.3,28.7,27.7,28.9,28.2,30.1,8.9,7.8,9,4,9.7,8.4,6.6,10,6.8,8.2,8.7,0.5
5/10/2022,0,8,5,12,14,5,1,7,33,10,18,12,81,78,81,81,78,84,78,84,67,85,78,66,29.3,29.2,28.4,28.8,28.3,29.2,29.2,28.7,28.5,28.9,29.1,29.8,7.4,9.8,9.1,9.7,7.3,10.1,9.2,10,9.1,8.9,10.4,8
6/10/2022,0,0,0,0,1,1,0,0,0,0,0,0,88,73,85,79,77,87,78,81,66,85,74,62,27.9,29.2,27.4,28.4,28.5,29.3,28.9,29.3,28.8,29,28.9,30.1,6.1,9.1,7.3,8.5,9.6,9.6,8.8,10.2,8.6,9.8,9.8,6.3
7/10/2022,4,0,4,1,0,0,0,0,1,0,2,0,80,76,80,78,77,86,77,82,66,84,81,66,29.7,30.1,29,29.5,29,29.3,30.2,29.6,29.4,29.6,29.5,29.8,8.6,9.1,8.4,10.5,10.5,10.5,10.5,10.2,9.1,10.6,10.3,8.2
8/10/2022,0,1,0,0,0,0,0,0,0,0,0,0,78,80,82,77,77,88,76,83,64,84,80,62,30.4,29.6,29.5,29.4,29.5,29.6,29.8,29.6,29.3,29.6,29.2,30.4,8.4,5,8.7,10.3,7.8,8.4,9.9,9.7,6.9,8.2,6,7.6
9/10/2022,0,3,0,0,0,0,0,0,0,0,0,0,78,80,82,80,78,88,80,83,71,87,82,63,30.1,29.4,29.3,29,29.3,28.9,29.2,29.5,28.8,29.2,29.1,30.1,8.7,7.1,8.4,8.6,7.7,3.9,7.3,9.1,4.9,7.1,5.9,6.3
10/10/2022,0,9,8,0,0,12,45,0,49,1,6,0,78,81,89,76,80,89,81,87,72,89,84,68,29.6,27.9,27.4,28.8,28.1,27.7,28.1,28.5,27.9,27.6,27.6,29,8.8,3.8,4.3,9.9,5,6.4,0,4.9,4,2.9,5.3,4.7
11/10/2022,0,1,0,0,0,0,0,0,0,0,0,14,83,76,85,80,80,87,77,84,68,88,83,67,29.3,29,28.2,29,28.6,28.1,29.2,28.7,28.2,28.3,28.6,28.8,6.3,9.1,8.6,7.7,9.4,7.5,8.9,7.2,8.5,5.7,7.5,6.5
12/10/2022,0,5,6,3,0,0,0,0,29,0,25,11,84,80,86,80,77,88,81,87,72,86,82,66,28.5,29.1,27.3,28.9,28.6,28.1,28.6,28.5,28.3,28.4,28.3,29.1,5.5,8.2,6.1,9.9,6.8,6.2,9.2,6.8,6.6,6.4,8.1,9.5
13-10-22,2,0,1,0,0,0,0,0,0,0,3,4,83,79,85,79,80,90,81,84,74,90,87,66,28.3,29.4,27.5,29.2,28,28.3,29.1,28.8,27.9,28.3,28.1,29.3,7.3,8.1,8.9,9.4,6.3,5.3,10,7.7,7.3,4.5,7.4,9.5
14-10-22,12,10,34,0,0,0,0,0,1,0,2,0,83,77,81,79,77,87,77,83,68,87,80,66,29.2,29.7,28.6,29.3,29,29.1,29.8,29.3,28.6,28.9,29.4,29.3,7.1,8.1,8,10.3,9,9.7,10.4,7.9,8.4,7.1,9.1,9.5
15-10-22,0,0,0,0,0,0,2,0,0,0,0,0,79,72,76,75,79,85,79,78,64,84,76,65,29.4,30.2,28.3,29.8,28,28.6,29.9,29,28.9,28.4,29.5,29.8,7.8,8.9,10.3,9.9,10.1,9.1,0,10.2,9.8,9,8.9,9.5
16-10-22,0,0,0,0,0,0,0,0,0,0,0,0,76,71,77,78,78,79,77,75,70,84,77,61,28.9,29.5,28.5,29.6,28,28.4,29.3,28.7,28.7,28.5,29,30.2,8,8.9,10,10.3,9.9,9.8,10.1,10.3,8,9.9,9.1,9.4
17-10-22,0,0,0,0,0,0,2,0,4,0,0,0,80,79,82,79,81,86,80,82,70,85,86,67,28.5,28.8,28.2,29.1,28,28.8,29,28.9,28.6,28.7,28,29.4,8,7,9,9.3,6.9,8,9.1,8.3,7.9,6.4,7.8,7.9
18-10-22,0,1,0,0,3,0,0,0,1,1,28,0,84,75,88,78,79,86,79,82,69,86,82,68,28.7,28.3,26.7,29.1,27.7,29.2,28.7,28.7,26.8,27.5,27.4,28.9,6.2,7.4,6.4,3.5,8.8,9.1,8.8,6.1,7.6,8.2,6.8,6.8
19-10-22,0,2,7,0,6,0,0,0,10,7,0,13,81,81,83,78,81,87,80,84,66,86,78,67,28.8,27.3,27.9,28.7,27.6,28.4,28.2,28.8,27.9,28.5,28.1,29.1,5.4,9.1,8.3,8.9,7.9,8.6,9.5,4.5,9.6,7.8,9.8,8.4
20-10-22,0,7,0,0,0,0,0,0,0,0,0,0,76,79,78,79,77,86,81,79,66,85,83,65,29.1,28.9,28,29,27.9,28.2,28.9,28.8,27.7,28.7,28.4,29,7,8.1,9.7,10.3,10.1,9.4,10.2,9.8,9.6,10.1,8.9,9.5
21-10-22,0,0,0,0,0,0,0,0,0,0,0,0,79,78,76,79,76,86,80,80,68,83,80,65,29,29.6,27.9,29.4,27.6,28.3,29.3,29,27.9,28.9,29,29.3,7.9,8.3,9.2,10.2,10.1,6.7,10,9.7,9.7,10.5,10.6,9.5
22-10-22,0,0,0,0,0,0,0,0,0,0,0,0,78,77,74,78,77,85,80,79,66,85,82,63,29.6,30.6,29.3,30.1,28.9,28.8,30.1,29.7,28.9,29.8,30.2,29.6,7.1,9,10.2,9.2,10.2,10.3,10.6,10.3,9.1,10.3,10,8.6
23-10-22,0,0,0,0,0,0,0,0,0,0,0,0,90,89,92,90,92,92,82,93,80,94,94,75,27.5,27.7,26.5,26.9,26,26.5,28.5,26.7,27.1,26.8,27.5,26.7,0.3,0,0,0,0,0,0,0,0,0,0,0
24-10-22,24,29,27,21,27,50,40,23,11,28,27,50,100,89,94,87,92,95,88,96,81,93,89,80,22.4,25.9,22.9,26.6,23,25,26.9,23.6,25.6,25.2,25.8,24.1,0,0,0,0.4,0,0,0,0,0,0,0,0
25-10-22,153,28,63,21,62,75,31,64,13,35,17,30,91,81,89,78,83,89,87,87,76,89,85,74,23.5,25.7,23.1,27,23.9,24.6,25.9,24.4,25,24.4,25,25.7,5.2,6.3,4.1,9.6,4.7,5.9,9,6.2,5.6,5.2,6.4,3.5
26-10-22,1,0,1,0,0,0,0,0,0,0,0,0,83,75,83,76,82,86,80,82,69,84,87,69,26.4,26.8,24.8,26.6,25.1,25.3,26.4,26,25,25.8,25.2,26.2,7.6,8.1,9.7,10.3,9,10.2,9.2,10,6.9,10.4,9.9,9.7
27-10-22,0,0,0,0,0,0,0,0,0,0,0,0,81,66,75,76,82,83,75,79,66,83,80,65,26,27,25.3,26.5,24.5,25.2,27,25.6,25.5,25.1,25.6,26.1,7.5,8.5,9.1,10.1,9.9,9.2,10.1,9.8,8.1,10.3,9.9,9.7
28-10-22,0,0,0,0,0,0,0,0,0,0,0,0,78,74,79,76,81,84,78,80,70,83,79,65,25.8,26.9,25.2,26.7,24.7,25,26.6,25.6,25.7,25.3,25.7,26.3,7.5,8.9,9,10.2,9.9,9.9,9.6,10,6.9,10.4,9.9,9.3
29-10-22,0,0,0,0,0,0,0,0,0,0,0,0,80,79,80,79,77,84,80,81,70,84,84,66,26.5,27.9,26.5,27.7,26.4,25.7,27.4,26.6,27.4,26.4,27.3,26.4,7.5,8.5,9.7,10,9.3,10.5,10,9.8,8.4,9.6,9.9,9.4
30-10-22,0,0,0,0,0,0,0,0,0,0,0,0,81,76,80,76,79,81,77,80,70,83,78,64,27,28,27.3,28.1,27.2,26.4,27.7,27.4,27.7,26.9,27.6,27.5,7.4,8.7,9.5,9.9,8.8,9.8,10.2,9.8,6.8,9.9,9.8,9.5
31-10-22,0,0,0,0,0,0,0,0,0,0,0,0,78,79,78,78,81,82,76,81,70,84,84,61,28.2,29.3,28.6,28.7,27.8,27.6,29.2,28.7,28.1,28.2,28.6,28.5,7.4,8.3,9.3,9.9,9.7,10.1,10.2,9.6,7.9,9.8,9.8,9.4
1/11/2022,0,0,0,0,0,0,0,0,0,0,0,0,80,78,81,76,79,84,81,80,68,85,80,62,28.8,29.8,28,29,27.7,28.1,29.3,28.7,28.5,28.4,29.1,28.7,7.5,8.7,9.5,9.9,9.8,9.9,9.7,9.2,7.5,10,9.6,9.9
2/11/2022,0,0,0,0,0,0,0,0,0,0,0,0,76,76,78,78,76,85,79,81,66,82,77,66,28,29.3,27.3,29,27.5,27.6,29.1,28,27,27.8,28.1,28.1,7.2,8.7,8.3,9.9,9,9.3,10.6,8.7,7.5,9.7,10,9
3/11/2022,0,0,0,0,0,0,0,0,0,0,0,0,78,74,79,72,78,81,78,81,73,83,74,68,25.8,28.5,25.3,28.6,26.1,26.4,29.1,26.6,26.8,26.5,27.2,27.8,2.7,6.5,5.3,9.9,6.5,7.9,3.1,6.4,7,7.2,7.2,7.2
4/11/2022,0,0,0,0,0,0,0,0,0,0,0,0,72,73,79,75,79,81,83,79,72,84,81,72,25.6,27,25,26.9,25.5,24.9,27.4,26.1,27.1,25.3,26.1,26.6,7.2,4.5,8.5,7.2,8.2,6.7,6,9.3,6.2,7.2,8.3,9
5/11/2022,0,0,0,0,0,0,0,0,0,0,0,0,81,77,81,79,80,87,76,86,65,83,81,69,26.9,27.7,26.8,27.3,26.4,25.5,27.7,26.9,26.9,26.3,27.1,27.1,6.5,8.5,8.9,9.7,9.3,9.1,9.5,8.7,7.7,9.6,9.3,9.6
6/11/2022,0,0,0,0,0,0,0,0,0,0,0,0,74,79,82,78,81,84,81,80,66,82,81,69,26.5,27.2,25.8,27.2,26.9,25.2,27,26.4,26.5,26,26.6,27.2,6.9,8.2,9.2,9.3,9.2,10.2,9.3,9.9,7.9,9.9,7.8,9
7/11/2022,0,0,0,0,0,0,0,0,0,0,0,0,76,73,78,74,78,84,76,80,70,82,78,67,25.6,27.7,25.8,27.3,26.1,25.3,27.3,26.3,26.3,26,26.6,26.9,6.9,8.5,8.9,9.9,7.6,9.3,9.4,9.3,7.9,9.4,9,9
8/11/2022,0,0,0,0,0,0,0,0,0,0,0,0,77,73,80,76,78,84,78,83,67,82,78,70,25.6,26.3,25.7,26.8,24.8,24.5,26.2,25.9,25.5,24.9,25.6,26.3,6.9,8.7,7.6,9.9,8,9.5,9.5,8.4,8.6,8.4,9.7,8.7
9/11/2022,0,0,0,0,0,0,0,0,0,0,0,0,76,73,81,73,85,82,78,83,71,85,80,69,26.1,25.8,24.7,25.9,24.6,24.2,25.6,25.2,24.9,24.4,25.1,25.2,6.7,7.8,9,9.9,8.5,8.9,9,8.9,7.6,9.1,9.2,9.1
10/11/2022,0,0,0,0,0,0,0,0,0,0,0,0,75,63,77,70,80,84,76,81,69,88,71,70,25.7,25.6,24.3,25.5,24.1,24.1,24.5,25.2,25,24.5,24.8,25.3,6.9,8.7,9.6,10.7,8.9,9.1,9.9,9.3,8.5,10,9.7,9.5
11/11/2022,0,0,0,0,0,0,0,0,0,0,0,0,76,64,71,66,74,91,73,79,71,88,75,68,25.6,26,24.7,26.3,24,24.1,26,25.3,24.6,24.9,25.1,25.4,6.7,8.5,9,9.9,8.9,4.3,10,8.7,7.6,8.8,9.9,9.2
12/11/2022,0,0,0,0,0,0,0,0,0,0,0,0,71,68,74,71,71,82,78,76,73,90,75,69,25.2,25.8,23.9,26,23.8,23.9,26,25,23.9,24.3,24.8,25.4,7,8.5,9.3,7.9,9.5,9.6,9.3,9.3,7.4,9.3,9.4,9.6
13-11-22,0,0,0,0,0,0,0,0,0,0,0,0,70,64,79,69,75,86,74,80,70,87,71,72,25,25.8,23.3,25.5,23.3,23.6,25.5,24.2,22.9,23.8,24.8,24.7,6.5,8.8,8.1,9.7,9.1,7,10.2,8.3,9.1,9.6,9.8,10
14-11-22,0,0,0,0,0,0,0,0,0,0,0,0,72,72,75,70,74,83,75,82,72,85,77,70,24,25.2,23.1,25.7,23.3,23.4,24.7,23.7,23.2,23.4,24.4,24.6,6.8,8.3,8.7,9.8,9.2,8.3,10.1,9.1,9,9.3,9.8,9.8
15-11-22,0,0,0,0,0,0,0,0,0,0,0,0,79,64,74,71,78,86,74,81,73,86,74,70,24.5,26,23.4,25.6,23.5,23.6,25.4,23.9,23,23.8,24.3,24.4,6.8,8.6,9.1,9.8,9.6,10.1,0.2,9.2,9.2,9.8,9.8,9.9
16-11-22,0,0,0,0,0,0,0,0,0,0,0,0,80,67,75,73,75,84,74,83,82,82,73,71,24.9,25,23.4,25.7,22.8,23.4,25.9,23.9,22.4,23.6,24.2,24.4,6.9,8.8,8.6,9.8,9.5,9.9,8.9,9.3,9.6,10.1,9.8,9.8
17-11-22,0,0,0,0,0,0,0,0,0,0,0,0,76,65,75,72,73,85,72,82,76,81,70,66,24.7,26,23.6,25.6,23.5,23.2,25.6,24,22.8,23.6,24.5,24.4,5.9,8.6,9.2,9.8,9.3,9.4,11.2,9.3,9.3,10,8.9,9.6
18-11-22,0,0,0,0,0,0,0,0,0,0,0,0,76,62,74,65,73,80,70,78,71,79,69,67,24.1,25.6,22.5,25.8,22.3,22.7,25.5,23.5,23,23.2,24.2,24,6.8,8.8,9.6,9.1,9.4,9.7,10.4,9.3,9.4,9.7,9.6,9.6
19-11-22,0,0,0,0,0,1,0,0,0,0,0,0,77,70,75,73,72,81,73,80,72,81,72,66,23.8,26.1,23.8,26.6,23.4,23.8,26.2,24.6,23.4,24.4,25.2,24.1,6.7,7.1,8.9,6,9.2,9,8.7,9.4,8.1,8.9,9.3,9.6
20-11-22,0,0,0,0,0,2,0,0,0,0,0,0,72,65,70,69,74,79,75,77,73,80,69,67,25.7,27.3,25.3,28.1,24.3,24.9,27.1,25.8,25.3,25.6,26.3,24.7,2.2,7.4,6.7,9.8,7.2,8.7,9.8,9.1,9,7.8,8.2,9.4
21-11-22,0,0,0,0,0,0,0,0,0,0,0,0,70,57,71,66,72,77,74,72,69,80,64,62,24.5,27.5,24,27.5,24.3,24.4,27,25.1,24.9,25.3,26,25.4,6.7,8.9,9.1,9.7,9.4,9.9,7.7,9.3,9.5,9.9,9.9,9.5
22-11-22,0,0,0,0,0,1,0,0,0,0,0,0,70,59,79,62,73,79,71,80,67,78,66,63,23.8,25.7,21.6,25.9,21.9,22.3,26.4,23.1,23,22.6,24.3,24.6,6.7,8.6,8.5,9.7,9.1,9.4,9.8,9,9.4,9.9,9.4,9.6
23-11-22,0,0,0,0,0,0,0,0,0,0,0,0,75,63,80,64,75,83,72,82,72,86,71,63,23.5,24.8,21.3,24.8,21.5,22.3,25.3,22.9,21.3,22.2,23.2,22.4,6.9,8.5,8.8,9.8,8.9,9.4,9.3,8.8,8.8,9.5,9.3,9.4
24-11-22,0,0,0,0,0,0,0,0,0,0,0,0,78,64,72,67,76,84,73,83,77,90,71,63,23.3,24.4,22.5,24.7,21.5,22,25.3,22.7,21.3,22.8,23.4,22.5,6.7,8.3,8.6,9.6,8.9,9.5,9.8,9.4,8.3,9.7,9.7,9.2
25-11-22,0,0,0,0,0,0,0,0,0,0,0,0,81,77,78,75,75,86,78,83,82,84,80,63,23.3,25.4,22.5,25.7,22.8,22.4,25.1,23.4,22.9,23.9,24.6,23.4,6.7,8.5,9.3,9.7,9.1,10.3,8.9,9.2,5.7,10,9.8,9.5
26-11-22,0,0,0,0,0,0,0,0,0,0,0,0,79,79,75,77,74,84,80,85,75,82,80,62,23.5,25.4,23.2,26,23,23.1,25.6,24.1,23.9,23.9,24.5,24,6.9,7.4,9.2,9.1,9.4,9.9,9.5,9.5,7.4,10.2,9.7,7.9
27-11-22,0,0,0,0,0,0,0,0,0,0,0,0,77,76,75,72,77,83,83,80,73,83,77,65,23.7,25,23.8,26.6,23.3,24.4,24.5,24.1,24.1,24,25,23.8,6.9,5.1,9.4,2.6,8,8.2,1.9,8.1,8.2,7.1,8.3,6.6
28-11-22,0,0,0,0,0,1,0,0,0,0,0,0,71,71,72,73,74,82,75,81,76,80,77,67,25.2,26.9,25,27.4,24.5,25.4,26.4,25.8,26.3,26.5,26.2,24.9,6.1,0.6,7.3,7.5,5.4,3.7,8.7,6.3,3.4,3.8,1.6,4.8
29-11-22,0,0,0,0,0,0,0,0,0,0,0,0,70,77,72,81,77,82,80,79,77,79,81,66,25.7,27.5,26.3,27.5,25.8,25.7,27.1,26.9,26.3,27.1,27.4,26.3,4.5,6.4,4.9,7.4,5,7.6,8.6,6.7,5.4,7.2,7.1,6.9
30-11-22,0,0,0,0,0,0,0,0,4,0,0,0,68,74,66,80,74,81,79,76,77,82,79,67,25.8,27.8,27,27.7,26.6,26,27.3,27.3,26.5,26.8,27.4,26.1,3.9,6.2,6.6,9,7.6,8.3,8.9,7,6.3,8.6,7.9,8.8
1/12/2022,0,0,0,0,0,0,0,0,0,0,0,0,72,63,72,67,70,80,72,77,76,78,66,66,24.5,27.5,24.1,27.4,24.7,24,26.8,25,25.2,25.5,25.9,25.6,7.3,7.1,9.3,9.4,9,8.3,7.8,8.2,5.3,9.2,7.9,8.7
2/12/2022,0,0,0,0,0,0,0,0,0,0,0,0,77,68,72,72,76,84,71,82,72,79,70,67,23.2,25.8,23.1,25.8,22.4,22.4,26.4,23.3,23.6,23.9,24.6,24.9,7,8.9,8.8,9.3,8.4,9.2,9.5,9,9.1,9,9.2,9.1
3/12/2022,0,0,0,0,0,0,0,0,0,0,0,0,73,70,74,75,75,83,73,76,78,83,69,67,22.6,25.5,22,25.7,21.8,22.1,25.8,22.8,23.6,22.7,24.6,24.9,5.8,8.3,9,9.3,8.8,9,8.8,8.9,8.7,9.2,9.6,8.8
4/12/2022,0,0,0,0,0,0,0,0,0,0,0,0,75,62,74,73,74,85,72,80,73,83,69,65,22.7,25,21.7,25.4,21.6,21.3,25.9,22.1,24.3,22.2,24.3,24,5,8.2,8.8,9.2,8.8,9,11.7,8.8,8.9,9.3,9.2,9.4
5/12/2022,0,0,0,0,0,0,0,0,0,0,0,0,76,74,72,75,73,87,71,80,75,81,74,64,22.7,24.7,22.3,25.2,21.8,21.4,25.9,22.2,23.9,22.1,23.8,24,7.2,8.2,9.1,9.4,9.3,9.4,8.3,8.5,8.9,9.7,9.3,8.9
6/12/2022,0,0,0,0,0,0,0,0,0,0,0,0,76,69,77,74,73,88,72,80,75,83,74,60,22.6,24.6,21,23.7,21.1,20.9,25.8,21.8,22.4,21.5,22.7,22.1,4.9,7.6,9.1,9.2,8.8,9,8.7,8.2,9.1,9.1,8.9,9.2
7/12/2022,0,0,0,0,0,0,0,0,0,0,0,0,76,73,76,72,74,90,72,79,74,84,73,60,22.3,23.3,21.3,23.8,20.7,21,24.3,22,22.1,21.1,22.4,22.1,6.6,7.8,7.5,9.1,8.5,8.7,4.3,8.4,9.2,8.7,9.6,9.4
8/12/2022,0,0,0,0,0,0,0,0,0,0,0,0,78,72,81,69,78,87,74,77,76,81,76,61,21.5,24,20.4,25.2,20,21.1,24,22.3,21.8,21.8,23.3,22,4.2,8.7,7.4,9.1,7.9,9.1,9.5,8.1,6.6,9.6,9.8,9.5
9/12/2022,0,0,0,0,0,0,0,0,0,0,0,0,79,65,79,68,81,81,75,80,74,82,70,61,21.8,25.3,19.9,25.6,19.9,21.2,24.6,21.3,22.5,22.4,23.5,22,7.1,8.1,8.9,8,9.2,9.3,7,8.9,8.3,9.7,9.2,8.6
10/12/2022,0,0,0,0,0,0,0,0,0,0,0,0,78,68,78,69,76,83,80,81,72,81,70,60,22.6,23.8,20.8,25,20.5,21.4,23.7,21.7,22.9,21.7,22.7,21.9,8.3,6.4,7.7,2,6.9,7,4.4,8,7.7,7.6,7.7,8.6
11/12/2022,0,0,0,0,0,0,0,0,0,0,0,0,77,72,79,67,77,83,74,85,67,82,73,60,22.5,23.5,21,24.2,20.8,21.4,24.7,21.7,21.6,21.5,22.6,21.4,7,8.2,9,9.1,8.9,8.9,6.4,8.6,8.3,9.2,10,8.9
12/12/2022,0,0,0,0,0,0,0,0,0,0,0,0,78,72,78,71,78,82,73,82,72,83,71,59,21.6,23.2,20.3,20.5,20.3,21,24.4,22.1,20.7,21.2,22.4,21.8,7.1,8.1,6.3,9,8,7,9.4,8,7.7,8.6,10.3,8.4
13-12-22,0,0,0,0,0,0,0,0,0,0,0,0,82,74,81,68,80,85,72,85,75,84,77,59,21.3,23.1,20.2,23.4,20,21.1,23.8,21.4,20.8,21.3,22.1,21.4,7.2,5.7,6.4,8.8,6.9,6.9,6.5,5.9,6.7,8.6,10.4,7.9
14-12-22,0,0,0,0,0,0,0,0,0,0,0,0,83,74,82,62,77,86,76,86,75,87,78,59,21.3,22.5,19.9,23.8,19.8,21.4,23.3,21.1,20.9,21.2,22.3,21.3,6.8,6,4.6,8.4,6.4,5.8,8.3,4,6.2,7.1,9.4,6.7
15-12-22,0,0,0,0,0,0,0,0,0,0,0,0,87,67,80,70,80,85,74,82,75,86,76,60,19.5,22.4,19.1,22.7,18.7,19.9,23.9,20.8,20.3,20,21.2,20.6,3.6,4.8,0,7,2.4,5.3,3.4,5.5,5.9,6.2,2.9,7.8
16-12-22,0,0,0,0,0,0,0,0,0,0,0,0,87,74,88,62,87,84,74,86,75,85,80,60,20,21.1,19.1,22.3,18.3,19.5,22.3,20.2,20,19.7,20.4,20.6,4.8,5.3,0,7.3,3.3,7.3,6.5,3.2,6.3,6.2,4.7,6.8
17-12-22,0,0,0,0,0,0,0,0,0,0,0,0,84,75,89,68,82,92,74,89,74,85,81,61,20.6,21.1,18.4,22.9,19.1,19.3,22.4,19.3,20.4,19.8,20.6,20.1,5.6,8.2,3.4,8.8,5.8,2.6,9.1,3.4,7,6.4,7.3,6.6
18-12-22,0,0,0,0,0,0,0,0,0,0,0,0,86,79,82,73,79,87,79,85,76,85,81,61,19.8,22.4,19.7,23.7,20.4,20.1,23,20.1,21.9,21.4,22,20.1,5.6,5.3,6.8,8.3,8,6.8,7.4,7.3,8.2,7.4,8.2,8
19-12-22,0,0,0,0,0,0,0,0,0,0,0,0,83,72,83,74,75,84,74,82,74,80,77,60,19.7,22,19,22.8,19.6,20.3,22.6,20,22.2,20.5,21.6,20.5,6.1,6,7.1,6.8,7.9,7.5,6.8,7.8,6.9,8.1,8.4,7.8
20-12-22,0,0,0,0,0,0,0,0,0,0,0,0,82,73,78,72,80,85,74,85,75,84,81,61,20.8,21.7,19.1,22,18.5,20.2,22.1,20.1,20.1,20.2,20.8,20.4,6.2,5.1,5.5,8.5,7.4,7.5,8.1,6.6,6.8,7.5,7.9,7.8
21-12-22,0,0,0,0,0,0,0,0,0,0,0,0,86,73,81,70,80,84,71,84,76,86,79,61,21.1,21.7,18.9,21.7,18.8,20.5,22.3,20.2,20.1,19.9,20.9,20.4,3.1,7.1,5.3,8.4,7,5.3,8,7,6.4,7.4,7.5,7.4
22-12-22,0,0,0,0,0,0,0,0,0,0,0,0,81,71,80,71,87,85,78,85,74,86,78,61,20.8,22.2,20,22,19,20.7,23.2,20.6,20.6,20,21.1,20.4,4.4,6.4,6.8,6.5,7,6.6,3.8,6.9,6.6,7.4,7,7.4
23-12-22,0,0,0,0,0,0,0,0,0,0,0,0,73,64,79,71,80,81,76,84,76,84,76,60,20.2,22.6,19.3,22.4,19,20,22.9,20.3,20.1,20,21.1,20.4,6.5,7.1,3.5,9,6,6.5,5.6,6.8,6.7,8,9.2,7.5
24-12-22,0,0,0,0,0,0,0,0,0,0,0,0,81,71,76,70,78,81,71,81,73,83,79,61,19.2,21,19.2,21.2,18.5,18.9,22.2,19.4,19.4,19.1,20.4,19.5,6.7,6.6,6.5,8.2,7.2,7.5,8.6,7.9,7.1,8,8.3,7.9
25-12-22,0,0,0,0,0,0,0,0,0,0,0,0,76,67,79,69,77,82,72,82,73,86,79,60,19.9,21.8,19.7,21.7,19.8,20.6,22.4,20.1,19.3,20,20.6,19.6,5.4,6.4,6.2,8.9,7.8,7.6,8.8,7.7,6.7,8,8.3,8.2
26-12-22,0,0,0,0,0,0,0,0,0,0,0,0,78,78,80,72,74,78,76,80,72,82,74,61,21.6,21.8,20.9,22.1,20.9,22.1,21.9,21.2,20.3,21.5,22.8,20.6,3.9,7.7,6.8,8.8,8,6.7,0,8.1,7.5,8.2,8.4,7.7
27-12-22,0,0,0,0,0,0,0,0,0,0,0,0,91,80,92,74,86,91,76,90,77,89,78,60,21.5,22.4,20.2,22.4,20.9,23.2,21,21.4,20.3,22.2,22.4,20.9,0,4.5,0,7.7,1.9,2.7,6,2.4,5,3.7,7.2,4.5
28-12-22,0,10,2,0,0,8,0,0,4,10,4,50,83,84,89,80,88,90,80,90,82,90,89,57,21.2,22.6,19,22.5,20.3,21.9,21.2,21.2,20.1,21,21.6,20.9,0,3.8,0,4.6,0,2.5,8,0,2.5,2.7,2.8,1.7
29-12-22,0,10,0,15,0,0,0,0,0,1,0,0,80,73,80,75,79,86,78,79,81,82,74,62,17.5,20.7,16.9,19.8,17.3,18.8,21.1,18.4,19.1,18.9,19.8,18.6,5.8,6.8,6.4,8.4,6,6.2,0,7.3,4.1,6.9,6.9,8.4
30-12-22,0,0,0,0,0,0,0,0,0,0,0,0,91,70,91,59,86,82,71,81,77,83,75,61,16.7,18.7,15.9,20.4,15.3,17.6,19.3,17.4,17.6,18.3,18.5,17.9,0.9,6.6,0,8.7,5.2,5.3,7.7,5.8,5.8,7.8,7.6,7.6
31-12-22,0,0,0,0,0,0,0,0,0,0,0,0,85,70,84,68,82,81,69,88,73,84,72,61,17.9,19.2,16.9,19.8,16.3,18.6,19.8,17.4,17.9,17.9,18.8,17.9,5.8,7.6,4.9,8.2,6.6,6.9,8.9,5.8,7.3,7.1,11.3,8.3
1/1/2023,0,0,0,0,0,0,0,0,0,0,0,0,84,67,82,63,82,83,72,78,76,81,72,61,18.1,20.1,17.3,20.4,17,18.9,20.6,18.6,18.4,18.4,19.4,18.3,6.1,7.8,7.2,8.9,8.4,5.9,6.4,7.8,7.7,8.8,8.8,8.9
2/1/2023,0,0,0,0,0,0,0,0,0,0,0,0,81,67,79,64,78,84,69,81,70,81,73,61,19.1,20.3,18,20.7,17.5,18.9,20.4,18.6,18.5,18.6,19.5,18.4,4.4,7.9,7.1,8.9,8.1,8,8.7,5.7,0.6,8.6,8.9,8.8
3/1/2023,0,0,0,0,0,0,0,0,0,0,0,0,88,67,79,63,75,79,69,77,74,81,71,61,18,20.4,18.5,20.7,18.2,19.2,21,19.2,17.8,18.8,19.9,18.3,4.6,8.3,7,9.1,8.2,8.4,3.4,8.3,7.2,8.6,9.3,7.8
4/1/2023,0,0,0,0,0,0,0,0,0,0,0,0,87,72,87,75,82,85,72,85,73,83,79,59,16.7,20,16.4,20.6,16.9,18.5,20.2,17.8,18.9,18.8,19.5,18.8,0,6.7,2.9,9.1,6.4,6.5,7.6,6.1,7.4,8,7.6,7.9
5/1/2023,0,0,0,0,0,0,0,0,0,0,0,0,92,82,92,82,86,88,80,91,81,88,86,63,16,18.9,15,19.7,15.8,18.1,19.8,16.4,18.3,17.7,18.4,18.6,0,5.6,0,5.7,2.1,3.9,5,2.6,5.3,5.8,6.4,7.3
6/1/2023,0,0,0,0,0,0,0,0,0,0,0,0,93,89,95,85,91,89,88,91,88,89,93,63,14.4,17.5,14.4,18.5,14.6,17.4,17.3,16.1,18.2,17.1,17.1,18.4,0,0.3,0,2.9,0,3.3,0,0,2.5,4.4,1.5,3.2
7/1/2023,0,0,0,0,0,0,0,0,0,0,0,0,95,88,94,86,90,84,87,91,85,94,91,63,14.3,17.5,14.7,18.2,15.1,17.5,17.5,15.3,18.5,16.4,17.1,17.9,0,1.7,0,6.2,0,6.1,0,0,4.4,1.8,4.4,2.3
8/1/2023,0,0,0,0,0,0,0,0,0,0,0,0,95,88,86,86,86,90,83,95,86,94,90,66,16,18.9,17.5,20.2,17.2,18.1,19.9,16.2,19.4,17.7,18.6,17.6,0.4,2,4,6.5,3.9,6.7,5.6,0.7,4.1,2.9,3.6,3.6
9/1/2023,0,1,0,0,0,0,0,0,0,0,0,0,83,82,83,84,81,85,86,87,74,84,81,66,19.7,21,19.5,21.5,19.6,20.4,20.4,20,20.5,20.5,21.3,19.3,6.2,5.8,6.2,5.6,6.4,6.7,5.9,6.3,6.6,6.9,7.7,9.3
10/1/2023,0,0,0,0,0,0,0,0,0,0,0,0,75,74,72,72,73,79,77,81,66,80,76,62,20.2,21.4,20.2,22.2,20.1,20.7,21.3,21.2,20.7,20.5,21.4,19.5,6.8,8.1,8.7,9.2,8.2,9.2,9.6,9,9,9,8.3,8.8
11/1/2023,0,0,0,0,0,0,0,0,0,0,0,0,74,64,67,67,76,76,67,72,72,78,70,64,18.2,21.6,18.5,21.7,18.7,19.2,21.9,20.4,19.6,19.2,20.8,18.3,7,7.4,8.2,9.3,8.3,8.7,1.6,9.2,9,9.2,9.1,8.6
12/1/2023,0,0,0,0,0,0,0,0,0,0,0,0,83,65,76,63,71,81,70,71,72,78,70,64,16.6,19.6,16.4,20.3,16.7,18,20,18,18.5,17.2,18.8,17.6,6.5,8.2,7.4,9.1,8.3,8.6,9.7,8.3,8.6,9.2,9,8.7
13-01-23,0,0,0,0,0,0,0,0,0,0,0,0,76,64,76,63,77,81,66,80,74,79,68,64,18.3,19.9,17.5,20.9,17.4,18.5,21.5,17.9,18.1,18.7,19.8,18.1,6.8,7.3,7.8,9,7.7,8.2,8.6,8.3,7.4,8.6,19.8,8
14-01-23,0,0,0,0,0,0,0,0,0,0,0,0,89,79,83,75,79,88,76,83,75,85,83,59,20.8,20.7,19.8,21.5,19.7,20.5,20.8,20.2,19.6,20.7,20.8,19.4,4.1,4.8,4.3,8.3,5,5.9,8,5.9,7.8,7.3,4.1,6.8
15-01-23,0,0,0,0,0,0,0,0,0,0,0,0,77,74,65,82,84,90,79,86,73,88,79,64,20.5,21.4,20.7,22.2,18.5,20.8,21.7,20,18.9,20.1,21.1,19.8,4.4,3.5,5.2,6.3,3.4,2,3.8,4.5,7.1,3.8,3.8,5.7
16-01-23,0,0,0,0,0,0,0,0,0,0,0,0,76,56,69,56,72,85,64,76,66,79,65,61,19.4,21,19.7,21.1,19.7,19.7,20.5,20.4,19,19.3,20.1,19.5,2.1,7.8,2.5,8.3,5.5,6.6,8,5,7.5,6.7,6.7,7.2
17-01-23,0,0,0,0,0,0,0,0,0,0,0,0,74,57,71,55,73,78,67,83,70,78,67,62,18.8,20.4,17.9,21.4,18,19,20.9,18.9,18.6,19.3,19.5,19.5,5.6,6.5,4.8,8.9,6.4,8.2,9.1,7.8,7.3,7.2,5.5,7.7
18-01-23,0,0,0,0,0,0,0,0,0,0,0,0,71,65,65,61,78,80,73,77,70,81,68,64,18.1,19.8,17.5,21.2,16.6,18.7,20.7,18.3,17.4,18.5,19.3,18.6,0,3.8,0.9,6.3,3.4,2.2,2.3,2.8,7.5,4.4,8,6.7
19-01-23,0,0,0,0,0,0,0,0,0,0,0,0,70,56,75,61,72,78,67,73,67,77,62,61,17.6,19.9,16,20.5,16,16.9,20.2,18.1,16.9,17.2,18.6,18.6,6.7,5.7,7.1,9.1,8.1,9,7.4,8.3,8.7,8.8,9.4,9
20-01-23,0,0,0,0,0,0,0,0,0,0,0,0,76,51,75,59,68,74,68,77,73,74,57,61,18.3,20.1,16.3,20.3,16.4,18.3,20.6,18.2,16.9,17.4,19,18.6,6.4,8.2,7.4,9.7,8.8,8.7,9.7,8.4,8.7,9,9.2,9.1
21-01-23,0,0,0,0,0,0,0,0,0,0,0,0,80,54,79,60,71,77,69,79,72,77,60,62,18.6,21,17.3,21.3,17.5,18.3,20.6,18.8,18.6,18.6,20.3,19,6.5,8.4,7,9.7,8.2,8.7,10.2,8.4,8.9,8.7,9.4,9.3
22-01-23,0,0,0,0,0,0,0,0,0,0,0,0,74,59,73,59,69,75,73,78,71,77,61,62,19.8,21.6,18.9,22,19.1,20.2,21.3,20,18.9,20,21.4,19,6.6,8.1,7.2,9.4,8.4,8.7,9.7,8,8.3,8.7,9.4,8.8
23-01-23,0,0,0,0,0,0,0,0,0,0,0,0,77,56,76,60,72,83,68,81,67,76,60,63,20.6,22.1,19.8,22.9,19.6,20.1,21.1,20.7,19.2,20.9,21.8,19.4,3.9,5.9,5.3,9.5,8,8.1,4.3,6.9,9,8.1,8.7,9.1
24-01-23,0,0,0,0,0,0,0,0,0,0,0,0,72,51,73,55,69,76,69,78,67,75,61,57,21.6,23.6,20.6,23.5,20.2,21.1,22.5,21.4,20.1,21.3,22.7,20.6,6.6,8.2,6.1,8.2,8.6,8.4,9.6,8.4,9.3,8.6,9.1,9.1
25-01-23,0,0,0,0,0,0,0,0,0,0,0,0,76,62,78,56,73,80,69,78,72,78,66,56,22,23.5,20.9,23.9,20.8,21.5,22.7,21.7,20.5,21.2,22.8,21.3,5,7.5,5.7,9.5,7.4,8.3,8.7,8.3,8.3,7.7,9,8.5
26-01-23,0,0,0,0,0,0,0,0,0,0,0,0,83,70,81,66,78,85,74,83,68,84,72,56,22.1,23.5,21.2,23.9,21.3,21.7,22.6,21.9,21.5,21.9,23.5,21.3,1,4.5,0,9.2,0,4.6,5.3,0,8.3,2,5.8,6
27-01-23,0,0,0,0,0,0,0,0,0,0,0,0,77,65,77,70,74,83,76,80,68,81,70,56,22.3,24.4,21.9,24.4,21.9,21.9,23.7,22.7,22.3,22.2,24.1,21.3,6,6,3.4,7.9,7,7.4,5.3,6.7,7.2,7.4,5.6,8.5
28-01-23,0,0,0,0,0,0,0,0,0,0,0,0,81,65,75,69,75,81,76,81,67,81,73,60,22,24,22.2,24.2,21.7,22,23.5,22.3,22,21.9,23.6,22.3,6.3,7.5,6.6,8.6,7.3,8.7,8.6,8.2,7.8,8.3,8.6,9.6
29-01-23,0,0,0,0,0,0,0,0,0,0,0,0,87,70,78,63,72,80,77,78,69,79,74,56,18.9,22.6,19.6,23.4,20.4,20.4,22.2,21.6,21.2,21,21.8,20.9,2.9,7.5,6.6,9.7,7.7,9.2,8.7,8.3,6.5,8.3,8.4,9.9
30-01-23,0,0,0,0,0,0,0,0,0,0,0,0,82,68,73,68,68,79,79,76,65,77,66,56,20.1,22.4,20.7,23.2,20.8,20.5,22.1,21.8,22.8,20.6,22,21,6.3,8.5,8.2,8.6,8.9,9,9.1,8.9,8.1,8.9,9.7,9
31-01-23,0,0,0,0,0,0,0,0,0,0,0,0,78,75,76,74,71,84,77,79,64,77,74,56,22.9,22.1,21.7,23.1,21.2,21.5,21.8,22.7,23,21.9,22.3,21,4.6,8,5.3,8.7,6.6,7.9,9.5,7.7,9,8.3,8.7,8.4
1/2/2023,0,0,0,0,0,0,0,0,0,0,1,0,83,68,75,75,70,75,73,78,67,72,69,61,21.8,23.4,22.2,23.9,22.2,22.7,23,23.1,23.4,23.2,23.9,22.1,0.8,5,0.7,7.9,4,5.2,9.9,3,7,5.1,6.3,5.8
2/2/2023,0,0,0,0,0,0,0,0,0,0,0,0,72,55,64,67,63,73,73,72,61,67,59,62,19.8,23.4,20.2,23.2,20.1,20.2,22.7,20.6,22.8,21,22.6,22.4,6.8,6.8,9.4,3.7,8.7,9.1,9.1,7.7,6.8,8.5,7.4,9.3
3/2/2023,0,0,0,0,0,0,0,0,0,0,0,0,77,66,72,69,75,74,74,81,70,76,72,61,20.2,21.6,20.5,21.7,19.4,19.9,21.5,20.1,21.3,19.9,21,20.1,6.7,8.2,7.4,9.9,7,9.9,1.9,8.6,9.1,9.1,9.4,9
4/2/2023,0,0,0,0,0,0,0,0,0,0,0,0,71,65,74,71,72,80,76,79,76,79,70,61,20.9,22.4,20,22,19.5,19.4,22.3,20.2,21.5,19.9,21.4,20.3,6.8,7.1,6.3,9.3,7.8,8.6,6,8.4,8,8.6,5,8.8
5/2/2023,0,0,0,0,0,0,0,0,0,0,0,0,73,69,77,65,74,80,72,80,72,78,70,63,20.5,21.5,19.2,22.4,19.3,19.8,22,20.1,20.9,19.8,21.1,20.3,6.6,7.7,2.2,9.7,7.2,8.6,9,8.3,7.6,8.1,8.7,9
6/2/2023,0,0,0,0,0,0,0,0,0,0,0,0,77,73,79,59,72,81,73,79,68,78,69,63,20.4,21.4,19.1,22.4,19.3,20,21.3,20.2,21.2,20.1,20.9,19.8,6.8,6.9,4.2,9.5,8,8,7.8,8.1,7.9,8,8.1,9.1
7/2/2023,0,0,0,0,0,0,0,0,0,0,0,0,88,69,77,69,72,89,71,83,63,83,73,63,21.5,21.6,21.3,22.5,21.2,21.2,21.6,21.4,22.4,21.7,22,20.4,5.9,7.7,7.7,9.2,8,4.6,6.4,6.4,8.1,7.2,8.3,8.9
8/2/2023,0,0,0,0,0,0,0,0,0,0,0,0,81,78,77,78,77,92,78,79,68,86,80,63,22.9,22.6,22.6,23.1,22.1,21.2,22.2,22.9,22.8,22.4,22.9,20.6,6.2,7.5,5.7,9.1,7,8.2,9,8.9,9.3,7,8.9,8.8
9/2/2023,0,0,0,0,0,0,0,0,0,0,0,0,89,79,87,79,81,89,79,83,63,86,80,63,22.6,23.1,22.3,23.2,22.2,21.6,22.6,23.6,22.3,23,23,21.8,2.9,7.8,0.7,8.9,4.9,6.5,9,4.7,8.8,6.5,8.5,8.7
10/2/2023,0,0,0,0,0,0,0,0,0,0,0,0,71,83,78,76,68,83,79,76,71,83,81,63,21.8,22.6,20.6,23.9,21.3,22.7,23,22.1,22.3,22.2,22.9,21.1,7,7.2,6.8,8.3,8,6.9,3.3,6.9,8.3,6.3,8.3,8.5
11/2/2023,0,0,0,0,0,0,0,0,0,0,0,0,70,68,75,62,60,79,74,74,61,77,68,63,23.2,23.3,21.8,24.3,22.3,22.1,23.3,22.5,22.7,22.1,23,20.4,6.9,8.1,8,9.8,8.7,8.3,9.3,8.7,9.1,8.4,9.4,8.6
12/2/2023,0,0,0,0,0,0,0,0,0,0,0,0,84,82,85,77,82,91,74,85,69,88,83,63,23.6,22.8,22.4,23.8,21.6,23.1,23.3,23.1,23.1,23.2,23.5,21.4,4.3,7.9,0.4,9.3,3.7,6,5.7,5.8,8.8,6.5,8.4,8.2
13-02-23,0,0,0,0,0,0,0,0,0,0,0,0,51,52,50,64,57,66,73,69,63,65,48,71,22.2,23.9,21,23,20.6,20.5,22.7,21.4,21.5,20.9,22.8,20.6,7.4,7.4,8.7,7.4,8.8,9.8,10,9.7,9.8,9,8.5,9.7
14-02-23,0,0,0,0,0,0,0,0,0,0,0,0,59,50,59,47,62,66,67,65,58,69,50,61,20.2,21.7,19.4,22.1,18.9,19.9,22.4,19.9,20.8,19.7,20.7,20,7.4,8.6,9,10,9.5,9.5,6,9.9,7.8,9.4,10,9.5
15-02-23,0,0,0,0,0,0,0,0,0,0,0,0,67,58,71,52,63,74,67,71,60,70,61,62,20.6,21.3,19.7,22.2,19.3,19.9,20.7,20.1,21.7,20,21,19.6,7.2,8.3,7.5,10,8,9.4,11,8.7,8.6,8.8,9.6,8.5
16-02-23,0,0,0,0,0,0,0,0,0,0,0,0,72,67,68,62,66,76,70,69,62,78,70,60,20.8,21.9,20.7,22.1,20.3,20.6,21.4,21,21.4,20.9,21.8,20,6.6,7.8,5.5,9.6,7.7,8.4,4.9,8.4,8.2,7.9,8.9,8.8
17-02-23,0,0,0,0,0,0,0,0,0,0,0,0,74,58,72,59,67,76,72,73,60,76,56,62,22.1,23.5,21.5,24,21.3,22,23.1,22,22.6,21.8,22.8,20.9,6.7,7.2,6.7,9.1,8.2,8.4,9.1,7.9,8.7,7.6,9,9
18-02-23,0,0,0,0,0,0,0,0,0,0,0,0,74,68,75,63,69,84,73,75,63,77,66,62,23.8,24.5,22.4,24.2,22.1,23,23.1,23.4,23,23,23.7,21.8,6.8,7.3,0,9.1,6.4,8.2,5,7,8,8,8.5,8
19-02-23,0,0,0,0,0,0,0,0,0,0,0,0,79,77,76,77,73,79,80,77,65,79,75,59,23.8,24.1,23.5,24.3,23.1,23.8,23,24.2,23.7,23.6,24,22.1,5.6,4.3,0.8,6,5.4,7.3,6,5.7,5.5,6.4,7.5,7.8
20-02-23,0,0,0,0,0,0,0,0,0,0,0,0,82,84,84,80,74,85,78,81,70,81,80,63,24.1,23.8,22.9,24.1,23.4,23.1,23.6,23.8,23.8,23.6,24.3,23.3,6,4.4,3,7.7,3.2,5.8,4.7,0,4.8,6,6.9,6.9
21-02-23,0,0,0,0,0,0,0,0,0,0,0,0,81,87,87,85,84,87,85,82,74,88,85,54,25.1,23.6,23.7,23.8,23.4,23.8,22.5,24.3,24.2,23.6,24.1,23,6,2.3,0.8,6.4,0,5.6,3.2,5.9,2.9,0.7,4.4,5
22-02-23,0,0,0,0,0,0,0,0,0,0,0,0,78,84,83,81,82,87,82,82,72,78,83,66,26.1,24.3,25,24.7,24.5,24.7,23.5,25.3,24.5,24.6,25,23.7,6.5,5.9,2.7,7.8,5,8.5,4.4,4.8,7.5,8.3,6.3,8.3
23-02-23,0,0,0,0,0,0,0,0,0,0,0,0,80,82,82,79,77,88,79,82,65,87,79,65,26,24.9,25.3,24.7,25,24.5,24.2,25.3,24.9,25,25.3,23.8,6.1,6.7,3.2,8.4,3,7.6,8,4.8,9,6.9,8.4,8.4
24-02-23,0,0,0,0,0,0,0,0,0,0,0,0,75,77,81,80,77,87,80,80,66,74,80,62,26.4,25.5,25.4,25.4,25.2,24.7,24.7,25.9,25.5,26,25.8,24.8,6.1,7.8,1.9,9.3,4.6,6.4,5.6,4.3,9,6.3,10,8
25-02-23,0,0,0,0,0,0,0,0,0,0,0,0,68,78,68,82,62,85,80,78,64,76,78,63,26,25.2,24.5,25.7,24.9,24.6,24.1,25.6,25.5,24.6,25.5,24.8,5.9,6.1,7,6.9,8.7,7.2,8.7,7,8.3,7.4,8.8,9.3
26-02-23,0,0,0,0,0,0,0,0,0,0,0,0,56,44,58,56,58,65,72,72,55,63,38,59,25.1,26.4,24.2,26.3,23.5,24,25,24.8,24.3,24.2,26.2,24.6,7.6,8.9,8.8,10.1,9.2,10,2.8,9.2,10.6,9.8,10.5,9.3
27-02-23,0,0,0,0,0,0,0,0,0,0,0,0,61,49,71,52,53,69,64,65,59,60,49,60,25.8,26.3,24.1,26.2,24.6,23.9,24.6,25.3,24.3,25.5,26.4,23.8,7.2,7.4,8.7,9.7,4.5,8.8,9.9,8.8,9.8,8.7,10.2,9.1
28-02-23,0,0,0,0,0,0,0,0,0,0,0,0,62,66,70,61,65,83,73,73,57,78,68,61,25.1,25.8,23.6,26.1,24.3,23.9,24.4,25,25.1,25,25.8,23.6,7.4,5.1,8.5,10.3,7.3,8.7,9.9,7.8,10.4,8.4,10.5,9.4
1/3/2023,0,0,0,0,0,0,0,0,0,0,0,0,66,47,67,49,61,69,69,72,60,68,46,59,24.8,27.3,24.3,27,23.6,24.3,25.8,24.7,25.9,24.5,26.9,23.8,7.5,8.5,9.2,10.3,9,8.9,8.8,8.6,9.6,9.1,9.8,9.4
2/3/2023,0,0,0,0,0,0,0,0,0,0,0,0,67,46,70,50,60,71,72,72,62,69,45,59,25.5,27.2,24.6,27.3,24.7,24.4,26,24.9,24.1,24.2,27,24,7.4,8.9,8.1,10.3,8.9,9.2,10,9,10,9.4,9.6,9.1
3/3/2023,0,0,0,0,0,0,0,0,0,0,0,0,65,57,67,57,58,71,71,68,57,65,59,59,26.3,27,25,27.4,26,25.6,25.8,25.6,25.7,25.6,27.1,24.1,8.6,8.4,8.5,9.7,9.5,9.5,9.9,8.6,6.5,9,9.5,9.7
4/3/2023,0,0,0,0,0,0,0,0,0,0,0,0,66,59,69,64,62,70,70,69,63,69,62,59,26.2,26.8,24.9,27.4,25.7,25.7,26.7,25.7,25.6,25.9,27.2,24.3,7.9,8.4,8.7,10.4,8.8,9.3,7.4,9.2,9.3,8.8,4.7,9.6
5/3/2023,0,0,0,0,0,0,0,0,0,0,0,0,60,66,70,69,63,79,74,73,62,75,68,60,27,26.8,25.4,26.4,26,25.6,26.2,25.8,26.1,26,26.9,25,8.1,8.5,8.2,9.7,8.8,8.7,9.8,9.1,9,8.8,9.6,8.6
6/3/2023,0,0,0,0,0,0,0,0,0,0,0,0,62,73,70,72,64,77,77,70,61,72,70,59,26.4,26.6,24.7,26.4,25.5,25.7,26,26.4,26,25.7,26.6,24.6,8.4,8.9,8.2,9.6,8.8,8.6,2.4,9.3,9.2,8.9,9.3,9.1
7/3/2023,0,0,0,0,0,0,0,0,0,0,0,0,58,56,64,53,60,73,73,74,56,69,54,59,26.6,27.6,25.4,27.5,25.3,25.5,26.5,26.1,25.6,26,27.3,25.1,7.7,9.1,8.4,9.8,9,9.6,10,8.8,9.3,9.6,8.5,8.6
8/3/2023,0,0,0,0,0,0,0,0,0,0,0,0,61,39,63,50,56,67,69,68,64,69,42,61,26,28.2,24.6,27.7,25,25.4,26.6,25.9,25.6,25.3,27.7,25.4,5.1,5.6,6.3,7.8,5.7,6,8.2,4.2,3.3,5.5,7.6,3.8
9/3/2023,0,0,0,0,0,0,0,0,0,0,0,0,58,53,63,50,65,67,68,76,67,71,46,60,26.1,27.7,25.5,27.8,24.2,25.3,27,24.7,25.6,25.2,28.2,26,5.2,6.8,5.8,9.3,1.9,8.2,6.9,0,7,7.9,4.4,6.2
10/3/2023,0,0,0,0,0,0,0,0,0,0,0,0,63,50,68,41,58,66,65,68,56,70,42,59,25.6,28,24.3,28.6,24.8,25.2,26.9,25.5,25.9,25,28.3,25.8,1.3,1.8,3.5,10.1,3.1,3,2.3,2.3,3.8,4.4,1.2,3.3
11/3/2023,0,0,0,0,0,0,0,0,0,0,0,0,62,48,63,46,58,56,62,71,55,61,42,59,27,28.8,25.7,28.7,25.3,26.9,27.5,26.2,25.9,26.7,28.9,26.8,7.7,8,7.7,7.6,8,9.3,8.5,7.7,9.3,9.7,6.9,7
12/3/2023,0,0,0,0,0,0,0,0,0,0,0,0,56,42,55,45,60,65,71,66,56,66,42,57,27.3,29,27.2,28.8,25.9,26.4,26.7,26.1,27.8,26.7,29.8,27,8.6,9,9.2,9.4,9.5,9.6,4.8,9.4,9.6,10.4,7.9,9
13-03-23,0,0,0,0,0,0,0,0,0,0,0,0,58,40,59,47,58,64,68,68,49,63,43,59,27.3,28.6,25.5,28.4,25.5,26.3,26.9,25.8,27.3,26.3,28.9,26.8,9.4,8.8,9.7,9.3,9.4,10.2,9.8,9.4,9.7,10.4,8.9,9.2
14-03-23,0,0,0,0,0,0,0,0,0,0,0,0,68,74,74,79,70,79,74,73,58,83,76,61,27.1,26.6,25.1,26.9,25.3,26.3,26.2,26.4,27.5,25.8,26.6,25.8,5.7,6.7,6.8,7.8,4.7,5.9,3.9,5.5,6.9,6.7,7.1,5.8
15-03-23,0,0,0,0,0,0,0,0,0,0,0,0,81,83,83,80,79,83,76,83,63,86,82,65,25.7,26.8,24.9,26.7,25.2,25.9,26.1,25.8,27,26.2,27.1,25.5,1.2,3.2,1.1,7.5,0,5.5,5.9,0,5,5.9,1,0
16-03-23,2,0,0,0,0,0,0,1,0,0,0,0,81,84,81,81,77,83,78,85,67,88,83,61,26.8,26.5,26,26.7,26.2,26.2,25.9,26.4,26.3,26.1,26.6,26.1,3.2,5.6,1.1,1,1.1,3.3,1.5,0.8,4.3,5.8,2.2,2.6
17-03-23,1,0,0,0,0,0,0,0,0,0,0,0,76,79,73,81,72,85,79,77,67,85,73,61,25.3,26.6,24.6,26.6,25.2,25.2,26,25.4,26.1,25.8,27.5,26.3,2.6,1.8,2.1,0,0,0.5,0.5,0,1.7,3,3.3,0
18-03-23,0,0,0,0,0,0,0,0,0,0,0,0,73,74,73,70,72,82,75,76,77,85,77,62,25.9,25.6,24.9,27.1,25.3,24.6,26.2,25.4,24.7,24.7,25,25.8,2.3,0.6,2.3,3.9,0,0.2,1.8,0.5,0.7,1.1,0,1
19-03-23,0,0,0,0,0,3,0,0,0,0,0,0,84,82,87,79,83,88,80,88,82,90,84,67,23.6,23.9,22.5,24.2,23.1,23,23.8,23.2,22.9,23.5,23.6,23.9,0.6,0.2,0.1,0.5,0,0.4,0,0,0,0.4,1.3,0.5
20-03-23,9,4,23,3,7,16,1,11,2,10,6,7,88,84,85,81,89,90,84,87,79,87,82,66,23.1,22.5,22.3,23.2,20.8,22.2,22.2,23,23.5,23.1,23,24.8,2.7,1.5,4,2,2.9,0.2,0.7,2.2,2.7,1.2,1.5,1.8
21-03-23,46,6,4,25,7,18,1,2,3,5,7,35,88,81,87,74,85,92,73,92,84,90,91,66,23.3,23.3,22,25.2,21.6,22.9,25.2,21.6,21.9,22.5,21.7,23.3,6.2,1.7,6.3,9,4.6,4.2,8.1,3.5,1.4,1.8,0.4,3.2
22-03-23,36,4,11,2,82,19,0,26,14,8,11,36,80,86,79,77,70,88,81,80,85,90,88,64,24.9,23.4,23.6,25.5,23.8,23.2,24.1,24.4,21.6,22.5,23.2,23.5,6.6,5,8.7,7.8,8.6,6.9,3,8.1,3.3,5.6,5.7,3.9
23-03-23,0,14,0,0,0,1,0,0,5,9,3,39,82,82,81,74,77,91,77,87,73,89,82,67,24.5,25.8,23.4,26.5,24,23.5,25.6,23.8,24.2,24,25.2,23.9,8.1,7,8.4,9.6,6.8,2.9,8.9,4.1,6.5,5.4,9,6.2
24-03-23,0,0,0,0,7,3,0,8,0,2,0,3,77,76,83,75,74,87,77,72,60,80,80,60,25.9,26.9,23.9,26.6,25.1,24.6,26,25.9,25.9,26.2,26,24.9,6.2,9.1,7.3,10.4,7.4,9.5,6.2,8.6,8.8,9.2,10.4,9.7
25-03-23,0,0,4,0,0,0,0,0,0,0,0,0,83,77,81,73,71,85,75,80,60,81,75,60,26.5,27.3,25.8,27.3,26.5,25.9,26.1,26.6,26.6,26.7,27.1,25.9,5.2,8.1,7.1,9.3,9.4,8,9.4,6.6,8.6,8.9,9.5,9.3
26-03-23,11,0,0,0,0,0,0,0,0,0,0,0,82,83,77,79,69,81,81,80,64,78,74,60,25.8,27.6,25.9,27.5,26.4,26.7,26.2,26.2,27.8,26.9,27.5,26.6,7.2,8,8.3,9.2,6.2,7.5,5.9,8.2,9.2,7.5,7.8,8.9
27-03-23,4,0,0,0,0,0,0,3,0,0,0,0,80,83,79,81,76,91,77,87,76,88,86,69,26.3,26.7,24.9,27.5,26.4,24.6,26.6,25.2,26,26.2,26.5,25.6,6.1,2.8,6.3,8,2.9,1.2,3.8,1.6,1.6,0.5,2.2,1.2
28-03-23,0,1,2,0,0,5,0,0,0,0,0,4,74,84,85,77,78,87,77,82,70,83,82,67,27.3,27.7,24.9,28.2,26.4,26.9,26.9,27.6,27.1,27.6,27.5,26.3,7,7.1,5.2,9.6,4.4,5.4,8.6,7.3,7.2,6.7,6.9,7.3
29-03-23,0,0,19,0,0,0,0,0,0,0,0,0,93,74,88,72,84,86,73,91,86,84,84,69,24.2,26.5,23.4,27.9,23.1,25.5,26.6,24.1,23,25.4,24.9,26,2.5,5.5,1.8,8.8,2,5,8.7,4.3,3.3,5.7,5.1,2.5
30-03-23,24,0,3,0,39,0,0,38,5,0,15,8,83,77,82,76,79,83,79,82,72,90,83,70,25.5,27.7,25.2,28,24.9,27.4,27.4,26.1,26,24.7,27.2,25.5,5.1,7.1,4.1,10.4,6.7,6.1,3.3,4.6,7.8,3.7,6.8,7.2
31-03-23,42,0,30,0,6,0,0,4,18,37,0,0,86,75,80,74,81,86,78,80,70,83,80,63,25.2,27.7,25.3,28.5,25.7,26.3,27.4,26.1,26.2,26.2,27.6,27.1,4,3.5,5.8,7.6,6.4,3.8,5,3.8,3.2,1.6,3,1.4
1/4/2023,30,10,3,0,0,3,19,6,0,0,0,0,91,89,88,78,87,90,84,91,87,95,93,71,23.4,23.1,23.4,25.5,22.8,24.2,24.8,23.3,23.3,23.4,23.1,23.1,0.2,0.3,0.3,2.5,0,0.2,2,0,0,0.1,0.3,0
2/4/2023,7,33,9,10,37,16,16,8,40,12,38,43,76,72,77,77,72,79,77,77,61,78,78,68,26.9,26.4,25.7,25.7,25.8,26.4,25.8,26.7,25.8,27,26.5,25.5,10.1,7.9,9.5,7.5,9.9,9.5,9.6,10.2,8.1,8.9,8.7,9.4
3/4/2023,0,37,0,16,0,0,7,0,0,0,11,0,70,75,73,79,72,82,77,76,66,80,80,69,28.1,26.7,26.9,26.2,26.1,27.2,26.4,27.8,26.4,26.9,26.6,26.1,9.7,8,8.9,9.8,8.9,8.1,1.8,9.9,9.1,8.6,9.2,9
4/4/2023,0,0,0,9,0,0,0,0,0,0,0,0,76,80,79,80,75,82,76,79,65,88,83,72,29.3,28.2,27.7,28,27.5,28.2,27.7,29,27.8,28.6,27.9,27.6,9.4,8.6,8.1,10.1,8,10.1,10.4,9.8,7.7,9.2,10.1,7.3
5/4/2023,0,0,0,0,0,0,0,0,0,0,0,0,78,82,82,78,77,88,78,84,72,89,85,71,29.3,27.7,27.5,28.4,27.1,26.7,27,27.2,25,27.1,26.8,27,6.6,7.2,6.3,10,6.7,6.3,3.4,4.7,5.3,6.5,5.2,3.1
6/4/2023,0,0,0,0,0,34,0,2,2,0,0,42,85,76,76,76,75,84,80,80,64,86,80,69,27,28.3,26.9,28.6,27.3,27.6,27.6,27.4,27.8,27.1,27.9,26.9,7.9,8.4,7.8,9.8,8.4,7.8,10.3,8.1,8.5,8,8.1,8.2
7/4/2023,13,0,0,0,0,0,0,0,0,1,0,0,76,54,74,62,68,76,73,74,57,77,60,68,27.9,30.1,27.2,29.4,27.9,28.4,28.4,28,28.2,28,29.3,27,6.9,9.3,8.3,10.6,9.2,9,5.2,9.1,9.9,9.8,9.9,9.1
8/4/2023,0,0,0,0,0,0,0,0,0,0,0,0,71,59,70,56,64,71,74,69,55,75,63,69,29.3,29.9,27.7,30.2,28.6,29,28.6,28.9,28.2,28.3,29,27.6,9.5,9.2,9.4,10.5,9.6,10.4,11.2,10,10,10.3,9.7,9
9/4/2023,24,0,0,0,0,0,0,0,0,0,0,0,62,63,67,60,64,72,77,68,61,76,66,66,30,30.2,28.2,30.6,29,29.8,28.6,29.4,28.1,29.5,30.3,27.6,9.5,8.8,9.6,10.4,9.5,9.8,4.2,9.6,9.4,9.9,9.9,8.9
10/4/2023,0,0,0,0,0,0,0,0,0,0,0,0,65,69,71,69,64,79,78,75,53,78,71,67,30.3,30.6,28.6,30.5,29.8,30,29.4,30.1,29.6,29.8,30.7,28.4,8.9,8.5,8.9,10.3,9.5,9.8,9,9.1,9.4,9.6,8.8,8.9
11/4/2023,0,0,0,0,0,0,0,0,0,0,0,0,70,72,70,78,64,76,78,73,51,74,72,64,31,30.4,29.4,30,30.5,29.9,29.2,30.5,30.6,30.1,30.5,28.9,9.1,8.6,9,9.9,9.5,9.2,7.6,9.5,8.5,9.2,8.9,9
12/4/2023,0,0,0,0,0,0,0,0,0,0,0,0,67,71,72,73,63,81,76,73,55,75,73,65,31,30.5,29.3,30.2,31.3,30,29.3,30.6,31.1,30,30.8,29,9.7,8.4,9.4,10.9,9.7,10.4,10.3,9.9,9.7,10,8.1,9.3
13-04-23,0,0,0,0,0,0,0,0,0,0,0,0,62,73,70,77,60,78,77,69,55,78,73,65,31.2,29.7,29.2,29.9,30.3,29.3,28.9,30.7,30,29.5,30.2,28.6,10.4,9.3,9.4,10.9,9.2,9.6,6.1,9.6,9.9,9,9.3,9.5
14-04-23,0,0,0,0,0,0,0,0,0,0,0,0,68,67,69,72,65,81,73,74,57,82,72,65,31.9,31,30.3,30.4,30.5,30.4,29.8,31.1,30.6,30.5,31.1,29.3,9.8,9.1,9.7,10.4,10.1,10.5,10.5,9.5,10.2,9.8,10,9.4
15-04-23,0,0,0,0,0,0,0,0,0,0,0,0,71,71,76,68,67,78,77,73,63,79,73,64,31.8,30.9,30.7,31,31.8,30.6,30,31.7,30.7,31.2,31.3,30.3,8.8,8.6,8.7,10.5,9.6,9.6,9.2,9,9.6,9.6,8.6,9.1
16-04-23,0,0,0,0,0,0,0,0,0,0,0,0,77,84,76,80,68,83,80,81,69,84,84,63,32.2,30.2,31,29.7,31.7,30.4,29.6,31.3,31.1,30.3,30.6,30.6,8.4,9.3,8.5,9,9,8.4,8.8,7.2,9.2,9.3,8.2,7.2
17-04-23,0,0,0,0,0,0,0,0,0,0,0,0,83,83,83,83,79,85,79,85,77,85,84,63,31.2,30.3,30.1,29.9,30.2,30,29.8,30.5,29.9,30.2,30.4,30.6,8.2,6.2,7.9,8.4,7.2,9.3,6.8,6.3,7.9,8,1.2,7.4
18-04-23,0,0,0,0,0,0,0,0,0,0,0,0,79,82,82,79,77,84,75,83,68,84,81,64,31.4,30.5,30.3,30.3,30.5,30.2,29.8,30.8,31,30.3,30.7,30.5,7.9,6.7,4.8,8.3,7,8.2,8.2,8.3,6.5,9.1,2.7,7.5
19-04-23,0,0,0,0,0,0,0,0,0,0,0,0,77,83,81,78,77,85,76,84,72,84,83,67,31.4,30.5,30.1,30.7,30.1,30,30,30.4,30.6,30.2,30.8,30.4,8.9,5.5,7.4,8.2,7.5,9.8,9.8,7.7,8.2,7.9,0,8.7
20-04-23,0,0,0,0,0,0,0,0,0,0,0,0,78,83,80,77,76,84,76,81,69,83,80,67,31.2,30.6,29.9,30.6,30.4,30.4,29.7,30.9,31.2,30.7,31.2,30.3,9.4,7.9,9.3,8.2,7.8,9.5,0.7,7.5,9.5,7.9,8.5,8.4
21-04-23,0,1,0,0,0,0,0,0,0,0,3,0,79,84,80,78,79,84,78,85,78,80,83,68,28.7,28.1,26.8,28.1,29.6,29.1,28.9,27.9,27.8,28.5,27.8,29.6,4.5,2.6,1.7,7.7,2.2,3.3,10.2,4.2,3,2.9,0.4,0.1
22-04-23,0,8,13,18,1,0,9,1,20,0,5,0,71,79,72,76,66,81,78,78,71,82,82,67,30,29.2,28.7,29.2,29.2,29.5,28.2,29.4,29,29,29.2,29,8.4,7.7,9.5,9.6,9.2,9,3.5,7.7,7.5,8.4,8.5,7.7
23-04-23,0,0,0,0,0,0,0,0,0,0,0,0,72,69,75,70,66,67,76,78,80,69,72,68,27,29.3,26.5,29,27.8,28.7,28,27.2,26.3,28,28.9,29.1,1.1,5.1,1.6,5.6,3.5,3.3,6.4,1.8,2.8,4.1,7,6.4
24-04-23,0,0,0,0,0,0,6,0,4,0,0,0,72,63,65,64,62,70,74,69,60,69,61,66,27.9,29.8,27.9,29.7,27.9,28,29.3,28.2,28.8,28.6,29.7,28.8,7.2,8,9.7,9.5,9.4,5.4,10.2,7.8,8.6,6.2,4.4,8.5
25-04-23,0,0,0,0,0,0,0,0,0,0,0,0,64,60,64,57,61,75,71,65,62,68,60,64,29.8,31,28.8,30.8,29.2,28.7,29.7,29.2,29.3,29.4,30.5,28.8,9.8,9.9,10.4,11,10.8,10.9,6.6,11,9.8,9.8,10.6,9.3
26-04-23,0,0,0,0,0,0,0,0,0,0,0,0,65,65,60,60,58,74,69,64,59,64,64,64,30.1,31.3,29.2,31.2,29.4,29.2,30.8,29.9,29.3,29.5,30.9,29.6,9.4,10,10.7,11.3,10.4,9.6,12.2,10.5,9.6,9.8,10.2,8.8
27-04-23,0,0,0,0,0,0,0,0,0,0,0,0,74,62,69,63,62,69,73,75,57,65,59,61,28,30.7,27.9,30.5,28.3,29.1,30.3,28.3,29.4,29.4,30.4,28.9,8.5,10.5,9.2,11.4,10.5,10.1,8.1,10.2,10.5,9.7,10.4,8.8
28-04-23,25,0,5,0,2,0,0,2,0,0,0,0,72,60,70,64,63,85,69,72,61,75,68,61,28.1,30,28,30.6,29,27.4,30,28.9,29.6,28.6,29.7,28.8,9.9,7.7,10.4,11.3,9.4,7.5,0.3,10.2,9.3,6.6,8.5,7.2
29-04-23,0,0,0,0,0,1,0,0,0,1,0,0,68,65,68,69,62,75,67,74,60,67,66,62,28.6,31.1,28.7,30.9,29.6,29.3,30.1,29.6,30.5,30.2,31.1,29.3,9,8.3,9.8,10.8,9.8,7.9,6.1,9,9.6,8.3,9.3,8
30-04-23,3,0,3,0,0,0,0,0,0,0,0,0,67,62,68,68,66,69,69,70,59,67,62,59,29.1,31.2,29,31.1,29.3,30.2,30.7,30,30.6,29.7,31.4,30.3,6.9,8.1,9.2,10.7,8.2,7.5,10.4,0,8.1,6.7,7.9,6.6
1/5/2023,0,0,0,0,0,0,0,0,0,0,0,0,72,62,68,64,68,69,69,71,64,66,62,61,28.4,31.4,28.8,31.3,29.2,29.4,30.9,29,30.4,30.3,31.6,30.6,5.2,6.4,7.5,8.7,6.7,,1.2,4.1,6.4,4.7,6.8,6.8
2/5/2023,1,0,0,0,0,0,0,0,0,0,0,0,63,59,64,67,55,65,70,66,62,67,63,60,30.1,31.8,29.4,30.6,30.5,30.3,30.5,30.4,30.1,30,31.2,30.8,9.8,9,9.2,5.4,10.6,,9,9.8,7.7,10.3,5.5,5.9
3/5/2023,0,0,0,0,0,0,0,0,0,0,0,0,82,65,78,63,70,74,67,79,60,76,65,56,26.9,30.2,27.3,30.4,27.5,28.5,30.4,27.7,28.9,28,29.9,29.3,1.9,0.6,3,3.6,1,,11.4,0,0.6,0.4,0.5,0.2
4/5/2023,38,0,4,0,4,0,0,4,0,0,0,0,79,70,80,60,79,84,69,84,61,82,66,62,28.2,29.4,27.1,29.9,27.1,27.9,29.6,27.6,28.2,28.1,29.3,28.9,1.2,0.2,2.9,1,0,,2.8,0,0.3,0.4,0.1,0.2
5/5/2023,0,0,0,0,0,2,0,0,0,0,0,0,86,74,76,70,77,81,74,82,58,76,71,60,27.3,30.1,27.8,30.3,28.2,28.4,29.4,28.1,29.8,29,30.1,29.4,4.7,5.5,7.9,10.5,8.5,,7.7,8.3,9.4,6.2,6.5,6.5
6/5/2023,12,0,0,0,1,0,2,53,0,0,0,0,75,82,79,78,73,86,75,85,70,82,80,60,30.2,30.1,28.5,29.2,29.3,28.7,29.5,29.1,28.9,29.4,30.2,29.5,8.3,4.3,8.7,6.3,8.1,,9.5,6.6,8.8,5.7,1.5,7.4
7/5/2023,0,0,1,17,0,1,1,0,10,0,0,0,71,80,69,78,63,77,74,80,59,75,77,61,30.8,31.1,30,30.3,30.6,30.6,30.5,30.1,31,30.3,31.2,30,9.4,9.3,10.9,9.8,10.9,,6.1,9.6,9.5,8.5,10.1,8.7
8/5/2023,0,0,0,0,0,0,0,0,0,0,0,0,71,73,69,74,63,75,77,75,55,75,74,59,32.3,31.8,30.7,31.4,31.3,31.7,31,31.2,31.9,31.6,31.8,30.8,10.4,7.3,10.2,11.2,10.7,,11,10.7,10.6,10,10.2,7.8
9/5/2023,0,0,0,0,0,0,0,0,0,0,0,0,73,81,61,79,62,76,77,71,58,71,73,63,32.4,31.6,32.1,30.5,32.4,31.5,31.1,32.2,32.5,32.3,32.1,30,9,6.9,9,10.8,10,,5.7,10.4,11.5,10.4,9.1,8.6
10/5/2023,0,0,0,0,0,0,0,0,0,0,0,0,73,80,67,78,70,79,77,74,65,80,79,68,31.8,31.1,31.7,30.2,31.7,30.9,30.5,31.8,31.6,30.8,31,30.7,9.6,9.9,9.2,11,10.1,,11.8,10.8,10.6,10.6,10.6,7.9
11/5/2023,0,0,0,0,0,0,0,0,0,0,0,0,74,78,66,76,65,78,76,73,63,78,77,65,31.3,30.7,30.9,30.6,31.7,30.6,30.2,31.4,31.5,30.7,31.1,31,9.8,7.4,10.3,11.3,9.5,,3.4,10.9,10.3,10.9,10,7.2
12/5/2023,0,0,0,0,0,0,0,0,0,0,0,0,74,74,70,74,67,79,76,72,69,74,67,65,30.5,30.6,30.3,29.1,31.1,30.2,29.3,30.5,30,30.6,31.2,31,3.7,2.1,5.2,2.9,9.7,,5.5,8,6,6.3,8,8
13-05-23,0,0,0,11,0,8,0,0,1,0,0,0,75,85,73,85,78,86,82,81,90,88,85,77,29,26.8,28.3,26,27.2,27.4,26.9,27.7,26.5,27,26.7,26.8,2.1,0,0.2,0,0,,0,0.3,0,0,0,0
14-05-23,0,7,0,7,3,6,8,3,7,5,7,9,69,83,75,91,85,86,85,87,85,90,90,80,26.7,24.4,24.9,23.3,24,24.8,24.1,23.9,24,23.9,23.9,24.7,0,0,0,0,0,,0,0,0,0,0,0
15-05-23,0,11,1,30,6,6,25,8,12,4,10,3,72,77,68,82,72,85,79,78,77,81,78,67,28.3,27.5,28,28.4,27,28.5,28.5,27.8,27.5,27.5,27.5,27.6,10,9.5,10.7,10.3,8.9,,10.4,11.1,6.5,9.7,9.1,8.3
16-05-23,0,23,0,2,14,12,8,8,2,20,52,3,81,76,74,75,73,83,72,81,64,80,77,67,27.5,28.7,27.8,27.9,27.7,28.4,29.6,29,29,28.1,28.1,28.4,9,9.8,8.5,8.9,10.2,,9.8,10.2,10.6,9.8,10,8.1
17-05-23,14,30,0,28,16,9,17,20,16,27,36,8,88,80,81,74,85,86,74,87,82,87,84,75,24.8,25.5,24.2,26.8,23.6,26.2,27.7,25.3,24.8,25.6,25.3,24.3,10,6.1,3.4,4.3,2.3,,7.5,3.2,5.9,4.2,6.2,3
18-05-23,17,12,19,3,23,42,8,13,9,40,13,30,84,85,84,86,85,93,83,90,88,93,88,71,26.1,24.2,24.2,24.1,23.4,24.5,24.3,24.5,23.9,24.2,23.9,23.8,3.4,1.2,4.6,8.9,2.2,,9.6,2.4,2.6,2.1,0.3,0.9
19-05-23,22,26,27,19,12,11,13,7,11,16,13,25,82,81,81,82,77,88,80,83,69,85,83,56,29.6,29,28.6,28.8,28.7,29,28.3,29.3,28.9,29.2,29.2,28.6,7.2,9.7,5.6,11.5,9.6,,10.8,7.5,10.4,9.3,10.1,7.4
20-05-23,0,0,0,0,0,0,0,0,0,0,0,0,74,78,77,81,73,81,79,77,68,78,80,56,30.5,29.6,29.3,28.4,29.5,28.4,28.3,29.8,30.1,29.5,29.7,29.4,9.4,5.5,8.4,5.4,9.3,,10.7,9.4,7.8,8.8,6.6,7.6
21-05-23,0,0,0,0,0,0,9,0,0,0,0,0,81,80,78,79,74,89,80,83,68,83,77,65,30.3,29.3,28.7,29.2,29.5,29.3,29.2,29.4,29.7,29.6,29.6,28.9,9.6,8.6,10.1,11.5,9.3,,3.6,7.9,9.5,9.2,8.4,8.1
22-05-23,15,6,31,0,3,1,0,14,9,0,17,0,79,82,79,83,76,85,78,78,70,83,83,62,30.8,29.5,29.3,29.6,29.4,29.7,29.6,30.3,30.2,29.8,29.7,29.3,9.4,8.6,9.9,11.4,10.4,,11.2,10.6,10.7,10.8,9.6,8.6
23-05-23,0,0,0,0,0,0,0,0,0,0,0,0,88,78,85,81,81,87,80,85,69,87,80,71,26.6,28.7,25.4,29.1,26.4,27.5,29,27.3,29.7,27.6,28.3,29.1,4.6,7.8,5.5,11.2,6.6,,1.4,6.5,8.5,7.9,9.1,6.7
24-05-23,30,2,16,5,38,38,7,26,0,25,5,12,96,91,88,91,89,97,91,97,92,95,95,82,24,23.9,24,24.3,23.1,23.9,23.7,23.3,24.1,23.9,23.3,23.9,0,0,0.3,0.8,0,,6.8,0,0,0,0,0.2
25-05-23,74,37,0,27,5,84,38,27,6,56,32,45,84,80,77,80,79,88,79,85,72,85,81,73,28.8,28.7,26.5,28.7,28.1,28.6,28.2,28.5,28.8,28.8,28.7,28.5,5,3.9,9,9.5,7.1,,4.4,6.3,8.1,5.3,2.4,4.7
26-05-23,1,4,1,0,0,19,26,0,0,10,22,0,80,81,74,84,74,87,83,81,71,84,80,72,28.7,28,28.5,28.3,29.3,28.2,27.5,29.3,28.9,28.6,28.2,29,8.9,5.3,9.3,6.1,9.6,,0,10.1,8.8,8.3,7.8,8.1
27-05-23,12,4,2,5,16,0,4,0,1,1,3,4,90,78,85,79,82,86,78,84,70,87,77,72,26.3,29.3,25.8,29.5,26.9,28.8,29.4,27.7,29.5,28.3,29.2,29.4,6.1,7.7,6.4,11.4,3.9,,4.5,6.3,10.6,7.5,9.2,6.3
28-05-23,7,0,12,0,7,0,0,3,0,1,0,0,79,76,78,77,74,80,74,78,64,80,81,69,29.5,30.1,28.7,29.8,29,29.8,29.9,29.7,30,30,29.6,29.7,8.6,7.1,9.5,11,7.5,,11.9,8,10.9,10.2,7.4,7.6
29-05-23,0,0,0,0,0,0,0,0,0,0,0,0,74,74,69,71,68,78,75,72,57,74,72,67,30.8,31.2,30.5,31.3,30.4,30.5,30.5,31,31.7,30.8,31.3,30.3,8.5,4.9,10.8,11.4,10.7,,11.8,10.4,11.5,10.8,7.1,8
30-05-23,0,0,0,0,0,0,0,0,0,0,0,0,69,75,72,76,66,76,76,72,55,72,68,62,32.2,31.5,31.1,30.5,31.7,31.5,30.7,32.1,31.9,32.3,32,31.3,10.3,6.9,8.8,9.7,9.6,,11.3,10.6,8.7,10,10.9,7.8
31-05-23,0,0,0,0,0,0,0,0,0,0,0,0,72,78,69,76,64,81,76,74,73,73,76,62,32.6,30.4,31.8,30.8,32,31.5,31,31.8,30.1,32.7,30.5,31.6,10.5,6.1,11.9,9.7,10,,6.1,9.6,8.9,9.1,8.1,7.7
1/6/2023,0,0,0,0,0,0,0,0,17,0,50,0,79,79,74,79,69,83,82,78,79,79,82,64,32,30.1,30.9,28.7,31.2,30.7,28.9,31.9,29.5,31.2,30,31.3,9.2,1.6,8.8,4.3,10,7.2,11.4,8.7,7.5,5.8,6.5,7.9
2/6/2023,0,0,0,0,0,0,2,0,2,0,0,0,78,80,75,80,71,82,80,80,72,83,80,65,32.2,30.7,31.3,30.3,31.4,31.1,30.3,31.9,30.6,31.2,31,31.1,9.5,4.6,8.1,10.7,9.3,10.6,6.1,9.9,10.2,10.4,10.5,7.7
3/6/2023,0,0,0,0,0,0,0,0,0,0,0,0,77,79,76,75,71,81,79,80,76,78,78,67,32.4,31,31.5,30.5,31.6,31.3,30.5,32.2,29.4,31.6,31.4,31.4,9.1,3.5,8.5,10.8,8.2,8.7,11.1,7.2,7.3,8.3,7.3,6.1
4/6/2023,0,0,0,0,0,0,0,0,0,0,0,0,76,78,74,74,75,84,81,80,71,77,80,66,32.4,31.1,30.3,30.7,30.3,31.1,30.4,31.9,30.6,31.7,31.2,30.9,8.9,5.2,7.3,11.1,6.3,5.2,7.6,7.6,9.1,8.4,6.3,7.1
5/6/2023,0,7,0,0,12,0,0,0,0,0,2,0,74,81,72,74,68,75,78,75,66,75,79,66,32.7,29.7,31.9,30.4,31.6,31.8,29.9,32.3,30.5,31.7,30.7,31.8,10.1,2.5,8.4,8.2,9.1,10.4,10.5,7.9,9.6,7.3,4.4,7.6
6/6/2023,0,3,0,0,0,0,0,0,14,0,0,0,74,80,73,74,67,79,75,76,73,77,79,67,32.7,29.5,30.9,30.2,31.6,31.4,30.2,32,29.3,30.6,29.7,31.2,9.6,3,6.4,3.4,7.4,4.6,6.2,7.7,8.8,4.7,6.6,6
7/6/2023,0,6,0,0,0,0,0,0,98,0,9,0,83,83,81,81,82,89,76,87,79,86,86,71,31.3,29.4,30.5,28.8,29.4,29.3,29.6,29.8,29.3,29.5,29.7,29.4,0,0,0.2,0,0,0,2.6,0,2.6,0,0,0.1
8/6/2023,0,75,0,12,1,10,55,0,0,4,25,0,93,91,92,89,92,94,88,94,88,92,90,72,28.7,28.4,28,27.5,27.2,28,27.9,28,28.6,28.5,28.9,29.6,0,0,0,0.7,0,0.8,0,0,2.5,0.2,0,1.4
9/6/2023,5,20,4,34,99,100,13,16,4,74,3,6,96,90,90,75,87,90,82,93,86,87,93,77,26.9,27.9,27,28.7,27.3,28.2,28.8,27.6,27.7,28.3,27.6,28.1,0,1.1,0.5,2.4,1.3,0.5,2.7,1.1,1.8,0.8,0.2,0.6
10/6/2023,27,51,83,1,26,21,0,17,3,2,34,20,96,94,93,94,95,99,88,98,87,98,98,86,26.7,26.5,26.4,26.4,25.4,26.1,26.3,25.5,26.3,26,26.1,26,0,0,0.9,0,0,0,0,0,0,0,0,0
11/6/2023,7,61,25,43,40,40,22,62,16,36,66,23,88,91,87,90,90,90,87,93,86,94,94,82,28,25.6,26.7,25.4,25.9,27.3,25.5,26.2,26.3,25.9,25.6,25.7,1.2,0,0,0,0,0,7.6,0,0,0,0,0
12/6/2023,2,6,0,31,21,3,34,26,16,48,16,117,91,83,92,83,89,93,77,87,77,89,83,70,27.4,30,26.2,29.1,26.8,27.9,29.3,28,28.2,28.2,29.4,29.1,3.6,1.8,1,5.1,2.8,1.7,5.7,4.7,4.6,4.1,0,3.7
13-06-23,5,1,47,0,7,36,0,4,4,1,1,4,82,84,86,83,80,89,81,84,72,87,84,74,30.3,30.3,29.6,29.3,29.8,29,29.9,30.4,30.1,30.4,30.2,28.9,6.6,1.7,4.3,6,7.5,6.6,5.3,8.5,6.2,7,4.6,6.6
14-06-23,0,0,29,0,0,5,0,0,0,0,0,0,81,85,82,84,78,85,78,83,75,85,85,70,32,30.6,30.8,29.9,30.6,31,30.5,31.2,29.5,30.8,30.7,29.7,8.2,2,3.4,7,4.5,8.5,6.6,5,1.5,6,0,5
15-06-23,4,0,0,0,0,0,0,0,2,0,0,0,88,90,83,85,85,90,82,89,84,91,89,76,30,29.2,29.9,30,28.6,30.1,29.9,29.1,27.8,29.5,29.2,27.9,0.8,0,3,3.2,1.8,0,0.3,0,0,0,0,0
16-06-23,0,12,8,0,12,5,0,6,28,42,21,38,85,87,84,88,83,86,81,85,79,88,87,79,30.8,29.4,28.9,28.4,28.9,30.7,29,30.5,28.8,30.1,29.4,28.6,2.1,0,4.4,0,2.6,0,3.8,1.5,0,0.1,0,0
17-06-23,0,0,28,11,4,1,3,0,10,1,1,0,82,92,86,88,87,91,87,87,86,93,91,83,30.4,26.8,27.6,26.9,26.2,28.9,27,28.5,25.3,27.1,26.7,26.8,4.2,1,1.9,3.7,0,0,0,0,0,0,0,0
18-06-23,2,14,6,29,23,0,69,15,53,11,47,126,87,82,91,81,86,90,76,90,76,91,82,73,28.9,30.1,26.3,29.6,26.4,28.9,30.1,27.7,27.4,28.7,29.5,28.5,2,3.9,0.6,10.1,2.8,0,7.7,1.4,4.6,5.4,0.8,5.6
19-06-23,0,0,94,29,43,3,0,14,2,4,0,35,90,89,90,86,94,96,85,94,80,96,90,78,28.5,28.2,27.2,28.6,25.9,27.3,27.9,27.1,26.7,27.2,27.9,27.8,1.4,4.2,0.7,7.7,0,0.4,5.2,0.3,4.2,0.2,0.1,1
20-06-23,4,12,0,16,28,58,6,11,48,76,7,38,91,85,88,82,86,88,78,89,68,86,82,71,28.7,29.6,28.1,29.2,28.6,29.6,29.9,28.7,29.2,30,29.9,29.4,4.6,5.4,3.5,7.7,2.6,3.9,11,3.4,10,10.2,5,6.3
21-06-23,20,0,1,0,34,0,0,15,0,0,0,0,85,86,85,86,83,87,81,88,71,86,82,71,30.2,29.8,29.4,28.3,29.6,29.6,29.6,29.4,29.6,29.9,29.8,30.1,6.5,5.2,4.5,8,3.1,8.5,10.8,4.2,10.1,9.3,8.2,6.6
22-06-23,0,3,0,13,0,3,0,32,0,25,1,0,86,89,83,84,84,92,79,89,80,86,86,74,29.2,28.7,28.9,28.4,28.2,28.3,29.9,28.5,27.4,29.1,28.7,29.5,2.5,2,1,4.9,0.4,1.8,6.5,1.1,3.9,4.5,7.1,8.2
23-06-23,0,8,0,8,4,32,5,3,55,7,1,5,88,88,80,86,79,93,85,87,72,84,84,73,29,29,29.3,27.9,29.1,28.2,28.7,28.8,29.4,29.6,29.1,29.5,2.3,4.9,5.2,5.9,5.1,0,2.5,5,7.2,5.3,5.2,1.9
24-06-23,10,27,0,37,10,62,30,36,4,1,6,8,83,88,81,93,76,92,89,87,73,85,84,72,29.3,28.6,28.6,26.3,28.8,28,27.3,28.6,29,28.7,28.4,29.5,5.1,2.3,7.1,0.2,5.2,0.7,0,5.9,1.8,3.7,1.4,3.5
25-06-23,0,0,0,25,0,33,9,0,1,2,0,0,79,84,78,85,74,87,81,81,61,81,77,73,29.8,29.3,29.6,27.4,29.4,28.7,28.8,29.3,29.9,29.4,29.5,29.5,10.1,3.8,10.6,4,9.7,7.8,3.6,10.1,8.6,8.8,4.9,7.8
26-06-23,0,0,0,3,0,5,0,10,0,0,0,0,90,93,84,93,86,95,90,92,79,89,89,70,27.8,27.3,27.6,26.4,27.1,27,26.8,27,28.2,27.7,27.3,28.9,0.3,0,3.6,0.1,0,0,0.6,2.3,1.4,1.3,0.5,0.8
27-06-23,13,16,7,29,25,59,36,30,1,62,10,18,97,92,93,87,92,97,87,97,71,95,87,81,26.3,28.1,26.8,27.4,26.3,26.7,27.9,26.1,28.9,27.3,28,27.1,0,0.5,0,0.1,0,0,0,0,0.4,0,0,0
28-06-23,25,6,13,14,34,67,5,74,2,73,20,35,97,88,91,86,86,91,84,89,76,88,82,70,27.1,29.8,27.7,28.4,28.6,29.6,29.2,28.8,28.4,29.1,29.6,29.9,0,4.5,0.4,5.3,2.7,2.2,5.7,2.6,2.1,4.3,6,7
29-06-23,17,0,159,0,3,1,0,3,4,3,0,0,94,89,90,85,86,93,80,94,66,88,84,72,27.4,29.6,27.5,29.5,28.3,28.1,30.1,27.5,29.7,28.7,29.5,29.6,0,4.7,2,8.3,3.1,1.5,11.2,4,7.1,6.4,6.2,3.5
30-06-23,26,138,10,0,8,20,0,29,27,3,42,0,92,92,93,84,90,90,81,90,77,89,90,72,28.1,29.3,27.3,29.9,27.6,29.7,30.4,28.5,28.1,29.4,29.1,29.6,2.2,2,1.3,8.8,1,5.9,6.9,3.5,3.6,3.4,12.5,4.1
1/7/2023,30,1,76,0,51,0,0,26,36,1,7,12,90,89,88,81,88,85,81,86,67,89,85,71,28.4,30,28.3,30.4,28.5,30.1,30.3,29.7,29.9,29.9,30,29.3,3.6,1.9,3.1,11.6,3,5,5.8,4.3,5.6,5.7,4.7,3.8
2/7/2023,14,0,3,11,12,0,1,0,0,0,0,0,85,86,87,80,87,89,80,85,63,86,80,73,30.8,30.6,29.6,30.2,29.2,29.8,30.6,30.3,30.5,30.4,30.7,30,5.6,5.9,2.2,8.7,2.8,6.1,9.5,3.3,9.8,8.6,6.4,7.7
3/7/2023,0,0,13,9,0,4,0,4,0,0,0,0,87,86,86,81,78,87,81,81,69,83,80,69,29.9,30.7,29.9,29.7,30.5,30.3,30.3,30.8,30.1,30.5,30.6,30.3,4.2,8.2,5.7,4.8,7.5,7.7,4.4,7.7,7.9,10.2,4.8,7.4
4/7/2023,2,0,0,0,0,0,0,0,0,0,0,0,81,89,80,80,77,83,84,79,72,82,84,70,30.8,29.8,30.5,29.9,30.6,30.3,29.7,31.1,30.3,30.3,29.7,30,8.1,6.4,10.5,9.5,9.8,10,6,10.3,5.7,11.1,8.7,7.1
5/7/2023,5,16,11,2,17,2,9,3,4,6,10,5,81,87,80,86,77,82,85,82,69,84,83,71,29.9,29.5,29.5,28,29.7,29.5,28.5,29.5,29.4,29.4,29.3,30,6.5,7.6,9.3,5.9,8.2,9.5,9.7,9.6,10,9.6,10,4.3
6/7/2023,1,2,2,46,4,39,21,16,2,7,6,8,93,85,83,88,81,90,85,87,74,87,84,72,28.4,28.6,28.7,27.6,28.4,28.7,28.1,28.6,29,28.8,28.6,29.9,2.6,3.5,4.2,2.5,5.8,3.4,0.5,3.1,3,4.9,2.8,7
7/7/2023,67,6,1,8,4,5,4,0,3,10,3,0,90,83,85,87,84,89,81,86,71,89,82,73,28.6,28.6,28.2,27.3,27.9,28.7,28.7,28.9,29.1,28.5,28.5,29.8,5.3,5.3,4.5,1.9,2.6,2,6.3,4.8,5.2,6.2,3.3,5
8/7/2023,2,8,3,3,3,24,0,13,0,5,5,5,87,79,80,80,79,89,77,85,69,87,79,73,29.3,29.5,29,28.8,29.2,28.7,29.2,28.9,29,29.3,29.7,29.8,7.2,7.7,7.4,7.3,8.2,5.9,7.5,3.8,5.7,5.8,7.8,6.6
9/7/2023,1,2,3,0,1,13,7,13,1,0,0,5,82,83,87,80,89,92,81,86,78,88,86,75,30.4,29.5,29,30,28.2,29.1,29.5,29.9,28.9,30,29.5,29.2,4.7,6.8,4.5,10.2,0.6,4.7,3.4,3.7,3.2,5,4.9,0.1
10/7/2023,0,4,22,4,16,22,3,0,3,0,13,20,88,88,86,86,85,96,82,89,78,91,88,76,29.6,28.6,28.9,28.2,28.3,28,28.5,29.1,27.7,28.7,28.4,28.4,4.3,0.2,4.6,0,1.5,0,0,0.3,0.7,0,0.1,0
11/7/2023,1,7,0,8,5,77,29,14,18,43,12,60,84,82,84,83,86,91,82,88,72,89,82,75,29.7,29,28.7,28.6,28.4,28.4,29.4,28.9,28.9,29.1,29.4,28.8,2.7,5.1,3.9,7.4,0.5,0.7,4.6,0.2,1,2.2,4.6,3.1
12/7/2023,0,0,0,7,5,7,3,15,0,0,3,0,87,82,83,85,85,91,82,87,75,85,81,74,29.3,29.2,29.2,28,28.5,28.4,29.1,28.7,28.3,29.4,29.1,29,6.2,2.7,6.4,7.6,1.7,2.5,0,1.8,0.5,2.2,3.7,4.4
13-07-23,2,0,1,2,6,54,5,4,2,0,0,0,86,86,87,91,82,89,83,86,72,88,85,73,29.7,28.5,28.6,27,28.6,28.6,28.5,28.9,28.3,28.6,28.5,29.4,2.8,4.5,1.7,1.7,6.4,1,3.3,3.5,5,4.9,3.3,4.8
14-07-23,0,3,5,36,5,58,32,9,22,18,5,12,92,88,85,96,85,93,86,88,76,90,90,77,28.5,28.1,28.4,26.1,28.2,27.6,27.6,28.3,27.5,28.2,27.7,27.9,5.2,2.6,6.4,0,5.8,1,0,3.3,1.4,1.1,0.9,4.3
15-07-23,34,5,5,41,5,120,17,14,3,4,5,0,89,83,81,91,80,89,87,89,64,91,81,75,28.4,28.5,28.3,26.6,28.7,28.2,27.7,27.9,29.3,28,28.7,28.6,5.3,6.7,8.2,1.6,8.6,3.4,0,6.2,11.1,5.1,8.8,5.7
16-07-23,3,1,0,13,0,16,4,4,0,11,0,0,94,81,84,83,81,88,81,88,68,89,80,72,27.9,29.2,28.2,28.1,28.7,29,29,28.6,28.7,28.7,29.4,29.4,3.5,5.8,4.7,8.3,4.5,3.3,7.1,4.6,6.5,3.8,6.1,3.8
17-07-23,20,0,0,0,5,5,0,2,4,15,0,0,82,81,82,82,77,88,80,83,66,82,80,68,30,30.1,29.3,28.8,29.8,28.9,29.7,29.6,29.6,29.8,29.9,30.3,5.6,6.5,2.3,8.9,2.5,4.4,5.2,7,7.7,4.6,5.3,3.5
18-07-23,1,0,4,0,4,1,0,0,23,1,1,0,82,80,76,80,81,86,79,82,68,85,82,69,30.4,30.2,30.2,29,29.2,29.7,29.8,30,29.8,29.8,29.8,29.9,8,8.7,8.6,7.8,3.1,9.6,11.8,7.6,9,7.9,9,7.7
19-07-23,0,1,0,0,9,0,0,3,24,1,2,0,77,80,78,79,74,84,76,80,66,82,78,68,31,30.4,30.3,29.2,30.2,29.8,30.3,30.4,29.9,30.1,30.3,30.3,9.4,10,12.8,9.4,12.1,11.1,12.2,12.3,10.7,11,9.8,7.5
20-07-23,0,0,0,0,0,0,0,0,8,0,0,0,77,79,79,80,74,82,77,79,66,79,75,69,30.8,30.5,30.4,29.2,30.4,29.8,29.9,30.5,30,30.5,30.8,30.1,9.1,10.1,11.1,8.6,11,10.9,0.3,10.4,9.8,10.7,10.4,7.5
21-07-23,0,0,0,5,0,0,0,0,3,0,0,0,77,83,81,78,79,80,77,81,72,82,75,68,30.9,29.8,30.1,29,30,30,30,30.3,28.8,29.9,30.6,30.3,10,5.3,7,8.5,7,8.9,6,9.3,4.2,8.4,6.2,6.5
22-07-23,3,3,1,0,0,0,0,0,9,4,0,0,77,81,76,79,71,80,76,77,65,81,77,67,30.7,30.4,30.6,29.2,30.5,30.1,30.1,30.7,30.1,30.4,30.2,30.5,10.7,8,10.3,10.9,10.8,11.6,6.2,11.7,10.4,10.1,8.4,6.9
23-07-23,0,0,0,0,0,0,0,0,1,0,0,0,80,80,78,80,71,84,79,77,69,78,75,67,30.7,30.8,30.6,29.5,30.7,30.3,30.2,30.7,29.8,30.9,31,30.6,7.3,9.5,8,10.4,11.2,10.8,5.9,12,9.1,10.7,10.1,7.9
24-07-23,0,0,0,0,0,0,0,0,2,1,0,0,79,82,77,78,75,85,77,78,67,79,77,68,31,31,30.8,30,30.6,30,30.7,30.9,30.1,30.8,30.7,30.7,9.6,9.2,9.7,11.7,8.2,8.3,12.1,7.9,8.2,8.9,8.2,8
25-07-23,0,3,2,0,4,0,2,2,2,1,1,0,79,82,84,78,81,78,75,80,69,79,74,67,30.9,30.6,29.3,29.4,29,30.2,30.2,30,30.1,30.5,30.8,30.7,8.9,10.4,7,10.3,6.9,10.7,6.7,7.5,8.8,10.3,9.4,7.8
26-07-23,0,0,17,2,18,0,0,0,0,0,0,0,86,86,82,86,78,86,79,83,68,84,80,74,29.6,29.4,29.2,28.2,29.2,29.3,29.1,29.7,29.5,29.8,29.2,29.6,5.9,7.1,8.2,4.4,7.5,6.6,8,8.9,8.3,8.7,6.7,6.5
27-07-23,3,3,6,19,0,3,6,20,0,4,7,2,89,89,88,87,87,86,85,89,79,88,85,73,29.6,29.3,28.5,28.6,28.2,29.7,28.8,29,28.1,29.1,28.9,29.3,5.5,2.9,4.4,7.5,0.6,4.6,0,0.4,0.9,2.9,2.3,4
28-07-23,5,7,11,8,21,4,2,13,17,9,8,43,85,88,86,86,83,84,80,81,77,85,81,73,29.5,29.8,28.9,29.2,29,30.1,29.6,30,28.2,29.8,29.5,29.2,5.1,6.8,6.5,8.4,7,6.1,0.2,9.3,3.9,8.1,6.2,5
29-07-23,2,5,36,16,7,6,7,0,6,2,3,15,86,86,84,86,80,86,81,82,67,87,79,71,30.2,30.2,29.6,29.2,29.6,30.1,29.6,30.1,29.5,29.8,30.2,30.1,3.1,9.6,5.1,7.6,6.9,6.7,5.3,6.2,9.5,7.2,7.1,7.4
30-07-23,2,0,0,1,0,0,0,2,0,3,1,0,80,85,78,83,74,84,80,76,64,81,79,68,31.3,31,30.6,29.7,31.1,30.7,30.2,31.8,30.7,30.8,30.8,30.6,10.7,8.1,11.2,9.1,10.8,10.7,10.3,11.1,10.9,9.6,7.9,8
31-07-23,0,18,4,10,0,30,17,0,4,31,41,5,85,89,81,80,78,87,86,82,72,89,89,75,30.7,29.4,30.4,29.5,30.6,30.4,29,30.3,29.7,30.3,29.3,29.3,9,4.7,9.9,3.4,10.3,4.2,0.3,8.7,8,6.9,3.7,7.2
1/8/2023,36,12,22,3,70,10,42,64,7,2,12,32,90,89,78,92,78,86,84,82,67,85,83,72,28.9,28.7,29.6,27.4,29.4,28.8,28.1,29.2,29.3,28.9,28.7,29.3,3.3,3.7,5.9,3.1,4.6,1.3,1.1,3.3,0.2,2.2,2.6,3.3
2/8/2023,15,11,6,24,26,39,13,40,2,57,6,4,93,96,90,92,96,91,89,88,80,91,93,80,28.3,27.7,27.4,27.9,26.4,28.5,27.8,28.7,27.1,28.2,27.6,27.6,0,0.5,1.2,0.7,0.9,0.7,0,1.4,0,0,0,1
3/8/2023,27,83,10,16,33,16,16,4,37,61,75,156,95,93,93,86,95,86,85,94,85,89,91,78,27.9,28.7,27.2,29.4,26.5,30,29,27.1,26.7,29.6,28.5,28.6,0,0,0.6,1.8,0,6,0,0,0,3.1,0,0
4/8/2023,10,31,17,35,99,61,12,44,94,41,68,76,98,94,91,88,94,95,87,94,85,96,94,82,27.4,28.7,27.6,29.1,26.3,28.4,28.8,27.5,26.7,27.9,28.3,27,0,0,0,0.2,0,0,0,0,0,0,0,0
5/8/2023,39,20,11,12,52,6,2,38,77,48,64,141,89,98,86,90,87,98,86,89,84,97,97,85,28.7,27.4,27.9,28.6,27.4,26.8,28.7,27.8,26.5,26.8,27,26.2,2.2,0,0.3,5.7,3,0,1.2,0.5,0,0,0,0
6/8/2023,32,146,4,87,41,130,34,55,146,128,130,134,99,97,95,92,96,99,92,98,85,98,98,82,27.1,27.2,26.7,28.2,26.1,26.5,27.8,26.6,26,26.6,26.5,26.4,0,0,0,0,0,0,0,0,0,0,0,0
7/8/2023,120,322,154,46,154,221,166,74,145,154,294,129,99,95,95,97,93,98,93,96,86,98,96,81,27.2,27.7,26.9,26.4,26.5,27,27.2,27.1,26.1,27.3,27.4,26.9,0,0,0,0,3,0,0,0,0,0,0,0
8/8/2023,37,56,83,167,27,32,98,31,68,25,37,53,97,96,93,96,94,98,92,95,85,96,97,81,27,27,27.1,26.4,26.5,26.8,27,27,26,27.2,26.8,26.5,0,0,0,0,0,0,0,0,0,0,0,0
9/8/2023,29,48,6,21,4,19,128,12,86,35,51,61,86,94,88,95,86,90,90,89,83,94,95,79,28.9,26.5,28.2,26.1,27.9,28,27,28.4,26.3,27.6,26.5,27.5,5.6,0,2.5,0.1,4,0.1,0.1,2.6,0,0.3,0,0
10/8/2023,0,17,3,54,0,0,1,0,51,12,8,8,91,91,89,86,88,89,83,92,83,92,91,77,28.4,27.5,27.8,27.7,27.2,28.6,28.3,27.7,27,28.2,27.5,27.6,0.3,0.4,0.3,2.5,0,0,0,0.3,0,0.9,0,0.8
11/8/2023,4,9,8,0,7,0,0,21,5,3,5,8,91,87,86,88,86,95,80,91,85,91,90,75,28.3,28,28.6,27.8,27.8,27.8,28.6,28.1,26.3,27.9,27.8,28.3,1.2,0.9,2.6,2.3,1.2,10.3,9.7,0.9,0,1.7,0.1,0
12/8/2023,37,0,2,23,0,21,27,0,50,20,0,0,95,91,88,95,84,97,88,87,78,95,91,74,28.2,27.2,28.4,26.2,28.1,27.3,27.2,28.8,27,27.3,27.2,28.1,0.2,0,0,0,1.6,0,5.5,1.3,0,0,0,0
13-08-23,31,22,3,46,1,85,15,0,4,16,5,8,97,92,94,91,89,96,90,95,83,95,93,80,27.1,27.5,26.6,27.3,26.8,27.4,28,27,26.8,27.2,27.2,26.6,0,0.3,0,1.8,0,0.1,4.4,0,0,0.5,0,0
14-08-23,46,10,16,4,12,16,4,42,7,56,5,34,92,88,90,91,89,89,86,89,75,90,88,74,28.4,28.7,28.1,27.9,27.8,28.6,28.5,28.3,28.4,28.5,28.8,28.6,1.6,3.8,0.7,4.5,2.1,1.7,3.5,0.2,7.4,4.4,3.9,3.8
15-08-23,0,3,2,26,14,2,50,1,5,16,5,0,90,91,89,89,87,90,86,92,77,90,89,72,29.7,28.4,28.6,27.9,28.6,29.4,28.2,28.4,28.3,29.1,28.8,28.9,2.1,1.4,0.8,5.1,0.2,0.2,4.2,0.4,1.6,2.8,5.4,2.3
16-08-23,2,34,12,58,0,0,9,55,1,2,7,0,90,88,86,87,81,86,82,86,75,88,85,71,29.7,29.5,28.9,28.7,29.7,30.3,29.3,30.1,28.9,29.8,29.6,29.3,1.8,3,3,5,2.3,4.7,2.9,2.1,0.2,1.3,0.9,1.6
17-08-23,5,15,2,0,8,4,0,8,101,9,8,21,84,87,84,78,82,85,83,83,70,86,87,73,30.3,29.6,29.6,29.3,29.1,29.9,28.9,30,29.5,29.5,29.2,29.3,8.3,7.3,8,9.9,8.8,9.6,11,8.8,8.8,8.6,7.8,9
18-08-23,0,0,2,0,10,0,0,3,3,4,3,0,79,81,75,82,76,84,79,78,63,77,77,71,30,29.9,30,28.2,29.7,29.3,29.2,29.9,29.8,30,29.8,29.7,10.2,7.9,9,8.3,10.2,8.3,4.7,11.2,7.6,10.6,10,8
19-08-23,13,0,0,6,0,0,0,5,0,0,0,0,92,83,79,83,77,89,81,84,63,82,80,70,28.5,30.1,29.5,28.6,29.5,29.1,29.5,29.3,30.2,29.6,29.7,29.9,3.9,8.4,10.5,10.4,9.2,10.5,10.3,8.2,8.4,9.1,9.8,7.3
20-08-23,11,0,0,0,0,0,0,0,0,2,0,0,83,83,82,85,77,86,80,83,70,84,82,68,30.2,30.3,29.7,29.1,29.7,30,29.6,30.3,29.6,30.1,30,30.3,7.9,7.6,5.9,5.9,7.2,11.2,6.6,6,7,7.5,7.5,8.6
21-08-23,1,0,0,2,0,0,1,7,0,0,0,0,80,84,79,88,78,91,84,79,70,88,85,72,30.6,29,30.2,27.7,29.6,29.3,29,30.4,28.3,29.3,28.9,29.4,6.4,1.1,7.8,0.7,6.1,2.6,0.2,5.9,0.1,2.5,3.8,3
22-08-23,0,0,0,5,56,0,8,1,9,60,1,10,93,88,83,83,86,100,84,88,77,93,92,75,27.8,27.8,28,28,27.2,26.8,28.2,28.7,27.2,27.3,27.4,27.5,0.6,1.5,0.1,0.6,0,0,0,0.1,0,0,0,0.6
23-08-23,10,8,0,36,1,36,7,3,23,50,35,15,89,87,86,90,85,96,85,89,79,92,89,77,28.4,27.9,27.8,26.7,27.7,27.4,28,27.8,27.3,27.5,27.4,27.4,1.6,2.2,1.3,3.1,1.9,1.7,0.9,0.3,0.8,0,1.8,0
24-08-23,2,2,0,10,0,9,6,0,16,5,9,26,91,89,85,91,85,91,86,88,73,91,88,75,28.7,28.3,28.4,27,28.1,28.4,28,28.7,28.1,27.9,28,27.9,1.6,2.2,0.7,1.3,3.8,0.6,0,0.8,9,0,4.9,6.5
25-08-23,49,31,5,10,20,25,48,29,1,70,24,125,96,93,88,94,91,96,92,91,80,92,92,79,27.4,27.4,27.8,26.8,26.9,27.6,27.2,28,27.8,27.9,27.7,27.7,2.1,0.5,4.5,0.1,3.7,0,0,2.5,2.1,1.9,2,0
26-08-23,15,51,13,82,18,9,46,11,99,7,31,36,91,94,88,91,91,93,90,92,82,92,95,80,28.3,27.3,28.1,27.4,27,27.9,27.1,28.2,27,27.9,27.2,27.5,0.5,0.3,0.1,1.9,0,0,0,0.2,0,0,0,1.5
27-08-23,16,73,10,64,13,15,38,28,31,106,131,142,93,97,91,95,91,97,92,91,87,96,98,82,28.5,25.6,27.3,25.4,26.6,26.7,26,27.8,26.1,26.8,25.7,26.6,1,0,0,0,0,0,0,0,0,0,0,0
28-08-23,6,60,86,34,17,52,77,0,31,15,96,28,91,90,88,87,85,93,85,91,73,89,90,73,28.2,28.7,27.8,28.2,27.7,28.3,28.8,28.2,28.7,29.1,28.7,28.8,1.6,4.9,3.7,6.4,1.9,2.6,5.9,0.8,4.8,2.1,5.2,5.3
29-08-23,3,0,14,0,16,38,0,17,0,0,0,0,85,87,81,85,80,90,80,83,69,85,85,72,29.9,30,30.3,29.5,30.1,30,29.8,30.6,29.8,30.5,30.3,30.2,7.1,7.8,7.5,9.4,7.4,7.4,9.2,7.5,7.6,7.8,8.4,7.3
30-08-23,0,46,0,1,0,0,2,0,5,2,9,2,80,87,76,86,81,88,83,80,71,89,86,75,31.6,29.7,30.9,28.8,29.7,30.4,29.6,31.1,29,29.7,29.7,28.9,7.1,6.2,8.6,4.6,7.9,5.4,11,5.3,6.5,5.3,6.8,5
31-08-23,0,0,51,0,44,0,0,0,0,39,1,0,84,87,83,87,87,89,83,87,71,85,89,73,30.5,30,29.7,28.9,28.4,30.4,29.5,29.9,29.8,30.4,29.4,29.6,4.5,6.6,3.8,6.3,4,7.6,7.3,1.9,5.7,7.5,5.1,2.4
1/9/2023,0,0,14,0,25,0,0,3,0,13,0,8,84,88,87,85,84,93,84,88,73,91,89,75,30.6,29.9,29.4,29.4,29,29.4,29.7,29.9,29.7,29.5,29.5,29,4.5,3.7,1.4,4.8,3.5,3,3.3,0.5,4.4,2.9,2.5,1.7
2/9/2023,0,0,3,0,1,6,0,38,5,11,6,3,82,93,85,85,84,92,84,85,83,91,90,73,31.1,28.9,29.7,29,28.7,30.2,29.5,30.8,28.2,29.2,28.6,29.8,3.4,0.8,1.6,1.7,3.2,0.7,6.9,0.6,3,2.5,0,6.7
3/9/2023,11,45,42,1,28,5,4,39,36,88,9,50,90,89,87,87,80,87,85,85,73,85,86,74,29,28.9,28.9,28.7,29.1,29.5,28.9,29.7,28.3,29.4,29.2,29.4,3.2,6,5.3,3.9,7.5,8.5,2.8,5.1,3.9,8.3,7.7,2.5
4/9/2023,17,3,33,2,1,0,10,0,2,0,2,0,85,85,80,86,77,87,82,80,72,84,85,71,30,30.3,30.6,28.9,30.4,29.6,29.7,30.6,29.8,30,30,30.3,5.4,4.1,5.5,4.2,6.2,6.1,3.7,7.2,4.4,3.9,2.8,4.1
5/9/2023,0,0,0,6,0,45,7,0,0,0,0,0,85,89,78,85,77,89,86,86,73,85,89,73,30.5,29.6,31.3,29,31.3,29.5,29.2,30.7,29.9,30.3,29.2,29.9,5.5,1.6,8.6,5.3,7,3.9,3.7,0,2.9,1.9,1.1,3
6/9/2023,0,12,0,3,0,2,50,0,0,0,12,0,84,87,83,82,83,85,83,84,67,82,85,69,29.8,29.8,30,28.8,28.9,29.5,29.2,30.1,29.6,30,29.5,30.4,3.3,5.2,3.5,4.3,4.4,7.5,4,3.2,7.2,5.4,5.2,4.7
7/9/2023,6,1,4,6,5,11,7,6,2,1,7,0,87,91,82,84,85,90,85,88,69,83,86,75,29.2,28.9,29.1,28.2,28.4,29,28.8,29.1,29.4,29.6,29,28.6,4.9,2.5,6.7,4.6,5.1,6.3,6.7,4.3,4.7,5.9,2.8,0
8/9/2023,25,5,20,66,21,18,13,24,40,74,2,15,95,95,91,94,91,98,94,94,79,95,93,78,27.6,26.6,27.1,26.6,26.9,27,26.2,27.1,27.6,26.9,26.9,28,0.2,0,0,0,0.4,0,0,0,0.4,0,0,0
9/9/2023,5,34,14,25,16,35,71,18,2,114,18,21,89,84,81,84,76,89,81,84,63,86,85,67,29.4,29.8,29.8,29,30.2,29.4,29.6,30.2,29.4,29.6,29.6,30.3,5.8,9.2,9.3,9.1,8.4,7.9,9,8.7,9.4,7.2,9.7,6.6
10/9/2023,4,1,0,0,2,0,0,0,17,1,2,4,84,88,87,89,85,86,83,89,71,90,86,70,30.4,30.1,29.1,28.9,29.4,30.1,29.2,29.4,29.2,29.6,29.8,29.9,5.8,4.9,4.3,6.4,4.3,7.6,3.3,4.7,6.7,5,4.1,5.5
11/9/2023,0,5,4,1,3,5,132,9,44,32,9,43,88,91,86,84,85,90,87,90,74,91,90,74,29.4,29.1,29.6,28.5,28.9,28.7,28.4,29,29,28.7,28.5,28.4,2.7,5.2,6.6,5.6,3.1,5.2,4.5,4.2,6.1,4.1,5.3,2.8
12/9/2023,1,5,35,16,8,49,20,9,12,11,8,50,84,89,80,87,82,85,83,84,69,86,85,73,30.4,29.5,30.2,28.3,29.2,29.2,28.9,29.8,29.1,29.3,29.3,29.1,6.6,6.6,9.8,8.8,7.7,7.5,7.2,6.8,7,8.9,6.4,5.1
13-09-23,0,7,3,2,2,3,22,2,8,1,0,0,78,86,80,88,79,82,85,80,69,80,83,70,30.2,29.2,29.4,27.3,29.4,29,28.4,29.3,28.9,29.4,29.3,29.1,6.9,4.5,7.9,5.7,7.8,7.9,7,8.6,7.3,8.6,5.7,6.8
14-09-23,0,0,0,7,0,22,0,0,0,0,0,0,86,91,81,95,85,93,86,86,79,86,86,73,28.6,28.4,28.5,26.4,27.6,27.8,28,28.5,27.4,28.6,28.5,28.2,3.6,1.5,6.7,0,2.6,0,0,4.1,0.7,2.1,0.7,1.5
15-09-23,9,4,0,29,3,20,4,0,15,4,1,3,80,88,80,83,78,88,84,83,67,86,83,68,29.9,30.1,29.8,29.2,29.7,29.2,29,29.7,29.3,29.5,30.1,29.8,6,8.5,9.3,9,9.2,7.5,0,9,8,9.7,9,7.7
16-09-23,0,0,0,19,0,0,0,0,0,5,0,0,83,88,82,83,77,89,83,84,68,85,84,67,30.6,29.9,30.7,29.3,30.4,28.8,29,30.7,30.2,30.4,30.1,30.3,8.5,6.8,7.9,8.5,8.4,6.9,9,8.1,7.9,9.3,8.5,5.4
17-09-23,0,0,0,0,1,27,0,0,0,12,0,0,84,90,81,85,81,86,84,85,72,88,87,72,30.2,29.9,30.1,29.1,29.3,30.2,29.3,29.2,29.7,29.6,29.9,30.2,6.6,7.8,8.8,8.2,9.2,10.5,9.7,7.7,7.2,6,6.3,5.5
18-09-23,7,97,7,21,18,76,81,44,40,48,69,74,93,89,89,87,88,91,84,93,77,87,87,72,28,28.5,27.1,27.4,27.4,27.8,28.3,28,28.2,28.7,28.6,28.8,1.6,1.7,3.9,5.2,3.1,4.7,0,5,3,4.2,1.4,2.5
19-09-23,16,2,41,43,16,24,13,28,48,15,3,0,89,81,86,81,89,84,81,87,66,83,80,71,28.2,29.5,28.2,28.1,27.3,28.8,29.3,28.4,29.1,29.2,29.6,29,0.9,7.5,4.6,5.2,0.3,6.7,1.6,0.9,7.2,7.8,4.2,3.8
20-09-23,3,0,15,3,13,8,0,6,0,2,0,2,94,89,84,88,89,96,86,97,72,92,87,76,27.6,28.3,28.2,27.7,27,27.4,28.2,26.9,28,27.6,28.3,27.3,2,1.8,3.4,8.3,2.3,0,8,0,3,0,1.4,1.5
21-09-23,33,3,11,3,13,51,1,66,4,33,4,17,94,86,91,84,88,94,82,91,75,87,83,65,27.8,29.1,27.1,28.3,27.2,28.1,28.8,27.3,28,28.7,29.2,29.1,1.4,7,4.3,7.5,3.8,1.7,9,3.2,7.9,6.1,2,8.2
22-09-23,10,0,14,1,30,18,0,58,2,4,0,0,91,86,90,84,91,95,80,94,73,91,85,71,28.2,29.3,27.2,29,26.6,27.8,29.4,27.3,28.6,28.4,29.1,28.3,2,7.5,2.5,10.9,1.8,2.8,9.9,0.9,7.4,4.3,5.3,6.9
23-09-23,7,1,2,0,6,15,0,20,5,12,0,2,92,89,90,83,84,91,82,87,73,87,86,71,28.1,29.6,26.9,29.4,28.4,29,29.8,29,28.7,29.5,29.6,29.5,3,9.3,5.3,9.7,6.3,6.8,7.3,5.6,8.4,6.4,10.2,4.1
24-09-23,8,0,37,0,7,9,0,9,2,0,0,0,89,90,89,85,81,90,83,88,71,86,85,67,28.4,29.3,27.7,29.2,29.3,29.1,29.6,28.8,29.1,29.4,29.3,29.5,5.5,6.9,5.5,7.6,8.8,9.6,9.4,6.9,9.1,8.8,8.2,6.8
25-09-23,17,0,2,1,6,1,3,13,0,2,0,0,85,88,83,81,79,92,80,89,70,83,87,64,29.6,30.3,29.3,29.7,29.5,28.8,29.9,29.8,29.4,29.8,29.8,30,7.9,7.5,9.3,10.8,8.7,10.6,10,8,8.3,9.4,6.4,4.6
26-09-23,0,0,1,0,0,5,5,0,0,2,0,0,85,86,82,82,80,86,81,82,69,84,82,68,30.1,30.3,30.3,29.6,29.7,29.9,29.7,30.5,30.3,30.2,30.9,29.9,8.8,9.4,8.1,9.2,9.7,6.3,7.7,8.9,9.8,9.4,9.7,8.3
27-09-23,0,26,0,10,14,1,25,0,46,44,4,5,88,90,90,82,87,93,80,93,72,88,87,68,29.1,29.6,28.7,29.1,27.9,28,29.5,28.2,29,28.5,29.6,29,0.6,7.2,1.1,8.4,4.2,4.3,4.4,2.9,6,6.5,7.2,6.1
28-09-23,0,9,0,0,5,29,4,36,3,26,20,2,81,89,78,87,83,88,84,82,73,86,87,72,31.3,30.2,30.8,30,30.3,30.3,29.8,30.8,30,30.4,30.3,29.6,6.7,2.3,6.9,4,6.3,5.3,1.5,6,7.4,4,2.9,2.3
29-09-23,0,4,0,1,10,1,2,7,19,0,1,18,88,93,85,86,83,90,88,88,81,89,92,74,29.9,28.1,29.6,27.7,29.4,28.7,27.9,29.4,28.1,29.2,28,28.6,0.6,3.1,4.6,1.2,3.4,1.5,3.8,1.1,3.7,1,1.3,2.1
30-09-23,0,19,1,12,1,9,11,1,9,3,14,5,87,88,82,83,81,88,82,84,72,82,87,70,28.7,28.9,28.3,28,28.4,28.5,28.9,28.9,28.8,29.3,28.7,28.4,4,7,6.3,5,5.9,4.2,6.7,4.8,4.4,6.5,5.3,4
1/10/2023,7,6,0,0,17,9,0,4,3,0,2,2,84,86,81,83,80,90,80,83,72,84,85,68,29.6,29.3,29.2,28.7,28.9,28.8,29.4,29.2,28.4,29.5,29.1,29,8.9,8.5,10.4,10.2,9.1,9.9,9.9,10.3,7.9,10.4,2.8,8.8
2/10/2023,0,2,0,8,0,15,2,0,5,23,3,0,88,89,82,87,81,86,86,85,72,85,89,71,28.3,27.9,28.7,27.1,28.3,29,28,28.6,28.2,28.9,28,28,4.1,2.5,5.8,4.4,4,7.3,1.2,6,8.4,6.1,0,3.2
3/10/2023,11,17,0,17,2,13,6,25,1,0,7,0,93,91,89,93,90,97,88,94,80,95,91,74,27,27.1,26.7,26.1,26.2,26.4,26.9,26.2,26.6,26,27.2,26.9,1.3,0.2,4.1,0.1,2.7,0,2.7,1.3,3.2,0.5,0.1,0.2
4/10/2023,15,17,1,41,11,138,18,44,4,45,8,18,96,90,90,89,91,95,88,96,75,93,91,73,26.5,27.8,26.2,27.7,26,27.1,27.7,25.9,27.8,27,27.6,26.9,0,4.3,0.6,3.1,1.4,0,1.4,0,4.5,1.4,0,1.5
5/10/2023,110,18,46,11,40,59,15,85,4,45,10,15,94,96,91,89,92,90,93,92,80,95,96,81,27.6,27.1,27.2,28.4,26.7,28.8,26.9,27.7,27.3,27.4,27.1,26.3,1.4,0,0.9,2.9,0.9,0,0.4,0.3,0.1,0,0,0.2
6/10/2023,7,55,25,5,17,27,59,2,4,90,32,50,96,92,91,94,89,90,89,88,77,93,92,75,27.9,28.3,27.7,27,27.7,28.7,27.5,28.5,27.7,28.1,28,28,0,1.1,0,0.5,0,2.2,0,0.1,0.1,0.5,0.8,0
7/10/2023,23,3,1,90,0,0,3,3,4,20,3,9,94,88,87,86,87,90,82,90,68,90,87,73,28,29.2,28.2,28.4,28,28.8,29.2,28.4,29.1,28.8,29,28.5,0,7.6,1,9.3,0,3.1,9,0,8.2,6.2,7.4,8.3
8/10/2023,6,0,4,0,7,0,0,1,0,0,0,0,86,87,93,82,86,95,81,86,75,88,86,73,29.3,29.2,26.6,28.5,27.8,28.2,28.9,28.6,28.3,28.7,29,28.4,7.7,6.3,1.9,9.6,1.6,9,5.6,1.1,3.8,3.2,5.1,3.4
9/10/2023,0,0,37,0,18,17,0,1,0,2,0,0,85,88,88,82,82,92,82,86,72,89,89,74,30.2,29.4,28.9,28.9,29,29,29.2,29.8,28.6,28.6,28.8,28.2,8.3,5.4,6.4,10,6.9,6.5,8.8,6.9,7.8,7,6.2,6
10/10/2023,0,0,0,0,0,0,0,0,0,0,0,0,84,89,84,83,85,91,83,84,71,90,89,72,29.8,29.5,28.9,29.2,28.8,28.8,29.2,29.4,28.9,29.2,29.2,29.2,6.5,6.8,4.7,9.4,5.8,5.4,6,4.7,8.5,5.4,4.9,4.4
11/10/2023,0,0,0,0,0,0,0,0,0,0,0,0,85,90,87,86,86,89,83,83,72,89,88,71,29.4,29.1,28.9,28,28.5,28.8,29.1,29.6,29.1,29.1,28.9,28.6,3.7,4,4.1,2.9,2.7,6.4,7.4,4.8,6.1,3.9,1.3,7.7
12/10/2023,0,0,12,1,0,0,0,0,0,0,0,0,84,90,88,89,89,92,86,84,74,89,90,73,29.4,28.1,27.8,26.4,26.6,27.4,27.9,28.3,27.8,27.5,27.7,27.8,6.8,0.4,5.2,0.3,3,2.6,0,4.1,0.1,2.2,0,0.7
13-10-23,4,0,0,1,29,0,0,0,0,0,0,0,83,90,82,85,84,91,82,84,71,89,91,72,28.9,28.2,28.4,27.4,28,28,28.2,28.9,28.5,28.2,28,28.2,6.8,5.3,7.5,5.8,6.6,6.7,8.3,7.6,6.4,5.9,4,6.4
14-10-23,0,0,0,0,0,0,0,0,0,0,0,0,79,88,82,83,80,87,81,81,70,89,87,72,29,28.2,28.1,27.9,27.9,27.9,28.4,28.7,27.9,27.7,28.2,27.9,7.5,5.6,6.1,8.5,6.8,8.5,4.1,7,8.3,5.9,7.3,5.8
15-10-23,1,0,0,0,0,0,0,0,0,0,0,0,80,88,79,80,78,88,80,81,70,84,85,69,29,28.5,27.7,28.3,27.6,28.3,28.9,28.6,27.6,28.4,28.1,27.3,6.8,6.2,6.4,9.5,7.9,6.5,8.7,5.7,8.8,8.4,8.8,1.6
16-10-23,0,0,0,0,0,0,0,0,0,0,0,0,80,85,79,74,76,88,78,79,69,83,84,65,28.4,28.9,28,28.6,27.5,27.9,28.6,28.8,27.6,28.1,28.2,27.8,7.6,8.6,8.6,10.3,9.4,8.3,6.1,9.4,9.9,9.3,9.7,8.9
17-10-23,0,0,0,0,0,0,0,0,0,0,0,0,77,86,78,78,77,85,81,79,67,83,86,67,28.2,29.5,27.9,29,27.3,27.9,29.4,28.7,28.3,28.1,28.4,28.1,7.4,8.7,8.8,10.4,9.8,9.8,10.2,8.9,8.9,10,7.4,8.5
18-10-23,0,0,0,0,0,0,0,0,0,0,0,0,76,86,80,76,75,84,75,80,61,84,80,64,29.1,29.1,27.8,29,27.5,27.9,29.3,28.8,28,28.1,27.8,26.9,7,8.3,7.1,10.6,8.9,9.2,4.2,7.5,10.2,9.7,9.7,8.8
19-10-23,0,0,0,0,0,0,0,0,0,0,0,0,81,75,78,74,76,88,77,76,70,84,86,62,28.6,28.8,27.5,28.6,27.4,27.6,28.5,28.4,27.8,27.8,27.7,27.9,6.6,7.8,8.2,10.7,8.6,8.2,10.3,9,9.9,9,9.9,8.2
20-10-23,0,0,0,0,0,0,0,0,0,0,0,0,76,73,78,73,76,86,79,73,68,84,81,67,28.4,28.8,27.3,29.1,26.8,27.4,28.3,28,27.3,27.6,28.2,27,6.9,8.7,8.7,10.2,9.5,9.9,6.4,9.3,7.4,9.6,10,8.8
21-10-23,0,0,0,0,0,0,0,0,0,0,0,0,78,71,76,71,77,85,77,75,67,83,83,65,28.3,29.2,27.9,29.7,27.4,27.4,28.7,28.4,27.9,28.1,28.4,27.7,7.2,8.9,9.2,10.6,10,7.9,10.3,10,9.9,9.9,10.5,9.1
22-10-23,0,0,0,0,0,0,0,0,0,0,0,0,81,74,77,77,79,88,80,79,67,82,84,77,28.7,28.8,28.5,29.1,27.7,28.2,28.4,28.9,27,28.1,27.9,25.4,4.5,5.4,5.3,2.9,8.9,7.6,0,8.3,8,7.2,6.4,7
23-10-23,0,6,0,2,22,0,23,4,3,2,3,2,88,92,88,88,88,97,91,90,83,96,94,76,26.8,25.7,26.6,26,26,25.7,26,26.2,25.9,26.1,25.7,24.5,0.2,0,0,0,0,0.2,0,0,0,0,0,0
24-10-23,4,10,2,33,2,8,11,2,5,5,13,4,89,95,88,95,91,94,94,92,85,96,98,74,26.1,24.2,25.5,24.8,24.3,25.1,24.2,25,24.4,24.5,24.1,24.9,0,0,0,0,0,0,0,0,0,0,0,0
25-10-23,0,59,2,108,5,21,124,3,17,25,39,0,82,90,83,82,85,88,85,83,83,91,95,71,27.6,25.5,26.3,27,25.8,26.9,26.5,27,24.5,25.6,25.3,26.9,5.7,4.4,4.5,7.5,6.8,7.4,7.9,8.6,0.4,3.2,5.6,3.3
26-10-23,0,1,0,0,3,0,0,0,7,2,4,0,81,81,84,77,82,91,81,83,73,88,90,70,28.2,27.7,26.7,27.6,27.1,26.6,27.4,27.9,26.7,27.1,27,27,7.5,7.9,6.4,10.7,6.9,7.4,10.2,6.1,7.8,7.2,5.7,6.5
27-10-23,0,0,0,0,0,0,0,0,0,0,0,0,79,77,81,78,84,89,82,80,69,86,86,68,27.8,28.2,26.6,27.7,26,26.8,28.2,27.5,27.4,27.2,27.5,26.1,7.5,8.3,7.5,10.4,6.8,9.6,9.8,8.5,9.9,8.1,9.1,9.1
28-10-23,0,0,0,0,0,0,0,0,0,0,0,0,74,77,76,77,77,84,78,77,70,84,84,64,26.6,27.6,26.4,28.1,25.8,27,27.9,27,27.1,26.9,27.1,25.4,7.6,8.3,8.8,9.6,9.4,9.3,10.1,9.6,8.5,9,9,8.1
29-10-23,0,0,0,0,0,0,0,0,0,0,0,0,75,75,77,69,78,85,74,77,64,83,83,62,26.3,27.1,25.7,27.6,25.2,26.4,27.3,26.5,26.6,26.1,26.3,25.4,7.4,8.3,7.4,10,8.9,9.4,6.4,9.5,9.6,8.9,9.2,8.8
30-10-23,0,0,0,0,0,0,0,0,0,0,0,0,62,69,79,67,74,83,74,74,67,82,79,67,27.5,27.5,25.4,28,25.3,26.1,27.4,26.5,26.3,26.4,26.7,27.3,7.4,8.4,8.8,9.4,9.9,9.1,10.1,9.6,8.3,8.8,10,9
31-10-23,0,0,0,0,0,0,0,0,0,0,0,0,70,74,76,71,76,85,80,72,68,82,83,67,27.3,29,27.6,29,27,26.8,28.6,27.7,27.6,27.7,28.1,27.3,7.6,8.1,8.1,10.1,8.2,8.2,4.6,8.2,10,7.7,9,7.3
1/11/2023,0,0,0,0,0,0,0,0,0,0,0,0,75,83,78,71,75,86,79,76,69,82,82,67,28.9,29.3,28.2,29.3,27.8,27.4,28.9,28.7,28.4,28.9,28.8,28.1,7.8,8.5,9.7,9.5,9.7,9.5,9,10.2,8.6,9.3,9.9,8.7
2/11/2023,0,0,0,0,0,0,0,0,0,0,0,0,74,78,75,79,75,88,80,77,68,81,81,65,28.6,29,28,29,27.5,27.4,28.5,28.6,27.3,28,28.5,27.7,7.3,8.7,8.5,9.6,9.5,9.3,4.8,9.7,7.2,9.7,9.9,8.7
3/11/2023,0,0,0,0,0,0,0,0,0,0,0,0,76,75,73,72,76,86,76,76,65,84,79,67,27.8,28.8,27.1,28.9,26.7,27,29,28.1,27.1,26.8,27.9,27.2,7,8.4,6.1,9.9,9.2,9.1,10,9.1,10.4,9.3,10.8,9
4/11/2023,0,0,0,0,0,0,0,0,0,0,0,0,80,83,80,67,79,86,77,78,70,84,82,67,27.6,27.8,26.2,28.3,26.3,26.5,27.7,27.6,26.4,26.8,27.1,26.3,6.1,6.8,5.5,6.2,6.4,7.5,0,6.4,7.9,7.9,8.2,6.3
5/11/2023,0,0,0,0,0,0,0,0,0,0,0,0,75,77,74,65,76,87,77,76,68,84,78,65,27,27.9,25.9,28.2,25.7,26.1,27.6,26.9,26.4,26,26.8,26.2,6.9,5.1,6.5,5.7,6.7,5.2,7.2,6.8,8,7.2,4.9,8.2
6/11/2023,0,0,0,0,0,0,0,0,0,0,0,0,69,75,76,70,73,84,78,72,67,83,80,65,26.5,27.6,24.6,28.1,24.4,25.5,27.5,26,25.8,25.1,25.8,25.2,7,8.4,8.8,9.8,9.3,8.2,5,9.2,8.3,8.9,9.8,8.3
7/11/2023,0,0,0,0,0,0,0,0,0,0,0,0,72,80,78,64,73,89,74,75,68,83,77,64,25.7,25.7,23.8,26.5,23.9,23.7,26.2,25.1,24.5,24.3,24.9,23.9,6.7,6.7,7,9.5,8.9,6.9,8.9,8.6,7,7.5,8.4,7.5
8/11/2023,0,0,0,0,0,0,0,0,0,0,0,0,75,87,79,70,79,83,75,79,64,85,82,66,26,25.3,24.4,25.9,24,24,26.3,25.1,24.3,24.4,24.8,23.7,6.3,6.2,6.4,9.1,7.7,8.9,4.1,8.2,8.3,7.5,7.6,7.6
9/11/2023,0,0,0,0,0,0,0,0,0,0,0,0,78,82,79,70,77,87,77,80,69,84,80,65,25.4,26.1,24.4,25.8,24.2,24.3,25.9,25.3,23.8,24.7,24.9,24.2,6.8,8.4,7.8,9.7,9.2,7.5,9.7,9,8.1,8.7,8.5,9
10/11/2023,0,0,0,0,0,0,0,0,0,0,0,0,76,85,80,72,81,88,77,81,68,83,80,65,25.5,25.8,24.3,26.3,24.2,24.3,26,25.6,24.5,24.7,25.3,24.1,7.1,8.5,8,9.8,9.5,9,10.1,9.1,7.6,9.4,9.1,8.9
11/11/2023,0,0,0,0,0,0,0,0,0,0,0,0,76,79,79,71,75,86,77,80,68,82,81,64,25.5,26.1,24.3,26.7,24.7,24.8,26.4,25.3,25.4,24.4,25.4,24.7,7,8.2,8.9,9.9,9.5,7.2,9.7,9.6,9.6,9.5,9.8,8.9
12/11/2023,0,0,0,0,0,0,0,0,0,0,0,0,75,77,77,70,74,84,75,78,67,81,79,66,25.9,26.8,25.1,27,24.5,24.5,26.4,25.4,25.4,24.9,25.9,24.8,7,8.4,8.1,9.8,9.5,9.7,8.9,9.4,5.3,9.7,9.8,8.9
13-11-23,0,0,0,0,0,0,0,0,0,0,0,0,80,84,73,76,74,85,80,78,68,83,85,67,25.6,26.9,25.3,27.6,25,24.9,26.6,25.7,25.6,25.7,26.3,25,7.1,8.1,9.5,10.5,9.5,9.4,4.2,9.7,9.6,9.4,9.6,8.8
14-11-23,0,0,0,0,0,0,0,0,0,0,0,0,73,88,73,73,74,87,80,74,66,83,84,65,25.9,27.7,25.4,28.1,25.7,25.7,27.1,26.5,27,26.6,27.2,26,7.1,7.8,9.5,8.1,9.2,3.5,8.2,9.1,0,8.8,9.9,8.2
15-11-23,0,0,0,0,0,0,0,0,0,0,0,0,72,88,70,75,75,85,80,78,67,83,85,68,27.3,28.1,27.2,28.8,26.8,26.7,28.2,27.1,27.1,27.2,27.3,27,6.8,4.2,7.9,3.5,6,7.3,3.7,6,8.5,7.5,3.9,6.9
16-11-23,0,0,0,2,0,0,0,0,0,0,0,0,94,95,87,93,88,98,93,91,83,95,96,72,24.5,25.1,25.1,24.3,24.2,24.4,24,24.7,24.3,25.2,25,24.1,0,0,0,0,0,0,0,0,0,0,0,0
17-11-23,26,47,10,65,26,28,77,28,26,48,45,12,98,91,95,91,95,94,92,97,85,93,93,75,21.5,24.1,21.2,25.1,21.4,23.6,24.4,21.9,22.5,23.5,23.8,22.5,0,0,0,0,0,0,0,0,2.7,0,0,0
18-11-23,219,37,112,28,99,105,30,96,46,54,38,0,83,85,84,84,89,91,85,90,76,91,91,73,24.2,24.2,23.1,25.1,23,22.3,24.9,22.9,25,22.6,24,23.4,4.8,2.7,3.1,5.4,0.1,5,3.3,0,0,0.6,3.9,0.9
19-11-23,0,0,0,0,1,0,0,0,0,0,0,0,86,83,82,83,82,90,81,88,68,87,89,69,25.1,26.7,25.6,26.2,25.1,24.4,27.1,24.8,26.3,25.4,26.1,25.8,6.2,7.3,7.6,9.7,6.5,8.2,11.4,6.5,8.8,8.6,9.7,8.4
20-11-23,0,0,0,0,0,0,0,0,0,0,0,0,84,84,81,87,81,89,84,83,70,87,88,69,25.4,27.3,25.7,26.2,25.4,25.6,27,26,26.9,26.7,27.1,27,6.4,6.9,7.4,2.7,6.9,7.3,4.2,6.5,6.9,5.8,8.9,7.3
21-11-23,0,0,0,0,0,0,0,0,0,0,0,0,85,88,87,82,85,90,84,89,79,93,94,75,24.6,25.6,24.1,26.5,23.5,24,26.4,24,24.8,23.6,24.9,23.6,4.3,0.2,0.6,2.1,0,0,3.7,0.1,0,0,0,0
22-11-23,0,0,0,0,0,0,0,0,0,0,0,0,76,78,83,76,81,90,82,80,70,85,87,68,23.9,25.2,23.9,25.7,23.5,24.2,25.3,24,23.1,24.3,24.2,23.7,6.6,8.1,6.2,10,7.5,6.5,7.2,8.3,7,8.7,9.5,8.9
23-11-23,0,0,0,0,0,0,0,0,0,0,0,0,78,81,79,73,79,85,77,79,71,86,85,66,23.3,23.9,23,24.3,22.5,22.9,24,23.1,23.3,23.2,23.3,23.4,4.7,7.9,6.5,9.8,8.1,7.3,9.8,7.5,6.3,8.2,9.8,9.1
24-11-23,0,0,0,0,0,0,0,0,0,0,0,0,80,77,81,75,77,85,79,78,72,81,82,65,23,23.6,22.5,23.9,21.9,22.6,23.7,23.2,23.5,23.2,23.2,23.3,6.5,8.3,7.6,9.8,7.8,8.8,8.7,8,6,9.3,9.9,9.2
25-11-23,0,0,0,0,0,0,0,0,0,0,0,0,77,73,77,71,76,85,76,78,68,82,78,62,23.7,24.8,22.3,24.9,21.9,22.3,23.7,23.1,23,23,23.6,22.8,6.8,8.3,8.7,9.8,8.9,8.4,0,8.3,7.7,9.9,9.8,9.2
26-11-23,0,0,0,0,0,0,0,0,0,0,0,0,80,82,80,79,77,80,83,75,70,81,84,65,23.5,25.6,23.8,25.8,23.6,23.3,25.1,24,23.8,24.7,25.2,24.4,7,8.5,9.3,9.8,9.2,10.3,7.1,9.4,7.3,10.3,10,7.7
27-11-23,0,0,0,0,0,0,0,0,0,0,0,0,79,80,78,77,74,85,82,76,67,79,82,66,25.3,25.9,24.9,26.3,24.7,24.4,26,25.6,24.3,25.4,25.5,25.5,6.9,8.7,8.3,10,8.5,9.1,9.6,8.5,9,9.1,10,8.5
28-11-23,0,0,0,0,0,0,0,0,0,0,0,0,77,78,79,72,77,83,81,78,64,80,82,63,25.2,25.3,24.6,26,24.5,24.4,25.8,25.1,24.2,25.5,24.9,25.2,6.5,8.5,7.7,9.9,8.6,9.3,6.5,8,7.6,8.9,10,7.8
29-11-23,0,0,0,0,0,0,0,0,0,0,0,0,90,79,85,74,86,90,78,89,73,87,86,70,24.1,25.1,23.1,25.5,22.3,23.7,24.8,23.7,23.5,23.9,24.3,22.6,3.1,3.5,1.1,5.6,0.2,1.7,5.1,0.2,3.7,4.6,2.5,3.7
30-11-23,0,0,0,0,0,0,0,0,0,0,0,0,80,82,76,73,75,80,81,78,66,81,85,64,24.3,24.6,23.7,25.9,23.6,24.5,25.1,24.4,23.9,24.1,24.3,23.7,6.7,7.8,9.3,7.9,8.7,9.5,7,9.4,7.6,9.8,10,9.2
1/12/2023,0,0,0,0,0,0,0,0,0,0,0,0,77,80,76,75,74,81,80,77,69,80,81,64,24.8,25.6,23.8,26.1,23.8,24,25.2,24.7,24.3,24.6,24.9,23.5,6.8,8.6,8.9,9,9.1,9.3,7.8,9.3,7.3,9.9,10,8.3
2/12/2023,0,0,0,0,0,0,0,0,0,0,0,0,79,77,77,77,76,86,77,77,71,80,79,67,24.4,26.3,23.7,26.6,23.6,24,26.5,24.5,24.1,25,25.8,24.2,6.7,5,7.6,1.6,8.3,6.6,0.8,8.2,7.1,7.5,9.2,7.6
3/12/2023,0,0,0,0,0,0,0,0,0,0,0,0,82,76,80,74,77,82,78,78,68,81,77,62,24.6,27,23.8,27.2,23.8,24.8,26.2,24.8,25.1,25.2,26.3,24.7,5.4,6.9,5,5.9,5.7,8.6,7.3,3.6,6.8,6.7,8.1,6.4
4/12/2023,0,0,0,0,0,0,0,0,0,0,0,0,86,78,78,79,81,84,82,80,69,83,82,64,24,26.2,24.5,26.7,23.6,24.9,25.6,24.8,24.7,25,25.4,24.7,0.4,1.8,0.2,0.4,0,4.4,0,0.2,4.2,3.1,2.9,3.5
5/12/2023,0,0,0,0,0,0,0,0,0,0,0,0,81,76,85,67,82,79,71,76,67,85,81,61,23.8,25.6,23.7,26.4,22.8,24.9,25.5,24.3,23.7,24.5,25.1,24.1,0,0.4,0,0.3,0,0,0.2,0,0,0,0.1,0.1
6/12/2023,0,0,0,0,0,0,0,0,0,0,0,0,85,81,83,74,82,78,75,79,74,84,82,65,23.7,25.9,23.6,26.8,23.2,25,26.6,24.2,24.1,24.7,25.5,24.8,0.1,0.9,0,6.1,0,1.8,4.8,0.2,0.1,0,0.3,0.6
7/12/2023,0,1,2,0,2,0,0,4,4,1,1,0,97,89,94,83,88,92,86,92,78,88,91,74,21,25.5,20.9,26.2,22.1,23.4,24.7,21.9,24.4,24.3,24.8,23.8,0,2.2,0,3.4,0,1.5,4.6,0.3,0.2,2.2,0.5,4.3
8/12/2023,33,3,31,1,24,5,0,18,4,20,4,0,92,88,89,85,85,89,82,89,77,88,90,66,21.9,24.7,22,25.3,22.7,23.5,24.2,22.5,24.5,24,24.4,24.3,0,4.5,0,1.9,2.4,3.1,0,0.3,2.5,4,2.2,1.9
9/12/2023,0,5,0,4,0,0,0,0,3,0,3,0,88,78,82,80,81,86,74,82,69,84,85,69,22.2,24.3,22.1,24,22,22.1,23.3,22.5,23.5,22.9,23.3,22.4,5.5,5.2,6.9,8.1,6.4,8.5,7.1,5.8,6.5,8.7,3,8
10/12/2023,0,0,0,0,0,0,0,0,0,0,0,0,87,81,87,71,83,84,74,80,75,87,85,68,20.3,22.5,19.7,23.1,19.9,20,23.3,20.8,20.6,20.7,21.6,20.6,3.9,5.9,0.4,8.6,4.4,7.1,6.8,5.1,3.8,7.1,6.6,7.3
11/12/2023,0,0,0,0,0,0,0,0,0,0,0,0,86,88,86,76,85,86,82,82,76,88,91,75,20.8,21,20,22.2,19.1,20.1,21.7,20.7,20,20,20.5,18.4,4.9,4.7,3.7,7.6,5.2,5.1,7.3,4.8,1.9,6.7,6.8,5.4
12/12/2023,0,0,0,0,0,0,0,0,0,0,0,0,90,88,88,79,90,90,83,89,77,92,92,72,19.9,21.3,19.5,22.7,18.7,19.5,21.5,19.8,19.9,18.9,20.5,19.5,4.7,3.2,4.9,8.6,0.4,5.4,0.8,2.3,2.6,3.5,2.7,0.9
13-12-23,0,0,0,0,0,0,0,0,0,0,0,0,82,70,93,69,85,84,75,84,66,84,84,66,19.8,22.5,18,22.7,18.8,20,22.9,20,20.7,20.1,20.9,20.3,6.5,7.1,0.6,7.2,5.8,6.4,8.6,6.3,6.4,7.4,7.2,8.2
14-12-23,0,0,0,0,0,0,0,0,0,0,0,0,80,69,77,62,75,77,76,69,68,80,78,62,19.4,21.6,18.5,22.2,18.3,18.6,21.6,19.6,19.7,19.3,20.5,19.2,6.8,6.5,6.8,8.7,7.4,9.2,9,8,8,8.4,8.9,7.5
15-12-23,0,0,0,0,0,0,0,0,0,0,0,0,82,74,83,63,78,80,79,77,74,82,80,62,19.6,20.5,18.1,21.5,18.1,18.6,22.4,19,18.8,19.1,19.7,18.8,6.8,7.9,6.9,8.9,7.7,8.1,7.5,8.3,8.1,8.7,9.7,8
16-12-23,0,0,0,0,0,0,0,0,0,0,0,0,80,82,83,73,80,86,78,80,76,82,85,63,20.3,20,19.1,20.8,18.7,19.5,20.9,20,18.5,19.5,20.2,19.3,7,6.8,6.5,9.1,7.6,8.7,3,8.1,6.2,8.9,9.5,9
17-12-23,0,0,0,0,0,0,0,0,0,0,0,0,80,80,81,68,77,86,77,81,72,81,83,61,19.9,20.3,18.8,21.4,19.1,19.4,21.2,20,19.1,20,20.2,19,6.9,7.3,7.4,9.1,7.7,7.6,7.7,8,8.5,8.7,10,9
18-12-23,0,0,0,0,0,0,0,0,0,0,0,0,83,74,80,75,77,84,77,80,75,80,78,61,20.6,21.4,19.1,21.8,18.6,19.7,21.5,20,18.9,20.3,20.8,19.6,5.7,8.2,8.3,9.1,8.1,8.7,6.7,8.1,8.4,9.3,10,7.5
19-12-23,0,0,0,0,0,0,0,0,0,0,0,0,82,71,75,72,75,84,68,80,70,79,77,62,20.3,21.5,19.5,21.6,19.4,19.5,22.4,20.1,19.4,19.5,20.9,19.7,6.6,7.8,8.6,9.4,8.4,8.1,5.3,8.6,9.2,9.3,8.9,8.6
20-12-23,0,0,0,0,0,0,0,0,0,0,0,0,80,75,78,72,78,85,74,78,76,80,80,62,19.9,20.9,19,21.3,18.6,19.1,21.2,19.8,19.6,19.6,20.7,19.6,7,8.1,7.9,9.1,8.2,8,9.3,9,8.9,9.3,10.1,8.2
21-12-23,0,0,0,0,0,0,0,0,0,0,0,0,83,81,79,78,78,85,78,82,81,81,83,66,20.4,20.7,20.3,21.5,19.8,19.1,21.2,20.2,19.8,20.2,20.9,19.6,6.6,7.1,8.2,8.6,7.7,7.5,0,6.2,6.4,8.6,9.6,3.9
22-12-23,0,0,0,0,0,0,0,0,0,0,0,0,81,82,82,77,79,85,80,80,77,85,88,70,20.4,21,20.1,21.4,19.9,19.4,20.7,20.5,20.4,20.2,20.9,19.6,7.1,3,5.9,7.2,5.4,7,8.6,8.1,5.5,4.3,3,3
23-12-23,0,0,0,0,0,0,0,0,0,0,0,0,83,83,81,80,79,88,79,81,84,85,86,70,20.6,22.3,21,22.8,21.7,20.8,21.9,21.2,20.1,22.3,22.3,21.5,6.7,6.8,4.1,4.5,2.9,6.7,3.2,5.4,5.1,6.5,6.9,7.2
24-12-23,0,0,0,0,0,0,0,0,0,0,0,0,85,87,81,82,78,85,81,80,83,87,87,71,20.7,23,20.8,23.6,21.1,21.2,22.6,21.6,20.6,22.1,23,21.6,6.5,6.1,7,8.7,5.9,7.2,7.8,7.1,2.3,7.5,8.7,6.2
25-12-23,0,0,0,0,0,0,0,0,0,0,0,0,86,85,83,80,80,88,83,83,77,87,87,67,21.3,22.5,20.7,23.2,20.7,21.1,22.5,21.1,20.6,21.6,22.2,20.7,5.6,6.9,2.7,8.2,6,3.9,5.7,5.4,7.1,7.9,5.3,8
26-12-23,0,0,0,0,0,0,0,0,0,0,0,0,87,84,87,82,84,91,82,86,76,87,87,70,21.2,22.4,20.2,22.6,20.3,20.6,22,21,21.7,21,22.1,20.3,3.7,5.3,3.6,6.5,5.9,4.3,6.2,5.1,7.5,7.3,5.3,7
27-12-23,0,0,0,0,0,0,0,0,0,0,0,0,83,83,83,80,79,92,79,83,78,84,87,67,21.2,22.3,20.8,22.4,20.7,20.6,21.9,20.9,21.3,21.2,21.9,20.6,5.2,7.4,6.4,8.4,7.9,3.8,7.8,4.7,0.3,8.2,8.6,8.3
28-12-23,0,0,0,0,0,0,0,0,0,0,0,0,85,82,84,74,84,91,80,85,73,88,90,68,21.3,21.6,20.3,22.5,19.6,20.3,22.3,20.6,20.9,20.4,21,20.4,5.6,6.1,4.1,8.2,3.6,3,8.8,3.7,7.3,2.9,6,7.3
29-12-23,0,0,0,0,0,0,0,0,0,0,0,0,82,76,80,71,77,87,77,83,78,83,80,65,21.8,21.7,20.5,22.3,20.3,20.7,22.5,21.1,20.4,20.9,21.2,20,7.1,7.8,7.4,8.6,8,7.4,8.4,8,7,8.5,9.5,8.7
30-12-23,0,0,0,0,0,0,0,0,0,0,0,0,82,73,79,74,78,83,76,79,73,83,80,64,21.4,23.1,20.9,22.9,20.1,20.8,22.6,21.3,21.4,21.2,22.5,21.1,6.8,7.7,7.7,9,8.3,9,9.6,8.7,8.7,8.8,9.7,8.8
31-12-23,0,0,0,0,0,0,0,0,0,0,0,0,93,69,82,74,73,84,75,78,76,82,80,60,19.4,23.5,20.9,22.9,20.9,21.7,23.7,21.5,21.6,21.8,22.4,21.5,3.3,7.7,7.4,9.1,8.6,8.7,6.5,7.2,8.8,9.5,9.6,7.7
1/1/2024,0,0,0,0,0,0,0,0,0,0,0,0,91,74,89,75,81,85,79,85,76,85,84,65,19.2,22.8,19.4,22.7,19.8,20.8,22.8,20.3,20.9,21.1,21.7,20.3,2.9,7,4.2,9,5.2,0,9.4,5,9,8.1,8.5,7.7
2/1/2024,0,0,0,0,0,0,0,0,0,0,0,0,86,76,90,74,80,87,79,83,77,85,83,65,18.9,21.8,18.1,22.1,18.5,19.5,22.3,19.6,20.6,20.3,20.8,19.8,5.1,6.1,4.3,8.9,5.6,8.2,5.9,6,7.9,7.8,8.7,7.8
3/1/2024,0,0,0,0,0,0,0,0,0,0,0,0,92,84,90,79,89,91,84,89,84,88,90,71,16.7,20.1,17,21.8,16.9,18.7,21.2,17.7,19.4,18.9,19.6,18.1,1.8,5.3,2.9,7.7,2.7,5.3,5.9,3.8,5.1,5.5,6,6.4
4/1/2024,0,0,0,0,0,0,0,0,0,0,0,0,90,86,93,84,92,87,83,91,84,92,92,71,18.3,19.8,16.8,21.2,16.7,18.5,19.9,17.8,19.5,18.1,19.2,17.8,5,5.1,0.8,6.1,2.2,6.8,8.9,4.4,5.8,5,9.9,5.4
5/1/2024,0,0,0,0,0,0,0,0,0,0,0,0,92,80,91,73,83,87,77,85,86,84,88,64,18.1,19.1,17.6,20.9,17.6,18.7,20.7,18.4,18,18.9,18.5,17.9,4.8,6.8,5.1,8.8,6.1,9,5.1,7.1,2.4,9.4,7.3,8.9
6/1/2024,0,0,0,0,0,0,0,0,0,0,0,0,83,80,86,69,81,87,77,84,78,82,85,66,19.5,19.8,18.7,21.5,18,18.9,21.2,19.2,19,19.7,19.3,18.9,6.3,5.4,5,9.2,6,8.2,9.8,6.2,5.9,7.9,7.2,8.5
7/1/2024,0,0,0,0,0,0,0,0,0,0,0,0,78,66,80,67,77,84,76,78,76,81,76,61,20.5,21.7,19.4,22.3,18.9,20,21.5,20.5,19.5,19.9,21.1,19.2,7.1,7.4,7.3,9,8.3,8.6,5.5,6.1,7.6,8.5,10,8.2
8/1/2024,0,0,0,0,0,0,0,0,0,0,0,0,87,66,80,67,80,84,71,79,72,83,78,66,19.8,21.9,19.2,22.4,18.8,19.7,22.4,20,20,19.6,21,19.9,4.3,7.7,5.7,9,7.6,8.7,8.9,7.2,9.5,8.9,6.7,7.9
9/1/2024,0,0,0,0,0,0,0,0,0,0,0,0,89,74,91,70,86,83,75,83,74,84,83,67,18.4,20.9,16.5,21.3,17.4,19.3,21.5,18.9,20,19.6,19.9,18.5,2.2,6.6,0,8.7,5.1,6.7,4.1,5.9,8.7,6.8,7.9,4.7
10/1/2024,0,0,0,0,0,0,0,0,0,0,0,0,93,79,93,76,86,85,80,84,78,85,85,70,16.4,19.7,15.4,20.5,16.8,18.5,20.6,18.1,18.6,18.6,18.9,17,2.8,5,1.4,9,5,6.6,10.4,5.8,5.8,7.2,7.9,6.7
11/1/2024,0,0,0,0,0,0,0,0,0,0,0,0,83,71,82,67,73,85,74,78,76,82,78,57,18.1,20.9,17.1,21.2,17.7,18.4,21.7,18.6,18.8,18.5,19.5,18.6,6.1,6.5,4.9,7.3,7.4,6,4.6,6.1,6.8,7.7,7.9,7.1
12/1/2024,0,0,0,0,0,0,0,0,0,0,0,0,85,80,85,76,85,89,83,82,81,85,87,65,16.3,16.7,15.6,18,14.6,16.7,17.6,17.1,16.5,16.3,16.4,15.3,4.6,3.7,0,9.1,0,4.3,7.6,2.5,4.7,4,2.3,3.4
13-01-24,0,0,0,0,0,0,0,0,0,0,0,0,89,75,87,77,86,88,80,86,81,86,85,62,15.5,18.2,15.8,18.6,15.2,16.1,18.6,16.1,17.5,16.8,17.9,16.7,0,5.6,0,7.7,0,4.2,4.5,0.1,3.8,6.7,5.2,6
14-01-24,0,0,0,0,0,0,0,0,0,0,0,0,96,84,93,81,89,92,84,94,80,94,92,71,15.9,17.6,15.1,18.3,15.4,16.1,17.6,14.5,17.9,15.4,16.7,15.8,0,4.9,0,5.2,0,1,8.6,0,5.7,1.1,5,4.4
15-01-24,0,0,0,0,0,0,0,0,0,0,0,0,83,85,85,80,82,87,80,85,81,89,90,66,17,17,15.9,18,15.7,16.2,18.1,16.3,17.1,16.1,16.7,15.8,3.3,4.7,2.4,5.7,4.1,8.5,7.5,4.9,3.3,5.3,8.6,4.7
16-01-24,0,0,0,0,0,0,0,0,0,0,0,0,85,79,96,68,91,88,77,92,75,87,86,66,15.8,17.7,14.3,19,13.8,16.3,18.7,15.5,17.2,16.5,17,15.6,2.1,7.3,0,8.7,0.1,7.5,9.4,1,7.2,5.5,6.7,6.3
17-01-24,0,0,0,0,0,0,0,0,0,0,0,0,92,74,92,62,83,89,75,87,74,84,83,62,15.1,18.4,14.6,20,15.1,16.7,19.2,16.5,17.2,17,17.6,17,1.5,7,0,9.1,5.1,7.8,4.6,5,7.4,7.2,8.2,7.8
18-01-24,0,0,0,0,0,0,0,0,0,0,0,0,92,65,85,65,80,84,74,86,73,85,74,66,16.6,20.2,17.2,21.5,17.3,18.1,20.9,16.8,18.6,18.3,19.3,17.4,0.8,4.6,0,7.6,0,2.3,9,0,5.6,3,4,2.4
19-01-24,0,1,1,0,1,0,1,2,1,2,1,0,82,68,78,67,74,81,77,79,78,81,76,62,19.2,21.5,18.9,21.9,18.6,19.5,21.8,19.2,19.4,19.6,20.7,19.8,6.1,6.4,5.8,5.5,6.4,7.3,5.4,7,8.3,7.9,7.5,8.4
20-01-24,0,0,0,0,0,5,0,0,0,0,0,0,88,69,87,62,80,83,69,80,75,77,75,57,17.6,20.4,16.7,20.9,16.9,18.2,21.5,18.3,18.2,18.8,20,18.9,4.2,7.9,3.2,8.6,4.2,7.9,8.3,6.3,9.7,8.4,9.3,8.2
21-01-24,0,0,0,0,0,0,0,0,0,0,0,0,85,73,84,58,80,88,69,82,74,83,79,60,17.3,20.3,17.1,21,17.3,18.2,21.3,18.1,18.2,18.8,19.8,18.4,4.4,4.6,0.7,6.2,2.2,2.6,5.5,2.1,7.3,4.9,6.2,6.1
22-01-24,0,0,0,0,0,0,0,0,0,0,0,0,87,75,84,61,80,82,69,81,70,82,79,61,14.8,18.7,14.9,20,15.9,16.5,20,15.8,17.7,17.1,18.1,16.3,3.3,6,0,9.1,2.5,8.1,6.2,4.4,7.8,7.2,3.3,7
23-01-24,0,0,0,0,0,0,0,0,0,0,0,0,88,84,84,73,84,92,82,86,78,85,84,67,15.7,16.3,15.7,17.5,14.5,14.5,16,16,16.9,15.6,15.9,13.8,4.4,5.4,2.4,9.1,3.2,4.6,1.1,3.1,5.6,6.4,6.4,4.6
24-01-24,0,0,0,0,0,0,0,0,0,0,0,0,88,81,79,69,81,87,77,84,83,87,86,63,17.8,18.1,17.6,19.2,17,17.1,18.3,17.9,16.7,17,17.6,17.1,3.1,0.5,2.3,0,2.2,1,2,3,1.3,1.7,0,2.9
25-01-24,3,7,1,4,1,1,3,2,2,3,5,2,84,87,80,91,76,92,90,78,86,91,92,70,18.8,18.7,18.8,19.1,18.2,17.8,18.6,19.1,16.9,18.1,18.1,17.8,1.3,0.4,0.9,0,4.3,0,6.4,6.2,0,0.7,0,1.4
26-01-24,0,1,0,3,0,6,3,0,1,0,0,0,76,69,76,78,77,80,75,77,78,80,74,70,18.6,21,18.5,20.7,18.1,19.4,21,18.9,18.1,19.4,20,18.8,6.1,7.7,3.2,8.6,6.1,7.8,6.4,5.5,7.3,8.2,8.6,8.4
27-01-24,0,0,0,0,0,0,0,0,0,0,0,0,76,70,74,70,75,80,70,73,73,79,75,72,17.1,19.6,16.9,19.6,16.3,17,19.8,17.5,17.4,17.3,18.5,17.6,6,2,4.2,4.9,2,6.4,5.5,5.7,5,5.1,0.1,4.9
28-01-24,0,0,0,0,0,0,0,0,0,0,0,0,66,62,67,64,70,73,68,63,75,76,66,71,17.8,20.2,17.7,20,16.8,17.4,20.2,18.5,17.3,17.7,19.2,17.2,6.5,7.3,6.9,8.7,6.6,8.4,9.5,8.5,9,5.7,8.4,8.6
29-01-24,0,0,0,0,0,0,0,0,0,0,0,0,71,70,75,59,70,75,72,67,66,78,69,60,17.3,18.7,16.9,20,16.7,17,19.8,18.4,17.7,18.2,18.6,17,6.6,7.2,7.3,8.3,7.6,8.7,2.8,8,9.6,1.8,7.8,8.5
30-01-24,0,0,0,0,0,0,0,0,0,0,0,0,76,71,74,62,76,76,72,70,66,76,72,61,19.2,19.7,19,20.8,18.3,18.7,20.5,19.2,19.2,19.2,19.4,18.3,6.3,7.8,6.1,9.4,5.8,9,6,7.9,9.5,5.1,8.9,8.2
31-01-24,0,0,0,0,0,0,0,0,0,0,0,0,77,80,76,70,79,90,74,81,84,92,84,67,20.5,19.5,20,21.2,18.5,17.9,20.2,19.2,16.8,17.9,18.5,17,1.8,0.4,0,7.8,0,0,5.9,0,0,0,0,0.4
1/2/2024,0,0,0,0,0,0,0,0,0,0,0,0,89,80,75,69,82,91,77,87,75,88,82,65,21.1,20.1,21.3,21.3,19.5,19.1,20.5,19.7,18.4,19.4,19.7,18.9,1.8,2.5,0,8.3,0,1.8,0,1.6,4,0,0.7,3.3
2/2/2024,1,0,0,0,2,1,0,11,0,0,0,0,91,86,88,76,81,91,78,86,82,88,89,70,21.6,20.2,21,21.3,20.4,20.2,20.5,21,18.9,20.3,19.9,19.7,3.7,3,0,2.8,4.6,2.1,3.9,2.9,2.7,0,3.1,5.7
3/2/2024,0,2,0,0,0,3,0,0,0,1,1,0,78,90,72,80,75,92,86,75,74,87,83,66,21.2,20.8,20.6,21.9,20.4,20.3,20.9,21.1,20,21.1,21.2,20.2,6.5,3.1,7.8,7.4,6.9,5.3,5.9,6.8,5.3,2.6,4.9,4.1
4/2/2024,0,0,0,0,0,0,0,0,0,0,0,0,78,79,75,73,78,84,79,74,71,81,81,64,20,20.5,19.4,21.5,19.3,20,20,20.4,19.5,20.3,20.4,19.1,6.3,7.2,6.3,9.2,6,7,9.2,8.2,9.6,4.7,8.9,7.5
5/2/2024,0,0,0,0,0,0,0,0,0,0,0,0,78,75,77,67,77,82,79,78,71,82,75,64,21.1,21.6,20.7,22.4,21,21.1,21.4,21.4,20.2,21.8,21.4,19.9,6.6,7.8,6.2,8.7,0,7.7,6.6,6.8,8.7,7.1,9.3,7.3
6/2/2024,0,0,0,0,0,0,0,0,0,0,0,0,91,81,86,69,84,92,80,88,67,87,86,67,21.3,22,21.1,22.7,20.6,21.1,21.2,21.6,21.4,21.5,21.6,21,0,5.9,0,9.6,0,1.1,8.5,0,5.5,5.2,7.1,6.2
7/2/2024,0,0,0,0,0,0,0,0,0,0,0,0,80,75,73,80,80,84,83,78,76,84,82,68,19.9,22.9,20.7,22.8,19.9,21.3,21.8,21.1,20.8,22.1,22,21,2.2,0,0.3,0,7.1,0,0,0,0.7,2.1,0,3.9
8/2/2024,0,0,0,0,0,0,0,0,0,0,0,0,69,59,64,59,65,68,72,62,66,73,60,54,19.4,21.8,18.8,22.5,18.4,19.1,21.5,19.8,19.7,19.4,20.8,18.8,7,8.1,8.8,9.3,7.9,8.3,0,9.1,10,7.9,9.4,8.4
9/2/2024,0,0,0,0,0,0,0,0,0,0,0,0,67,54,72,52,65,67,61,67,63,69,60,50,19.6,21.6,18.2,21.3,17.9,18.5,21.9,19.4,19.5,19,20.4,18.9,7.4,8.3,9.1,9.8,7.6,0,7.6,9.6,6.8,10.2,10,9
10/2/2024,0,0,0,0,0,0,0,0,0,0,0,0,72,72,70,58,70,74,74,74,69,73,70,56,20.7,20.4,19.5,21.3,18.7,19.5,19.9,19.8,18.8,19.6,20.1,18.6,7,8.1,7.9,9.9,6.7,8.8,10,8,9.8,9.4,10.9,9.4
11/2/2024,0,0,0,0,0,0,0,0,0,0,0,0,72,69,74,65,74,77,77,73,68,76,72,59,21.2,21.4,20.3,22,20,19.9,20.8,20.9,20,20.5,21,19.8,7.3,7.9,7.4,9.9,3.7,7.8,6.2,8.9,9.2,9.1,9.5,8.6
12/2/2024,0,0,0,0,0,0,0,0,0,0,0,0,78,70,73,59,74,80,78,75,69,80,69,63,20.7,22,20.7,23.1,20,20.6,21.4,21,19.8,20.5,21.6,19.4,5.5,4.1,3.9,7.9,7.9,6,9.3,5,10.4,6.4,6,5.9
13-02-24,0,0,0,0,0,0,0,0,0,0,0,0,66,63,66,55,68,74,75,68,65,71,62,52,22,23.5,21.3,24.5,20.7,21.6,22.4,22.3,20.8,21.8,22.9,21.5,6.6,6.7,7.1,7.9,2.5,6.8,5.5,8.2,9.7,8.8,8.8,8.6
14-02-24,0,0,0,0,0,0,0,0,0,0,0,0,66,63,66,53,69,73,70,70,64,72,60,62,22.4,23.9,21.9,24.7,21.4,22,23.2,22.4,20.8,22.1,23.2,21.8,4.8,5.2,2.7,8.3,4.1,5.4,9.5,4,9.4,7.5,5.6,6.6
15-02-24,0,0,0,0,0,0,0,0,0,0,0,0,76,61,67,53,70,71,69,67,67,72,62,52,22.6,25.9,23,25.9,23.1,22.9,24,23.4,21.9,23.4,25,23.5,6.6,7,6.4,9.3,3.9,7.2,0,7.3,1,9.2,9.9,8.9
16-02-24,3,0,0,0,0,0,0,0,0,0,0,0,76,68,73,64,72,80,72,74,68,77,67,55,23.1,25.3,23.1,25.1,22.5,22.2,23.8,23.3,22.3,22.8,24.4,22.9,6.7,7.7,6.4,10,3.9,5.9,9.9,6.5,9.5,8.8,9.5,8.9
17-02-24,0,0,0,0,0,0,0,0,0,0,0,0,75,67,72,67,73,76,75,70,73,75,65,61,22,24.1,21.5,23.7,22.2,21.1,23.4,22.3,21,21.6,23.2,21.2,7,7.4,6.1,9.6,1.7,8.7,5.5,8.7,8.6,8.7,9.1,8.2
18-02-24,0,0,0,0,0,0,0,0,0,0,0,0,72,64,67,62,76,74,73,70,73,73,59,53,21.7,23.5,21.4,23.3,20.8,21.2,21.9,21.9,20.6,21.4,22.9,20.8,6.9,8.2,7.4,9.8,7,8.9,9.9,8.5,8.5,9.7,9.9,8.5
19-02-24,0,0,0,0,0,0,0,0,0,0,0,0,75,72,72,61,73,72,76,72,69,73,67,49,22.8,22.8,21.9,23.3,21.3,22,21.9,22.4,20.7,21.8,22.7,21.7,6.6,7.5,7.3,9.9,0.5,8.1,6.1,7.3,10.1,9.4,9.5,8.3
20-02-24,0,0,0,0,0,0,0,0,0,0,0,0,84,82,84,71,77,88,82,85,67,84,79,61,24.7,23.6,23,23.9,23.4,24,23,23.3,23.1,24,23.9,23.7,6,6.2,0,9.2,0,1.1,8.9,1.1,9.1,7.9,8,7.7
21-02-24,0,0,0,0,0,0,0,0,0,0,0,0,86,87,82,82,82,92,79,85,79,90,87,70,25,24.6,24.9,24.4,24.8,24.7,23.9,24.7,23.5,24.6,24.6,24.5,5,0.7,4.4,2.1,0,0.1,6.4,3.5,2.8,4.1,0,2.5
22-02-24,7,0,0,0,1,23,0,0,0,0,0,0,89,85,84,83,81,92,82,83,69,90,83,70,25.2,24.9,24.5,24.7,25.1,24.5,23.8,25.5,25.3,24.7,25.1,24.6,3.6,6.8,2.7,8.3,0,3.9,3.9,4.2,8.7,4.2,5.1,3.8
23-02-24,11,0,4,0,0,0,0,0,0,0,0,0,81,87,78,80,83,92,78,82,86,90,84,74,22.7,24.2,22.9,25,23.5,24.2,24.3,23.8,22.8,24.1,24.4,22.8,2.6,3.4,0.6,6.6,0,1,0,1.3,0.9,1.8,0.1,0.1
24-02-24,0,0,0,0,9,1,0,19,1,1,0,0,72,77,66,80,76,90,76,78,73,83,74,63,24.2,25.8,24.2,25.3,24.4,24.5,24.6,24.8,23.4,24.8,25.4,24,7,2.5,8.4,7.3,0.1,0.8,6.7,3.2,3.1,4.6,0.5,4.9
25-02-24,0,0,0,0,0,0,0,0,0,0,0,0,67,64,66,62,69,72,76,68,58,74,61,50,22.3,24.7,22.3,25.5,22.1,22.5,23.2,22.9,22.6,22.4,24,22.5,6.1,2,7.3,10.1,0.5,2.6,3.6,6.3,6.8,5.6,2.5,5.9
26-02-24,0,0,0,0,0,0,0,0,0,0,0,0,69,50,61,56,65,57,76,60,48,62,53,43,22.4,25.7,22.8,25.9,22.2,24,24.4,23.3,23.5,23.7,25.5,24.6,7.2,8.4,9.3,6.1,0.8,9,9.6,9,10.6,10,10.6,8.6
27-02-24,0,0,0,0,0,0,0,0,0,0,0,0,65,40,65,51,66,62,63,61,63,63,46,44,22.8,25.5,22.2,26.2,22,23.1,24.4,23.3,23.1,23.1,24.5,23.2,5.6,8.6,7,10.3,0.4,8.8,5.7,8.3,10.7,10.2,10,8.6
28-02-24,0,0,0,0,0,0,0,0,0,0,0,0,67,57,73,51,67,71,62,68,67,69,57,60,23.5,24.6,22.7,25.5,22.6,23.3,23.7,23.7,22.8,23.3,24.4,22.8,7.7,7.5,7.2,8.4,0.5,7.8,9.1,7.7,10.5,9,8.3,8.7
29-02-24,0,0,0,0,0,0,0,0,0,0,0,0,71,60,74,57,67,74,73,68,59,69,58,64,23.7,25.1,23,25.9,23.4,23.8,24.7,24.3,22.9,23.9,24.9,22.8,6.4,6.6,4.7,10.3,0.3,8.2,7.9,9,9.1,9.4,9,7.7
1/3/2024,0,0,0,0,0,0,0,0,0,0,0,0,69,43,68,51,68,69,65,70,67,68,45,56,24,26.3,22.9,25.9,22.6,23.6,24.8,23.9,22.7,23.5,25.7,22.8,7.9,9.1,8.9,10.4,9,9.9,10.2,9.8,9.4,9.5,10.2,8.6
2/3/2024,0,0,0,0,0,0,0,0,0,0,0,0,67,55,74,52,69,68,70,66,62,68,52,48,23.8,25.1,22.6,25.4,22.6,23.5,25,24.1,22.7,23.7,25.5,22.9,8.4,8.8,8.7,9.9,8.9,9.8,6.4,9.5,10,9.9,10.2,8.4
3/3/2024,0,0,0,0,0,0,0,0,0,0,0,0,63,62,71,60,66,74,72,67,61,71,63,58,25.3,25.4,23.9,25.9,23.8,24.4,24.5,24.9,23.8,24.2,25,22.2,8.3,8.4,8,9.9,8.2,9.2,9.5,8.9,8.9,8.9,9.6,8.3
4/3/2024,0,0,0,0,0,0,0,0,0,0,0,0,77,60,78,61,69,73,71,73,63,75,63,56,23.4,26.3,22.6,26.7,23.3,24.2,24.6,24,23.9,24.1,25.7,23.1,3.4,7,3.4,9,4.2,8.2,10.1,4.3,7.7,7.5,7.2,6.3
5/3/2024,0,0,0,0,0,0,0,0,0,0,0,0,71,69,71,59,67,76,79,74,60,76,66,51,24.9,26.4,23.9,27.5,24.3,25.1,25.5,24.9,23.6,25.1,26.2,23.8,8.8,8.2,8.8,10.1,8.6,8.7,8.2,9.4,8.7,9,8.5,7.1
6/3/2024,0,0,0,0,0,0,0,0,0,0,0,0,68,52,69,55,63,74,67,67,53,69,51,52,23.2,26,22.1,26.1,22.7,23.1,25.7,23.7,23.4,23.6,25.5,23,8.9,9,9.5,10.3,9.4,10.1,6,10.1,9.9,9.3,9.9,8.5
7/3/2024,0,0,0,0,0,0,0,0,0,0,0,0,63,41,67,43,58,69,64,63,63,55,42,49,23.3,26,21.9,26.1,22.5,24,24.7,24,23.4,24.9,25.9,22.1,6.4,9,7.1,10.5,8.2,9.8,10.4,9.3,10.3,9.3,10,8.4
8/3/2024,0,0,0,0,0,0,0,0,0,0,0,0,56,43,66,44,58,68,66,65,63,60,46,53,24.2,27,22.8,26.1,22.7,23.8,25,23.9,23.9,24.2,26,22.9,8.9,9.1,9.8,10.7,9.8,10.1,6.8,10,9.9,10.2,10.1,8
9/3/2024,0,0,0,0,0,0,0,0,0,0,0,0,62,44,64,38,58,70,56,66,58,63,42,51,23.5,26.1,22.4,26.3,22.4,23.3,25.2,23.2,22.9,23.6,25.3,22.3,9.1,9,9.7,10.2,9.5,10.4,10.4,9.8,10.1,10.2,0,8.7
10/3/2024,0,0,0,0,0,0,0,0,0,0,0,0,56,47,64,43,59,68,57,61,53,63,45,49,23.6,25.6,21.9,25.4,22.1,23.1,25.4,23,22.9,23.2,25.4,22.5,9.3,9.2,9.8,10.2,9.8,10.4,9.5,10.1,10.1,10.4,10.1,8.8
11/3/2024,0,0,0,0,0,0,0,0,0,0,0,0,55,67,70,53,63,67,66,63,62,67,54,52,24.4,24.5,22.9,25,22.8,23.2,23.5,23.7,23.1,23.3,24.7,23.4,9.3,9.3,9,10.5,9.2,10.5,10.4,10.1,10.1,10.2,10.2,2.4
12/3/2024,0,0,0,0,0,0,0,0,0,0,0,0,68,74,64,61,61,72,74,66,60,66,63,55,26.2,25.1,25,25.7,24.3,23.9,23.7,26.2,25.3,26,25.8,22.8,8.7,7.9,8.6,9,7.4,9,9.6,8.6,8.8,9.4,9.4,7.9
13-03-24,0,0,0,0,0,0,0,0,0,0,0,0,75,81,76,78,73,87,76,75,74,85,79,63,27.9,26.4,27.1,26.6,26.1,25.5,25.2,28.1,27.3,26.9,26.8,25.2,7.5,6.9,7,8.2,4.5,7.3,6,7.1,8.8,6.8,4.8,2.9
14-03-24,0,0,0,0,0,0,0,0,0,0,0,0,86,86,83,80,83,92,82,87,74,89,82,66,25.4,25.3,25.3,26.9,23.5,24.5,26,25.5,25.3,25.7,26.4,24.7,2.6,3.5,1.9,7.3,0,2.4,7.7,0.4,4.4,2,0,0.3
15-03-24,13,2,14,0,38,40,0,11,0,4,0,0,80,78,81,81,77,86,78,81,69,82,78,64,27.8,27.1,26.3,27.3,26.5,26,26.8,27.2,25.2,26.8,27,24.9,8.9,6.4,7.4,7.8,7.2,5.5,7.3,6.4,5.5,5.6,6.7,7.7
16-03-24,0,0,0,0,4,0,0,0,2,0,2,0,72,71,75,68,70,78,72,80,58,72,65,60,27.5,28.1,26.8,28.5,26.9,26.9,28,27,27.7,27.8,29.1,26.8,8,7.7,6.7,8.6,7.3,9.4,9.3,6.9,9.3,8.5,9.2,7.5
17-03-24,0,0,0,0,0,0,0,0,0,0,0,0,66,59,72,64,69,77,71,69,59,72,57,56,27.4,29,26.7,28.9,26.6,26.9,27.6,27.1,27.2,27.2,28.6,26.4,8.7,7.8,9.6,9.6,7.9,9.3,6.2,7.6,9.4,9.3,9.7,8.1
18-03-24,0,0,0,0,0,0,0,0,0,0,0,0,69,61,65,63,68,77,72,65,62,70,59,55,27.6,29.1,26.9,29.2,26.7,27.1,27.6,27.6,28,27.8,28.8,26.8,3.7,7.6,5.5,9.7,5.3,5.8,9.3,5.9,9,7.6,0,7.2
19-03-24,0,0,0,0,0,0,0,0,0,0,0,0,66,63,69,64,72,80,79,73,74,75,60,54,27.5,28.4,26.7,28.5,25.9,26.4,26.8,26.2,26.7,27.1,28.3,26.9,0.8,0.4,0.5,1.6,0.8,2.1,0,0.8,2.5,4.7,0,0.8
20-03-24,0,0,0,0,1,0,0,2,0,0,0,0,76,65,73,68,71,72,72,72,62,69,60,54,24.7,27.6,24.7,27.8,25.2,25.8,27,25.6,27.7,26.8,27.9,26.5,2.1,8.1,5.2,10,8,8.7,10.4,8,9.5,9.4,9.8,8
21-03-24,1,1,0,2,0,2,1,0,1,0,1,0,81,87,81,86,78,80,86,81,88,86,80,69,22.7,21.2,21.6,20.5,21.7,23.2,20.4,21.9,20.7,21.7,21.4,20.8,2.3,0,0.7,0,0.9,1,10.4,0.3,0,1,0,0.3
22-03-24,12,3,5,13,2,0,8,8,5,2,4,0,82,79,83,76,84,89,76,79,70,83,75,62,23.7,24.7,22.7,23.8,21.4,23,23.8,23.6,23,24,24.1,22.8,7.2,5.9,7.8,8.2,2.5,6.1,5.8,6.5,3.7,7.2,9.6,6.8
23-03-24,0,0,0,0,18,1,0,2,0,0,0,0,76,83,76,80,78,85,77,77,64,82,74,62,26.3,26,24.4,26,24.2,25.5,25.2,25.6,25.1,25.8,26.2,25.3,8.3,8.2,8.5,9.5,6.5,9.5,5.6,7.4,8.6,7.9,8,8.1
24-03-24,8,0,1,0,6,0,0,2,9,0,0,0,83,82,83,79,80,85,77,82,68,84,75,71,25.4,25.7,24.6,26.4,24.4,26.9,26.4,25,26,25.8,26.2,25.4,7.9,7.4,7.9,9.5,7.4,8.6,9.5,7.7,8.6,7.7,7.2,7.9
25-03-24,17,3,49,0,8,0,0,24,0,8,6,10,79,82,83,80,79,87,79,76,67,86,77,69,27.4,27,26.6,26.7,26.3,26.5,26.6,27.5,27.6,26.9,27.4,26.5,8.3,8.4,7.3,8.9,6.2,8.5,6.6,7.4,6.3,7.7,5,7.1
26-03-24,0,0,0,0,0,0,0,0,0,0,0,0,78,80,73,78,68,82,77,74,60,78,74,63,27.9,28,26.5,27.5,27.1,26.9,27.1,27.7,28.6,27.4,28.6,26.7,9.4,8.3,9.2,9.8,8.5,9.8,9.8,8.9,8.1,7.7,10,7.8
27-03-24,0,0,0,0,0,0,0,0,0,0,0,0,80,80,81,80,73,85,81,77,66,82,77,65,26.6,27.7,25.7,27.1,27.9,27,26.9,27.8,28.6,27.8,28.1,27.1,8.6,8.5,6.9,10.2,6.8,9.5,7.8,7,7.6,8.9,6.7,6.4
28-03-24,17,0,4,0,0,0,0,2,0,0,0,0,88,83,87,82,88,86,78,83,86,89,81,72,26.2,26.8,25.2,27.3,24.5,27.1,26.9,26.2,24.4,26,26.6,24.8,5.7,5.1,2.4,9.1,1.4,7.1,9,2.8,0.6,4,0.7,2
29-03-24,25,0,0,0,57,0,0,11,0,31,4,0,89,88,86,81,87,88,81,88,73,88,83,73,27.6,27.1,26.7,27.6,26.3,27.6,27.3,26.9,27.3,27.5,27.5,25.8,2.1,1.5,0.6,5.4,0,2.4,4.8,0.9,1.6,3.4,0,1
30-03-24,0,0,0,0,1,0,0,0,0,0,0,0,85,84,87,78,83,86,76,84,64,87,80,72,29.1,28,27.7,28.6,27.6,28.1,27.6,28.4,28.3,28.3,28.3,27.2,6.4,7.3,5.1,9.3,5.9,5.9,7.9,5,6.7,4.2,5.6,5.2
31-03-24,0,0,0,0,0,0,0,0,0,0,0,0,86,84,85,81,83,86,78,85,73,86,80,74,27.6,28.5,26.5,28.5,26.5,28,28,26.8,26.2,28.4,28.2,26.8,6.7,5,5,8.6,4.7,6.3,5,4.3,4.5,6.2,4.7,4.3
1/4/2024,10,0,12,0,21,0,0,18,22,0,0,0,84,82,82,80,80,85,74,83,72,86,77,72,29.7,29.1,28.9,28.9,28.6,29.1,29.1,29.1,28,29,29,27.6,9.4,6.6,7.6,9.5,7.3,7.8,6.5,7.9,7,7,7.8,6.9
2/4/2024,0,0,0,0,0,0,0,0,0,0,0,0,83,84,85,81,81,86,79,85,69,87,80,71,29.8,29.2,28.9,29.1,28.7,29,28.9,29,28.5,29,29.1,28.5,8.5,2.8,7.4,7.6,2.8,4.7,2.2,3.2,6.5,6.5,4,5.4
3/4/2024,0,0,0,0,0,0,0,0,0,0,0,0,80,83,82,81,77,85,78,80,67,84,79,66,30,29.6,29,29.3,29.4,29,28.8,29.6,29.7,29.4,29.6,28.9,8.8,7.7,7.9,8,7.1,8.9,8.8,7.5,8.6,8.6,9,7.3
4/4/2024,0,0,0,0,0,0,0,0,0,0,0,0,81,82,79,77,78,83,77,79,66,82,76,69,29.6,29.6,28.8,29.7,29.2,28.8,28.9,29.4,29.9,29.4,29.6,28.9,8.9,7,8.3,9.1,6.8,9.2,10.4,8.5,7,7,7.9,8.5
5/4/2024,0,0,0,0,0,0,0,0,0,0,0,0,86,82,86,76,81,88,79,82,68,85,75,67,29.3,29.9,28.2,29.7,28.6,28.7,29,29.1,29.9,29.1,30,29,1.5,4.3,0.8,8.4,0.9,3.5,8.7,3.2,7.5,7.5,6.4,0
6/4/2024,0,0,0,0,0,0,0,0,0,0,0,0,82,81,84,77,78,89,79,80,62,85,76,65,30.4,29.9,29.4,30,29.8,29,29.3,29.8,31,29.6,30.2,28.8,9.1,6.9,8.3,7.9,8.4,9.3,6.5,8.5,9.3,9.3,18,6.2
7/4/2024,0,0,0,0,0,0,0,0,0,0,0,0,88,80,91,71,86,87,75,89,83,88,80,63,26.3,27.8,25.8,29.8,26.5,27.2,28.7,26,26.7,27.3,27.8,27.6,0,3.1,0,5.9,0,3.1,6.9,0,0,0,0,0
8/4/2024,5,14,1,0,2,24,0,3,1,15,0,22,75,61,77,62,71,77,70,69,59,72,61,63,27.3,30.1,26.6,30.4,27.2,28.1,28.7,28,29.2,28.8,29.3,27.6,6.1,9.3,7,10.1,5.8,9.6,9.2,7.7,9.1,9.1,10,8
9/4/2024,0,0,0,0,0,0,0,0,0,0,0,0,73,59,72,58,67,72,70,66,65,70,54,61,28.3,30.6,28,30.8,28.1,28,28.9,28.7,29.2,28.6,30.1,28.2,7.1,9.4,7,10.7,5.5,10.2,6.8,7.1,9.3,9.3,9.3,7.1
10/4/2024,0,0,0,0,0,0,0,0,0,0,0,0,78,57,78,58,66,74,71,67,55,69,47,46,28.6,30.8,27.2,31.1,28.1,28.1,29.6,29.2,30.7,29.4,31.5,29.7,1,9,1.7,10.3,4.6,9,10,6.5,9.6,9.6,10,7.1
11/4/2024,0,0,0,0,0,0,0,0,0,0,0,0,73,49,61,56,64,61,72,61,61,66,48,38,29.3,31.7,29.4,30.6,28.8,30.3,29.9,29.8,31.1,29.8,31.8,30,2.6,7,2.6,10.2,1.1,8.3,7.3,3,8,8,8.1,7.1
12/4/2024,0,0,0,0,0,0,0,0,0,0,0,0,64,57,61,60,58,68,72,57,62,67,52,48,29.8,30.9,29.5,30.8,29.6,29.2,29.5,30.5,29.8,29.5,30.3,29.4,7.9,3.4,8.1,7.9,9.6,7.9,1.3,9.5,5.5,5.5,3.1,5.4
13-04-24,0,0,0,0,0,0,0,0,0,0,0,0,67,56,66,59,63,70,69,61,59,67,44,41,30.5,32.3,29.8,31.9,29.6,29.4,30.6,30.6,31.6,30.3,32.4,30.1,7.6,9.9,8.1,11.7,8.6,10.2,3.8,9.1,9.4,9.4,10.1,7.9
14-04-24,0,0,0,0,0,0,0,0,0,0,0,0,63,63,68,61,65,74,71,67,59,70,48,48,30.8,31.7,29.8,32,29.7,29.4,30.9,30.5,30.1,30.2,31.9,29.4,8.5,8.2,8.2,9.4,9.5,8.9,6.9,9.8,9,9,9,7.8
15-04-24,0,0,0,0,0,0,0,0,0,0,0,0,65,71,70,69,68,74,76,67,59,72,59,46,31,31.6,29.9,30.9,30.6,29.7,30.5,30.8,31.7,30.7,31.7,29.7,9.7,8.5,7.3,10.1,9,10.6,10.1,9.4,9.3,9.3,10,7.1
16-04-24,0,0,0,0,0,0,0,0,0,0,0,0,76,77,78,75,70,80,72,74,56,74,66,53,29.3,31,28.5,31,29.4,30.1,30.4,29.8,31.6,31.1,31.6,29.3,7.5,7.7,6.3,10.3,8.6,9.7,5.3,9.1,9.1,9.1,8.7,7.8
17-04-24,20,0,2,0,24,0,0,2,0,0,0,0,81,85,85,83,78,86,78,83,70,83,76,57,29.2,30.9,29.4,30.1,29.5,30.5,30.3,30.3,30.4,31.1,31,29,6.2,5.6,4.6,7.6,6,5.9,7.3,6.5,5.5,5.5,8.9,6.5
18-04-24,2,0,4,0,14,0,0,0,0,0,0,0,81,86,82,81,79,83,77,80,69,83,81,69,30.9,29.3,28.6,30.4,29.2,30.2,29.9,30.4,29.4,30.1,29.5,28.2,9.3,6.9,6.2,6.7,5.9,7.7,5.3,6.5,6.2,6.2,7,6.6
19-04-24,0,18,0,0,3,0,0,0,0,5,23,19,79,84,82,76,73,81,74,80,65,79,77,64,31.1,30.8,30,31.1,30.8,30.6,30.7,31.1,30.8,31.2,30.6,29.3,9.9,8.3,6.9,9.6,9.7,10.2,9.3,9.4,8.4,8.4,8.2,8.4
20-04-24,0,0,0,0,0,0,0,0,0,0,0,0,80,83,82,76,73,82,76,80,65,81,77,71,31.6,31,30.4,31.1,30.8,30.6,30.4,31.1,31.1,31.1,30.6,30.4,10.3,8.9,9.8,9.6,9.4,10.1,5.5,10.1,8.4,8.4,8.7,3
21-04-24,0,0,0,0,0,0,0,0,0,0,0,0,81,86,81,80,77,86,79,82,66,83,79,71,31.4,30.7,30.6,30.7,30.6,30.4,30.4,30.9,31,31,30.7,31,8.9,4.8,9,4.2,8.1,4.4,6.6,7.8,5.9,5.9,5.3,2.7
22-04-24,0,0,0,0,0,0,0,0,0,0,0,0,83,85,81,79,77,86,81,81,68,85,79,76,31.3,31,30.5,31.1,30.8,30.5,30.2,31.3,31.1,31,31.1,30.4,7,5.8,6.4,10.1,5,5.7,4.3,5.7,3.2,3.2,6.7,2.2
23-04-24,0,0,0,0,0,0,0,0,0,0,0,0,78,84,79,79,75,84,78,77,59,84,73,75,31.5,30.9,30.5,30.9,30.8,30.6,30.4,31.3,31.5,30.7,31.4,30.5,8.3,8.3,8.7,10.1,6.7,10.6,10.5,8.8,7.6,7.6,9,4.6
24-04-24,0,0,0,0,0,0,0,0,0,0,0,0,72,86,76,77,71,82,79,77,55,82,78,75,31.9,30.7,30.9,30.7,31.2,31,30.6,31.6,31.7,30.8,30.8,30,9.7,8.2,10.1,10.7,9.4,10.8,5.4,9.6,9.5,9.5,9.4,6
25-04-24,0,0,0,0,0,0,0,0,0,0,0,0,78,83,80,75,76,85,77,79,61,83,75,72,31.8,31.1,30.8,31.1,31,30.3,30.8,31.3,31.5,30.7,31,30.7,9.8,9.3,10.9,10.5,10.1,10.8,10.8,10.8,9.6,9.6,7.9,6
26-04-24,0,0,0,0,0,0,0,0,0,0,0,0,79,83,79,75,75,83,78,79,60,79,75,72,31.7,31.2,30.6,31.2,31,30.4,30.7,31,31.8,31.1,31,31,9.6,8.2,9.1,10.1,9.4,10.3,6.5,9.9,7.7,7.7,10,5.3
27-04-24,0,0,0,0,0,0,0,0,0,0,0,0,80,81,79,75,73,85,76,78,58,81,72,69,31.5,31.3,30.7,31.2,31.4,30.4,30.7,31,32,30.9,31.8,30.8,9.3,8.3,7.7,9.6,8.9,9.6,10.1,9.6,9.1,9.1,5.8,6.1
28-04-24,0,0,0,0,0,0,0,0,0,0,0,0,80,85,78,75,74,84,75,76,59,79,75,73,31.9,31.5,31.2,31.4,31.2,30.9,31,31.7,32,31.6,31.5,31,9.1,7.6,7.2,9.1,7.9,8.6,3.4,9,7.8,7.8,8.1,3
29-04-24,0,0,0,0,0,0,0,0,0,0,0,0,80,85,77,74,73,86,79,75,64,80,78,73,32.1,31.5,31.4,31.8,31.6,31,31.2,32,31.8,31.6,31.3,31.4,9.5,7.9,8.4,8.7,8.1,10,9.2,9.4,6.6,6.6,7,0
30-04-24,0,0,0,0,0,0,0,0,0,0,0,0,81,84,78,74,73,83,78,76,59,81,78,74,31.8,31.4,31.1,31.7,31.4,30.8,31.1,31.8,31.9,31.3,31.2,31.2,9.8,7.7,10.7,9.1,7.8,9,9.2,10.5,7.9,7.9,8.7,0
1/5/2024,0,0,0,2,0,0,0,0,0,0,0,0,77,84,77,79,74,82,77,76,63,82,77,70,32.3,31.3,31.5,31.1,31.7,31.2,31,31.9,31.6,31.6,31.5,31.3,10.1,7.1,8.9,8.1,7.7,7.9,8,8.1,4,6.5,5.4,0
2/5/2024,0,1,0,2,0,0,28,0,1,0,0,0,80,86,73,80,79,82,81,80,89,82,76,77,31.4,30.9,28.9,30.5,28.6,30.9,30,30.6,25.1,30.9,29.7,29.1,7.7,3.4,7.8,5.3,5.9,5.5,4.1,6.5,2.7,3.5,1.8,7
3/5/2024,0,9,24,11,31,0,0,4,66,15,47,13,73,86,76,75,78,84,77,79,66,82,80,74,30.8,29.9,28.1,31.3,28.5,30.6,30.9,30.6,29.1,30.2,29.5,29.3,10.1,10,7.6,9.3,9.1,7.2,8.9,10.2,5.3,9.3,10,0
4/5/2024,0,27,37,0,20,0,27,0,5,0,40,9,76,81,78,75,73,80,77,74,62,78,73,73,31.4,30.1,29.7,30.5,29.6,30.5,30,31,29.6,30.6,30.4,29.4,8.4,9.4,8.8,7.6,9.9,8.2,7.9,9,9.6,9,9,0
5/5/2024,0,0,31,8,0,0,0,0,0,0,0,6,74,86,77,77,74,76,76,74,69,77,77,69,29.6,29.1,26.8,29.9,27.7,31.1,30.2,29.5,28,29.6,28.7,28.9,10,6.8,8.5,9.1,10.2,9.6,10.9,10,8.7,8.8,7.3,0
6/5/2024,0,37,4,17,28,16,10,0,60,7,23,7,89,85,89,78,87,83,78,88,72,86,82,72,24.9,25.7,22.8,27.1,23.2,26.7,26.3,24.6,24.7,25.4,24.9,23.4,2.7,6.4,2.8,4.9,4.9,7.2,6.1,4.6,5.5,6.3,6.9,0
7/5/2024,89,118,23,30,130,38,77,90,20,70,73,64,77,74,77,70,72,80,72,80,77,79,75,69,26.9,27.6,27,27.7,26.7,28,27.9,26.9,27,27,26.8,26,7.1,5.2,6.9,6.8,6.8,5.1,5.2,5.6,0.7,4.2,5.1,4.3
8/5/2024,5,0,0,0,0,7,0,0,0,0,0,0,86,80,81,87,79,88,83,85,76,88,82,77,25.8,26.4,25.5,24.8,25.7,25.5,25.5,25.6,25.4,25.6,25.6,25.1,1.5,0.9,0.3,0,2.2,1.7,0,1.6,10,2.5,0.2,2.6
9/5/2024,5,6,0,6,0,4,4,15,10,6,3,3,70,75,73,73,71,82,74,75,58,77,75,70,28.3,28.8,28.3,28.7,28.7,28.5,28.6,29,28.6,28.3,28.3,28.1,8.8,8.7,8,11.4,8.9,9.4,0,9.6,6.8,9.5,10,7.6
10/5/2024,0,0,0,0,0,0,0,0,0,0,0,0,72,78,72,76,74,84,78,76,63,80,72,70,29.2,29,28.4,28.4,28.9,28.1,28,28.7,28.8,28.6,29.2,28.2,9.8,7.8,7.9,6.5,7.6,6.4,4.4,7.6,9.8,6.6,6,5.7
11/5/2024,0,0,0,3,0,0,1,0,0,0,0,0,86,80,84,77,80,91,78,88,74,86,77,74,26.8,28.1,25.9,29.6,26,25.8,28.9,25.3,26.6,26.8,27.8,27.1,4.3,4.4,3.9,9.6,3.9,4.4,8.3,1.8,9.2,5.4,5.7,2.1
12/5/2024,5,0,13,0,46,9,0,24,1,3,0,0,86,80,78,75,79,94,76,88,65,86,79,70,26.6,29.9,27.2,29.9,27.3,26.5,29.5,27,28.8,28.3,29.1,28.4,5.4,6.8,7.3,9.7,5.8,3,10.4,4.1,10.4,4.6,5.9,1.7
13-05-24,4,0,0,0,1,31,0,4,0,0,0,0,75,75,73,75,72,80,75,76,59,80,72,68,30.2,30.4,29.7,30.3,29.8,29.6,30.1,30.1,30.3,29.7,30.6,29.4,10.3,9.1,10.7,11.9,9.6,8.9,11.7,9.4,9.7,10.1,8,6.2
14-05-24,0,0,0,0,0,1,0,0,0,0,0,0,75,77,74,74,69,79,74,73,54,79,75,65,30.8,31.3,30.6,30.6,30.8,30.2,30.4,30.8,30.9,30.2,31,29.6,10.2,9.7,9.6,11.9,10.4,11.6,11.9,11.1,9.4,11.4,10.5,7.1
15-05-24,0,0,0,0,0,0,0,0,0,0,0,0,72,79,74,73,68,79,74,70,55,75,72,69,31.2,31.6,30.8,31.1,31.4,30.6,30.5,31.5,31.9,31.2,31.6,30.8,10.5,10,8.8,11.6,10.5,10.7,10.8,10.8,1,10.6,10.5,7.4
16-05-24,0,0,0,0,0,0,0,0,0,0,0,0,72,82,73,73,68,79,75,70,58,78,72,65,32,31.9,31.3,31.7,31.8,31.3,31.1,32.1,32,31.6,31.9,31.7,10.9,6.7,9.3,11.1,7.1,8.4,6.3,8.3,9.5,4.7,5.6,7.5
17-05-24,0,0,0,0,0,0,0,0,0,0,0,0,73,82,75,71,70,79,76,75,66,76,74,71,32.1,31.8,31.2,31.9,31.5,30.8,31.2,31.6,31.5,31.8,31.6,30.9,9.8,9.8,9.3,11.5,9,11,10.6,10.4,8.6,8.3,8.1,6.2
18-05-24,0,0,0,0,0,0,0,0,0,0,0,0,85,83,87,72,83,83,76,81,79,86,73,76,28.9,31,27.5,31.8,28.2,29.4,31.1,29.6,28.3,30.1,30.4,28.9,3.3,6.9,0,10,2.1,5.3,5.6,3.1,8.5,3.8,4.9,2.4
19-05-24,12,0,11,0,21,0,0,0,3,12,0,3,84,92,88,68,85,91,78,85,87,94,91,76,29.4,28.6,27.4,31.3,27.4,27.6,30,28.9,26.4,26.7,27.5,27,2.1,0.7,0.8,10.3,2,2.7,10.1,2.9,10.1,0.1,0.2,0.4
20-05-24,0,18,18,0,14,27,0,4,11,71,6,7,91,85,86,73,83,92,76,89,68,90,79,76,27.2,30.1,26.8,31.1,27.1,28.3,30.4,27,29.4,28.6,29.7,28.8,3,4.8,5.3,5,5.5,2.5,4.1,3.3,9.1,3.1,3.7,2.7
21-05-24,22,0,8,0,7,2,0,50,0,3,0,0,78,76,74,68,68,82,76,77,57,79,68,65,30.5,31.3,30.4,31.7,30.7,30.4,30.5,30.8,31.1,31.1,31.4,30.7,10.5,6.4,10.7,10.2,9.7,9.8,11.9,10.2,2.8,9.9,6.6,7.1
22-05-24,0,0,0,0,0,0,0,0,0,0,0,0,76,80,76,66,72,80,76,76,55,75,68,64,31.1,31.7,29.9,31.8,30.5,31.1,30.7,31.5,30.9,31.4,31.5,30.7,9.8,10.7,8.5,11.2,9.4,10.7,8.1,9.5,8.7,10.7,10.2,7.3
23-05-24,0,0,0,0,0,0,0,0,0,0,0,0,73,78,70,65,69,80,75,72,59,74,69,66,32.3,31.7,31.5,31.9,31.4,31.6,30.9,32.3,31.4,32.8,32.2,31.8,10.6,10.7,10.4,11.6,11.3,11.2,0,11,0.9,9.8,10,7.6
24-05-24,0,0,0,0,3,0,0,40,3,0,0,12,69,80,71,66,70,76,75,74,60,73,69,66,32.7,31,31.5,31.6,31.7,32,30.3,31.8,31,31.7,31.6,31.8,11,9.3,10.8,12.1,11.6,12.5,10.8,10.7,3.1,9.2,9.7,7.5
25-05-24,0,0,0,0,0,0,0,0,0,0,0,0,72,88,72,72,70,78,79,78,76,76,81,74,31.8,29.6,31.5,30.5,31.2,31,29.9,31.5,28.4,30.9,29.5,28.9,11,5.2,11.1,4.3,10.2,5.2,5.9,9.2,6.8,6.9,4.3,5.7
26-05-24,0,3,1,8,0,42,21,1,27,1,25,22,83,90,79,85,83,85,84,82,78,81,85,76,29.2,29,29.2,28,28.4,29,28.2,29.1,28.5,29.4,28.5,28.6,1.7,1.8,0.6,2.5,0.3,2.1,0,1.3,10.6,1.3,1.3,1.3
27-05-24,20,73,1,69,9,48,125,19,26,15,71,20,98,97,91,90,91,97,89,94,86,94,95,84,27,28.4,27.1,29.1,26.9,27.1,28.9,27.7,26.4,28.7,27.8,26.8,0,0,0,0,0,0,0,0,10.8,0,0,0
28-05-24,257,249,122,57,162,112,162,104,180,176,214,130,87,95,85,86,85,95,86,90,81,90,90,86,29.6,29.4,28.7,30.4,28.4,28.9,30.2,28,26.9,29.7,29.7,29.1,2.9,0,0,0,0,0,0,0,10.5,0,0,0
29-05-24,0,43,7,1,3,80,8,56,45,12,30,4,84,87,82,83,80,88,83,83,72,86,84,85,31.4,31.1,30.9,31.1,30.8,30.6,31,31.1,29.8,31.1,31,30.8,2,2.4,4.3,6.8,5.9,2.1,7.2,5.1,9.1,2.5,0,4.5
30-05-24,0,0,0,0,0,0,0,0,1,0,0,0,83,85,80,79,77,86,83,81,69,83,79,83,31.5,31.4,30.8,31.3,30.9,31.2,31,31.2,30.7,31.2,31.2,30.8,6.2,6.5,4.2,9.2,6.6,5.9,0.6,4.4,0,8.4,4.3,6.4
31-05-24,1,2,0,0,0,0,6,0,0,4,18,0,82,87,80,85,80,85,82,79,77,88,82,85,30.4,30.7,30.6,30.3,30.6,31.2,30.6,31.2,29.2,30.5,30.4,29.4,5,5.3,5.7,5.9,3.3,5,7.4,2.1,0,2.2,6.9,1.7
1/6/2024,0,26,0,11,0,0,0,0,11,0,8,13,79,83,78,78,75,84,81,76,67,81,78,78,31.8,31.5,31.3,31.4,31.2,31.4,31.1,31.8,31.3,31.4,31.5,31.4,8.9,9.9,9.9,11.9,10.3,8.7,7.2,9.6,10.1,9.9,10.5,7.3
2/6/2024,0,0,0,0,0,1,0,0,0,0,0,0,78,82,79,78,77,84,80,77,63,81,79,79,31.7,31.7,31.1,30.8,30.9,31.4,31,31.6,30.8,31.4,31.3,31.2,8.1,8.2,8.6,6.6,8,10.4,8.4,9.6,10.4,8.1,9.6,1.9
3/6/2024,0,8,0,11,0,0,20,0,0,0,15,0,82,85,86,83,87,90,81,82,67,90,79,83,29.7,30.2,28.6,28.5,27.8,29.9,29.6,29.6,30.4,29,30.1,28.8,6.2,9.2,5.5,4.6,3.2,5.6,5.7,7.1,6.9,4.8,10.2,6.7
4/6/2024,0,4,2,21,32,21,11,11,2,199,2,69,82,90,82,84,81,91,84,82,79,92,90,86,30.5,28.9,29.4,29,29,28.4,29,29.1,28.5,28.4,28.5,27.9,8.5,0.5,5.8,7.8,3.3,0.1,5.5,2.6,1.2,0.4,0.5,0
5/6/2024,1,15,0,0,0,63,3,6,5,33,8,8,80,84,80,79,79,87,81,81,64,84,78,80,31.9,31.1,31,30.8,30.5,30.8,30.7,31.3,30.9,31,31,30.4,8.8,9.8,8.8,9.8,8.3,7.5,6,6.8,9.6,10.8,11,6.6
6/6/2024,0,0,0,3,0,0,0,11,0,0,0,6,82,85,85,81,82,84,77,82,69,82,79,77,31.7,31.2,29.1,30.7,29.7,31.4,31.2,30.7,30.5,31.6,31.7,31.1,3.4,7.2,2.3,6.4,3,0.9,9.3,2.4,7.4,5.2,0,2.6
7/6/2024,0,50,14,2,24,0,0,14,1,0,4,0,78,90,86,88,85,89,86,81,81,89,82,83,31.3,28.6,27.7,27.3,27.8,30.7,27.8,30.5,27.1,29.1,28.5,28.4,7.3,1,1,0.5,0,0,0,3.3,0.4,0.2,0.6,0
8/6/2024,0,23,57,6,51,2,21,0,34,31,0,13,76,86,85,83,85,86,85,82,76,84,85,81,31.6,29.8,28.8,27.7,29.1,30.9,27.8,30.7,27.5,30.6,29.2,29.3,7.2,3,3.3,2.9,2.9,1.8,1.9,3.2,1.7,3.1,0,0
9/6/2024,0,0,0,5,0,0,10,0,34,1,2,0,84,88,85,80,90,85,81,83,79,85,86,85,31,30.2,28.7,30.9,27.5,31.2,30.6,30.2,28.4,30.7,29.5,28.8,1.1,4.5,0.5,8.8,0.4,5.5,5,1.2,3.9,5,0,0
10/6/2024,0,2,0,0,42,0,0,0,23,2,2,3,85,83,90,79,88,87,77,82,75,84,81,84,29.8,30.4,27,31.3,26.7,31.2,30.9,29.9,29.2,30.7,30,29,0.8,5.8,0,8.5,0,6.3,9.8,2.6,4.8,5.3,4.3,0
11/6/2024,0,0,3,0,33,0,0,0,0,4,0,0,78,84,82,78,78,84,79,78,68,82,77,78,32.1,31.3,31.1,31.4,31.1,31.5,31.5,31.7,30.7,31.8,31.7,31.4,6.4,5.4,8.1,9.2,8.7,7.1,1.8,7.1,7.1,10.1,6.2,6.9
12/6/2024,0,3,0,4,0,0,19,0,1,0,0,0,83,91,87,85,90,89,84,84,81,87,88,86,31.2,28.6,29.4,28.2,28,30,28.7,30.1,27.8,29.6,28.5,28.5,3,0.1,2,0,0,0,0.2,0,0,0,0,0
13-06-24,0,24,1,3,53,2,4,2,39,1,17,5,86,87,85,81,86,87,79,89,72,84,83,84,29.3,29.3,27.7,29.3,27.5,29.6,29.9,27.7,29.2,29.4,28.8,29.3,0.2,1.6,1,1.7,0,0.9,1.6,0.1,2.2,0,0.7,1.2
14-06-24,5,7,51,102,54,39,50,66,3,28,21,15,88,87,87,87,86,91,83,88,71,89,83,80,30.3,28.9,28.6,27.4,28.3,30.1,28.9,29.1,28.7,29.1,28.9,29.2,0.7,0.1,0,0,0,0,0,0,0,0,0,0
15-06-24,0,0,0,1,0,0,0,0,0,0,0,0,86,86,86,83,88,88,78,84,74,87,81,83,30.8,30.4,28.2,29.6,27.5,31,29.7,30.4,28.1,30.4,30.2,28.8,0.5,2.6,6,1.6,1.4,0.6,2.4,3.2,3.4,0,0,4.3
16-06-24,0,0,1,1,40,0,10,8,44,2,0,42,82,88,84,86,81,88,79,85,74,87,81,79,31.8,31,30.3,29.3,29.5,31,30,30.9,29.9,30.7,30.7,29.5,5.9,2.5,3.1,0,0.9,1.9,3.7,1.5,5,1,2.9,5.6
17-06-24,0,0,0,1,3,0,30,0,2,2,0,0,84,87,85,92,85,90,82,85,72,87,79,81,31.5,29.8,29.9,27.2,29.4,30.3,28.4,30.7,29.2,30,29.8,30,1.2,0.8,0,0,0,0.3,0,0.5,0.8,0,0,1.9
18-06-24,0,0,2,49,2,1,8,0,5,0,0,0,87,89,90,85,87,87,82,83,80,90,86,82,30.2,29.1,27.3,28.7,27.3,30.5,29.1,30.1,27.7,28.5,28.6,28.6,0.2,1.4,0,5.3,0,1.8,0,0,0,0,0,0
19-06-24,0,28,24,37,11,113,174,6,23,99,41,63,89,91,92,93,92,93,86,95,81,86,87,86,27.1,27.3,25.2,25.9,26.1,26.3,27.3,25.5,27.3,27.9,27,27.1,0,0,0,0,0,0,0,0,0,0,0,0
20-06-24,0,3,34,28,8,11,19,65,0,8,3,7,91,91,91,86,85,95,80,91,75,90,90,85,27.9,28.5,26.5,28.2,28.1,27.6,29,27.6,28.5,28.2,28,28.7,0,0,0,4.3,1.3,0,1.9,0,1.1,0,0,0.3
21-06-24,1,3,2,87,0,10,3,0,2,2,19,2,85,90,87,88,83,88,83,82,79,90,87,82,29.7,29.1,28.9,27.9,28.8,29.1,28.7,29.5,28.3,29.1,28.8,28.9,2.4,0.6,2.2,3.6,0.9,4,4.2,1.3,3.6,1.2,1.3,2.7
22-06-24,0,8,0,7,15,15,0,20,4,14,1,0,90,87,87,83,80,89,79,90,71,84,81,84,28.9,30.4,29,29.6,29.7,29.7,30.1,28.4,30.2,30.4,30.1,29.6,1.7,5.1,1.9,10,6.7,8.3,10.8,3.6,11.2,9.1,4.6,5.8
23-06-24,4,0,4,2,1,2,0,18,0,0,0,0,84,87,79,86,78,88,79,79,73,85,82,85,30.4,30.5,30.7,29.4,30.2,30.2,30.1,30.4,30.3,30.5,30.6,29.8,5,4,7.2,4.7,5.2,6.5,5.9,4.3,4.6,5.3,3.5,2.6
24-06-24,0,4,0,7,0,0,1,0,0,0,6,15,76,87,83,87,83,92,81,79,81,90,84,79,31.5,29.9,30.3,29.3,29.5,29.5,29.8,30.4,28.8,29.7,29.7,29.6,8.3,3.4,8.2,2.5,4.3,0.6,7.1,2.7,0.9,1.5,1.6,3.3
25-06-24,0,12,8,16,0,2,43,0,11,8,0,7,82,84,83,86,77,88,82,76,73,85,83,77,30.9,30.1,30.6,29.2,30.6,30.3,29.8,31.2,30.1,30.8,30.1,30.1,7.1,4,3.9,4.2,6,7.1,0,5.5,3.7,6.4,10.8,3.7
26-06-24,0,2,0,1,5,1,2,2,1,1,0,0,91,86,93,83,89,86,85,83,77,84,85,69,29.8,29.6,28.4,29.7,28.4,30.4,29.5,29.4,29.3,30.5,29.7,29.7,0.1,3.2,0,5.8,0.8,7,1.2,0.4,2.7,5.4,1,3.3
27-06-24,1,6,7,0,47,1,13,31,51,2,5,5,82,85,83,84,79,83,86,81,72,82,81,55,30,29.2,29.3,28.6,29.2,29.7,29,29.6,29.3,29.6,29.6,29.3,7.4,6.3,5.9,4.3,7.7,6.7,1.7,5,6.1,5.6,7.9,5.9
28-06-24,4,2,0,8,0,5,3,12,2,0,1,0,92,85,88,84,87,89,85,88,83,88,83,54,28.7,29.7,28.1,28.9,28.1,29.6,29.1,28.7,28.7,29.1,29.7,29.2,0.9,5.6,1.3,5.1,1.9,3.7,6.3,1.5,2.4,3.3,5.9,2.7
29-06-24,6,3,33,23,16,31,25,16,2,25,2,6,89,94,92,88,93,93,85,93,90,93,95,62,29.4,28,27.8,29,27.4,28.7,29.3,28,27.8,28.7,27.9,27.7,0.8,1.1,0,5.1,0,0,0,0,1.8,0,0.9,0
30-06-24,0,28,33,102,118,21,46,34,27,70,34,64,90,94,92,95,89,94,91,95,94,94,94,84,29,28.4,28,27.5,28.2,28.5,28,28.1,26.6,28.4,28.1,28,0.9,0,0,0,0.2,0,0,0.6,0,0,0,0
1/7/2024,18,64,33,81,33,22,26,33,94,17,92,25,96,95,93,93,97,98,92,96,92,97,96,86,28.3,27.8,27.7,27.2,26.4,27.1,27.7,27.4,26.3,27.2,27.2,27.4,0,0,0,0,0,0,0,0,0,0,0,0
2/7/2024,19,107,5,81,208,69,65,109,105,56,71,103,96,96,92,92,92,95,90,97,91,95,97,89,27.9,27,27.7,27.3,27.3,27.8,27.4,26.9,26.9,27.8,27,27,0,0.2,2.4,0,0,0,0,0,0,0,0,0
3/7/2024,14,85,23,74,29,30,57,70,34,29,61,76,92,94,87,95,85,96,93,87,88,95,92,86,28,27.2,27.9,26.3,27.8,27.4,26.6,28.4,27.1,27.4,27.3,26.9,1.5,0.3,1.6,0,0,0,0.6,0.5,0,0.5,0,0
4/7/2024,10,22,16,62,1,6,24,2,2,72,11,25,88,92,89,92,91,94,91,91,88,93,92,80,28.4,27.4,27.8,26.5,26.9,28.1,27.1,28.2,26.9,27.9,27.2,27.8,1.8,0.7,0.8,0,0,1,0,1.5,1,1,0.2,0.3
5/7/2024,54,52,13,29,12,33,46,45,21,26,36,30,87,91,88,95,91,97,91,93,86,95,93,87,28.4,27.3,27.8,25.7,26.7,27,26.8,27.1,27.2,26.9,27.4,27.1,3.2,0.1,1.9,0,0,0,0,0,1.1,0,0,0
6/7/2024,0,11,2,120,9,82,41,9,5,14,20,28,83,84,83,87,84,90,84,86,79,87,85,80,30,28.9,28.9,27.8,28.3,28.9,28.5,28.8,28.8,28.8,28.9,28.4,7.6,4.3,8,4.8,5.4,6.8,4,6.1,3.9,8.1,4.7,4.6
7/7/2024,0,0,0,0,0,0,0,0,3,0,0,0,88,84,85,84,78,88,80,84,77,86,84,78,29.4,29.9,29.5,29.2,29.8,29.8,30,29.9,29.4,29.9,29.9,29.4,4,7.7,6.6,7.7,8.3,8.6,4.8,7.5,7.1,9.3,5.5,4.9
8/7/2024,9,6,1,1,11,1,1,0,5,0,11,0,88,87,83,82,84,87,82,86,77,87,89,80,29.3,29.4,29.3,29.2,28.7,29.6,29.5,29.3,29,29.8,28.9,29,0.5,0.5,1.1,6.9,2.7,2.7,2.4,4.4,2.8,3.9,0.4,1.9
9/7/2024,1,17,1,12,4,3,10,0,16,4,15,3,85,86,85,87,88,93,85,90,82,91,87,79,29.8,28.7,28.9,27.9,28,29,28.8,28.7,28.2,28.9,28.9,28.9,3.9,2.2,1.7,1.1,0.5,1.8,0,0,3.2,5.1,0,3
10/7/2024,0,54,0,4,65,3,82,14,21,9,30,0,81,87,92,87,86,91,91,85,87,90,87,83,30,28.8,28.3,27.9,28.7,29.4,27.8,30,26.8,28.9,28.8,27.8,2.8,1,1,3.8,3.1,3.8,0,2.6,0.1,1.8,0,0
11/7/2024,3,10,42,92,17,9,44,0,16,21,12,64,87,92,88,98,90,94,93,89,80,97,94,84,29.5,27.5,28.5,25.9,27.6,28.7,26.5,29.2,28.1,27.1,27.3,27.4,4.7,0.6,4.7,0,1.8,0.3,2.7,0.6,2.6,0,0,0
12/7/2024,56,29,24,309,33,30,89,21,0,219,18,102,94,85,89,93,89,96,88,92,76,92,87,80,27.5,28.3,28,26.5,27,27.5,27.6,27.7,28.8,28,28.2,27.8,0.2,0.6,2.6,0,0.8,0.1,5.6,0.8,2.5,1.5,1.7,0
13-07-24,47,0,13,36,98,46,5,9,2,12,0,0,88,82,85,87,83,89,82,87,80,89,83,79,29.7,29.6,29,28.1,29,29.4,29.2,29.5,28.8,29.1,29.4,28.6,2.2,4.5,2.3,5.8,7.1,7.8,12,6.6,6.4,3.4,7,3.5
14-07-24,4,0,0,0,1,0,0,0,6,0,0,0,84,81,79,81,78,85,78,81,76,83,83,76,30.2,30.5,30.4,29.5,30,29.9,30.4,30.4,29.3,30.3,30.4,29.9,7.2,8,8.3,11.1,9.7,11.2,6.1,9,10,11.1,10.2,4.9
15-07-24,0,2,0,0,0,0,0,0,11,0,3,0,78,79,79,80,75,83,78,75,70,77,77,70,30.7,30.6,30.8,29.2,30.6,30.1,30.1,30.7,30.2,30.6,30.8,30.1,9.4,7.1,9.1,8.9,8.8,9.1,11.3,8.6,5.4,8.8,6.7,5.3
16-07-24,0,0,0,4,0,0,0,0,0,0,0,0,83,79,80,85,75,87,81,79,73,82,82,72,30.4,30.5,30.4,28.9,30.4,29.8,29.7,30.7,29.6,30.2,29.9,30.5,5.4,4.8,6.3,6.1,8.7,8.2,1.3,8.8,5.9,7.8,1.1,5.4
17-07-24,3,0,0,4,2,0,3,0,7,0,2,0,78,78,80,82,76,87,81,80,75,82,82,73,31,30.8,31.2,29.5,30.5,30.2,30.1,30.9,29.8,30.7,30.3,30.1,6,7.2,4.3,8.4,6.7,10.8,5,8.6,7,8.8,6.8,5
18-07-24,0,0,0,0,0,3,0,0,0,0,0,0,77,84,78,79,77,81,75,80,76,81,81,72,32,30.4,31.7,29.8,31.2,31.1,30.8,31.6,30.1,31.3,30.6,30.9,9.2,7.1,9.3,9.8,9.1,7.7,6.9,8.1,7.2,8.1,5.2,5.2
19-07-24,0,2,0,0,0,0,0,0,8,0,0,0,75,75,78,77,73,83,75,77,72,77,73,70,31.1,30.6,30.7,29.4,30.7,29.9,30,30.5,29.7,30.5,30.7,30.4,9.4,8.4,8.1,10.8,8.9,10.5,9.3,8.1,8.7,8.3,8.8,6.7
20-07-24,0,0,2,4,0,0,0,3,1,2,0,0,79,76,78,79,77,85,80,83,69,80,79,71,30.4,30.7,30.1,29.4,30,29.5,29.8,30,30.2,30.5,29.9,30.4,6.5,5.3,5.8,9.7,8.5,8.7,0,7.1,10.8,9.2,8.5,6.2
21-07-24,2,0,0,16,1,5,1,8,0,0,8,0,86,84,82,91,80,91,86,88,81,86,86,74,29.3,29.4,29.3,27.6,29.3,28.9,28.7,28.8,29.1,28.8,29.1,29.4,3.9,4.1,5.4,0.7,8.7,4.2,0,3.4,5.8,4.9,4.7,6
22-07-24,3,34,5,11,16,42,11,26,4,49,21,33,90,93,89,92,94,96,92,95,80,93,94,86,28.7,27.4,27.6,27.3,26.8,27.4,26.9,27.5,28.4,27.9,27.4,27.1,0.8,1.4,0,1.5,0,0,0,0,2.9,0.3,0,0.4
23-07-24,31,75,9,165,72,23,105,57,20,91,66,128,92,92,88,96,90,94,91,90,84,96,90,86,28.8,28,28.3,27.2,27.7,28.2,27.6,28.3,27.8,27.5,28.2,27.4,2.6,1.6,0,1.9,2.3,0,0,1.2,2.5,1.4,0,1.7
24-07-24,15,38,19,87,8,52,41,10,13,51,26,51,86,92,88,90,88,89,89,90,89,90,94,79,30.1,28.4,28.8,28.5,28.5,29.5,28.2,29,27.6,29.2,28.2,28.9,6.3,1.1,4.7,4.4,3.5,5.5,3.1,3.5,3.2,5.1,1,3.4
25-07-24,0,3,7,12,6,4,55,12,3,13,6,0,80,84,80,92,81,90,84,82,71,85,85,74,30.3,29.5,30.2,27.4,29.5,29.4,29,29.9,29.9,29.7,29.4,29.3,5.9,4.1,8.2,2.3,7.8,7.6,4.6,6.3,9.4,8.1,9.5,6.5
26-07-24,1,1,0,43,1,5,3,0,0,0,0,0,85,86,81,93,79,90,86,90,70,86,85,71,29.9,29.2,30.3,27.5,29.7,29.3,28.7,29,30.4,29.6,29.6,29.9,5.1,2.5,9.8,0.4,6.2,3.3,4.9,3.4,9.6,3.6,4.3,4.6
27-07-24,1,2,0,49,0,6,14,7,0,7,1,0,79,80,81,85,79,90,82,85,74,84,80,70,30.7,30.2,30.4,28.7,30,29.1,29.4,29.6,29.7,29.9,30.4,29.9,8.7,6.6,8.7,5.5,8.9,4.3,0,8.7,7.8,6,8.6,5.8
28-07-24,0,0,3,9,2,1,2,2,0,1,0,0,80,82,84,87,76,88,85,80,73,82,83,71,30.3,30.2,30,28.2,30,29.4,28.8,30.1,30.3,29.9,29.8,29.9,6.3,2.4,7.1,4.2,8.5,7.7,0,7.5,7.4,6.9,4.7,5.1
29-07-24,0,1,1,5,0,1,3,2,0,0,0,0,88,85,83,96,81,91,91,87,84,90,88,76,29.3,29,29.5,27,29.2,29.3,27.6,29.5,28.6,29,28.8,28.9,4.4,2.4,6.9,0,4.7,3.7,0,3.9,5.2,2.7,3.6,3.8
30-07-24,23,76,5,92,13,10,45,7,34,15,50,64,93,92,86,97,86,95,92,90,90,93,91,81,28.9,27.7,28.9,26.5,28.2,28.1,27.4,28.7,27.7,28.4,28,28.2,0.5,0,1.9,0,0,0.5,0,0.7,1.6,0.8,0,1.5
31-07-24,13,59,0,270,45,40,27,19,12,7,32,10,94,94,89,98,86,94,95,88,86,92,96,80,28.3,27.3,28.3,26.3,28.3,28.3,26.5,28.9,27.5,28.1,27.1,28,2.3,0.5,0.4,0,4.2,2,0,3.5,1.8,3.6,0,1.4
1/8/2024,74,52,22,115,48,70,144,39,27,135,45,96,98,97,96,96,94,98,95,96,95,96,98,87,26.6,26,25.8,26.7,26,26.9,25.9,26,25.6,26.9,26,26,0,0,0,0,0,0,0.9,0,0,0,0,0
2/8/2024,113,125,106,103,134,110,168,276,84,136,139,99,97,95,97,92,96,96,93,97,95,94,97,85,26.8,27.4,26,28.1,25.5,28,27.6,26.3,26,28.4,27.4,27.3,0,0,0,0,0,0,1.5,0,0,0,0,0
3/8/2024,78,64,70,7,231,55,38,69,75,16,57,42,96,88,93,90,92,95,88,95,84,91,90,81,27.7,28.6,26.8,28.1,26.9,27.5,28.3,26.5,27.9,27.9,28.4,28.1,0,1.2,0,0.4,0.2,0,0.7,0,1.6,3.3,2.1,1.1
4/8/2024,33,40,30,138,39,41,133,88,39,160,74,166,91,90,87,90,86,93,91,90,86,91,89,80,28.6,27.9,28.5,27.2,28.4,28.4,27.4,28.2,27.8,28.4,28.1,28.2,3.8,1.6,4.2,1.6,5.8,0,1.1,3.3,2.4,4.3,1.2,0.8
5/8/2024,2,37,5,22,2,34,37,11,11,28,6,37,89,88,85,87,82,90,84,88,87,90,89,79,28.7,28.2,28.6,27.9,28.7,28.5,28.1,28.2,27.3,28,28,27.9,3.9,0.3,5.4,4,5.2,1.2,1.1,2.2,0,2.7,0.2,1.1
6/8/2024,1,1,0,9,10,70,0,8,25,9,0,2,87,84,83,90,83,90,87,86,83,91,88,79,29.2,28.8,29,27.4,28.8,28.8,28.2,28.7,28.5,28.4,28.5,28.5,4.8,2.4,4.5,3.5,4.2,6.3,0,4.1,7.2,4.8,5.7,2.9
7/8/2024,0,1,7,15,3,33,1,16,3,20,1,0,91,83,84,89,82,95,85,87,87,91,86,74,28.2,28.9,28.2,27.3,28.6,27.9,28.2,28.2,28.3,28.1,28.5,28.8,3.5,1.9,3.7,3.3,3.5,1.4,7,0.9,4,3.9,4.2,5.6
8/8/2024,1,3,8,42,38,23,11,34,1,23,6,11,92,84,89,91,91,96,88,94,87,92,88,80,27.9,28.2,27.4,26.7,26.5,27.8,27.4,27.1,28,27.8,27.9,27.7,2.8,2.4,2.2,0,1.1,0.4,6.4,0.4,1,0.8,3.5,1.6
9/8/2024,26,7,10,35,20,15,17,59,2,5,4,4,90,88,90,90,94,96,90,91,89,92,90,80,28.3,27.6,27.2,27,26.4,27.5,27.3,27.6,27.6,27.9,27.5,27.5,4.8,1.3,1.8,4.4,0,0.9,10.3,2,3.3,2,2.6,0.9
10/8/2024,26,20,11,53,50,23,14,32,10,32,11,13,89,90,91,90,94,99,87,94,83,98,90,87,28.3,28.1,27.3,28,26.2,27.4,28.3,27,28.1,26.8,27.9,26.9,0.7,0.8,0,6.2,0,0,5.1,0.1,0.9,0,0,0
11/8/2024,19,9,15,16,51,52,30,21,8,219,22,217,91,92,90,91,95,93,92,93,91,94,96,83,28.7,27.5,27.7,27.3,26.5,28.8,27.1,27.9,27.2,28.4,27.2,27.5,1.9,0,0.9,0.2,0,0,0,1,0.6,0.3,0,0
12/8/2024,0,36,13,48,122,3,76,53,26,2,60,10,89,91,88,89,90,94,86,93,88,94,93,84,29.4,27.7,28.3,28.3,27.4,28.4,28,28,27.8,28,27.7,27.4,4.6,0,1,4.3,0,0.9,5.9,0.4,0.7,0.1,0.3,0
13-08-24,2,44,0,18,30,0,4,32,15,3,10,11,84,85,83,88,83,88,85,85,81,86,87,79,30,29,29.7,28.3,29.4,29.2,28.7,29.7,29.1,29.3,29,29.1,7.9,3.9,5.8,4.9,8.1,7.1,9.2,8.3,8.6,8.4,4.3,5.8
14-08-24,0,1,0,13,4,15,0,6,0,0,2,0,81,85,81,87,77,87,81,86,79,85,85,75,30.4,29.3,30,28.2,29.8,29.4,29,29.7,29.5,29.6,29.2,29.3,6.9,7.2,9.3,7.7,9.1,6.7,5.1,7.1,8.6,9,9.5,6.7
15-08-24,0,0,0,20,0,0,0,3,24,3,0,0,80,85,80,87,78,86,81,81,84,86,85,76,30.8,28.8,29.7,27.9,29.5,29.3,29,29.8,28.6,29.2,29,28.8,7.7,6.2,9.8,7.3,9.7,8.3,8.7,8.5,6.7,9.6,7.3,6.3
16-08-24,0,0,0,15,0,0,5,0,1,0,0,0,87,96,84,95,92,97,92,96,92,96,96,83,28.4,26.4,28,26.4,26.4,26.6,26.7,26.4,26.9,26.6,26.7,26.8,1.3,0,1.7,0,0.3,0,7.6,0,0,0,0,0
17-08-24,2,96,0,34,80,159,40,106,66,189,102,125,93,94,94,93,96,97,92,96,94,96,96,85,26.4,26.8,25.8,26.9,25.3,26.5,26.8,26.3,25.9,26.7,26.4,26.6,0.7,0,0,1.2,0,0,7,0,0,0,0,0
18-08-24,44,30,46,140,46,29,125,31,83,69,39,108,92,95,90,96,90,96,93,94,95,97,97,84,28.2,26.6,27.2,26.4,26.6,27.3,26.9,27.1,26.1,27,26.5,26.4,0.8,0,0.3,0,0,0,8.7,0,0,0,0,0
19-08-24,29,89,55,141,61,39,92,49,18,59,101,106,98,95,98,95,95,97,93,98,92,97,97,87,26.7,26.6,25.9,26.3,25.9,27,26.6,26.7,25.7,27.2,26.5,26.2,0,0,0,0,0,0,1.3,0,0,0,0,0
20-08-24,45,63,165,87,186,46,47,174,56,68,44,77,94,96,94,89,95,98,89,96,92,95,97,87,27.9,27.6,26.8,28.6,26,27.3,28.5,27.2,26.7,27.3,27.3,26.1,0.6,0,0,5.2,0,0,8.9,0,0,0,0,0
21-08-24,30,113,56,0,97,125,10,25,81,129,76,193,98,96,97,91,97,94,90,97,91,95,98,86,27.2,27.6,26.2,28.1,26.2,28.3,28.3,26.9,26.7,28.4,26.9,27.1,0,0.5,0,4.1,0,0,0.6,0,0.8,0,0,0
22-08-24,140,89,188,162,346,14,35,147,86,50,69,57,98,96,94,97,96,96,93,97,93,96,98,87,26.6,26.5,25.8,26.3,25.9,27.1,26.9,26.3,26.1,26.6,26.2,25.6,0,0,0,0,0,0,7.5,0,0,0,0,0
23-08-24,24,87,49,151,142,70,64,73,97,84,143,90,92,87,83,88,88,91,87,90,83,89,87,80,27.7,28,28.3,27,27.9,28.1,27.8,27.6,27.8,28.1,28,27.8,0,1.9,3.8,0.9,3.8,0.8,6,2.1,2.4,1,3.2,5.9
24-08-24,8,0,0,6,0,3,0,10,2,0,0,0,85,89,80,90,83,89,86,84,85,86,90,79,29.2,27.7,28.9,26.9,28.2,28.3,28,28.9,27.5,28.5,27.6,27.8,0.9,1.2,9.3,2.3,6.3,5.5,0,6.4,5.3,4.5,1.6,3.6
25-08-24,54,18,9,49,8,9,76,30,14,23,15,14,95,97,86,96,89,99,92,96,85,97,97,87,26.4,25.6,27.4,25.3,26.9,25.5,25.9,26.1,26.7,25.9,25.5,25.4,7,0,0.4,0,0.1,0,6.3,0,0.1,0,0,0
26-08-24,28,65,0,82,8,132,86,93,2,97,33,23,95,89,76,93,86,93,89,95,84,92,92,83,26.9,27.2,28.1,26.2,27.3,27.6,26.4,26.4,27.6,27,27,26.4,0,2.1,1.3,0.1,2.7,0.7,9.6,0,5.5,0.2,2,0
27-08-24,0,6,1,18,2,8,12,65,2,8,7,8,89,86,79,90,83,90,87,92,80,89,90,81,28.4,28.2,28.4,27.2,28.4,28.6,27.9,27.8,28.2,28.4,27.9,27.8,0,1.6,5.5,3.6,4.9,5.3,3.5,3.7,0,4.3,1.1,2.8
28-08-24,5,0,2,2,20,1,4,38,1,32,1,0,91,86,81,85,90,89,86,89,79,91,89,79,28,28.4,28.3,28.7,27.3,28.3,28.5,28,28.6,28.3,28.4,28.3,2.3,3.9,3.4,7.8,3.7,4.1,9.2,2.2,5.2,4.4,3.3,3
29-08-24,1,15,2,0,4,4,14,58,8,8,18,5,82,82,78,82,79,87,83,82,77,83,86,77,30.1,29.1,30,29.3,29.8,29.2,29.4,29.9,29.1,29.9,29,29.3,2.8,7.6,9.5,9.4,7.2,9.3,0.6,10.6,5.8,9,6.4,7
30-08-24,0,10,9,0,1,8,0,0,27,5,9,0,80,79,77,80,74,83,79,78,79,82,83,74,30.4,30.2,30.5,29.5,30.6,30.2,30.2,30.6,29.2,30.4,30.4,30.1,9.3,8.6,10.7,11.2,9.6,10.8,8.9,9.4,7.8,9,10.1,7.8
31-08-24,0,0,1,0,4,1,0,0,42,0,0,3,79,78,78,82,77,85,80,83,81,82,82,75,30.4,29.6,30.1,28.8,29.6,29.4,29.5,29.8,28.7,29.9,29.4,29,9.7,7.7,10.8,6.4,9.5,8,0,8.6,7.2,8,6.1,4.7
1/9/2024,1,0,0,0,1,0,0,0,12,0,0,0,91,78,81,81,77,,82,83,76,82,80,74,28.8,29.7,29.5,29.3,29.6,29.2,29.6,29.7,29.7,29.9,30.1,29.5,1.7,10.4,2.2,11.1,6.9,9.1,7.5,5.7,6.9,7.9,8.9,7.3
2/9/2024,39,21,59,0,2,2,4,0,9,0,18,0,85,85,86,84,86,,84,84,84,84,87,75,30,29,28.7,28.9,28.5,29.9,29.1,29.5,28.9,30.4,28.7,29.3,6.2,5.2,4.5,6.6,3.5,8,7.3,3.4,6.7,6.4,4.3,4.2
3/9/2024,35,8,93,1,13,1,3,31,62,8,11,10,90,83,86,83,79,,84,85,79,86,85,75,29.2,29.4,28.7,29,29.6,29.1,29.3,29.5,28.9,30.1,29.5,29.3,3.4,7.5,3.2,7.8,7.4,2.8,6.3,3.8,7.6,6.2,7.9,5.8
4/9/2024,8,0,0,0,0,0,0,0,2,0,0,5,80,83,77,80,78,,79,80,77,83,84,74,30.7,30.4,31,29.6,30.2,30.2,29.7,30.7,30,30.4,30.1,30,9.4,8.4,10.3,9.7,8,11.1,9.5,9,8.8,10.3,8.9,7.2
5/9/2024,0,0,0,3,0,0,0,0,2,0,0,4,88,81,82,84,79,,81,81,77,86,84,78,29.3,30.1,30.4,29,30.2,29.3,29.8,30.2,29,29.8,29.8,29.2,1.7,7,6.3,4.3,7.2,5.1,5.5,4.7,8.1,6.8,3.7,5.4
6/9/2024,14,57,28,0,35,19,9,22,0,58,86,5,88,84,82,80,86,,80,86,82,88,87,76,29.3,29.6,29,29.7,28.2,29.6,29.7,29.4,29.1,29.6,29.5,29.6,5.5,4.7,6.6,9.5,6.2,6.6,7.7,5,5.9,5.2,2.2,5.6
7/9/2024,13,7,2,12,46,8,10,10,3,96,1,0,86,83,80,82,80,,83,80,81,84,86,74,30.5,29.7,30.7,29.7,30.1,30.4,29.7,30.7,29.8,30.4,30,30,3.4,8.2,8.5,9.1,8.4,10.6,7.8,8.2,6.5,6.5,6.3,7.1
8/9/2024,3,3,39,0,2,9,15,0,1,0,2,0,79,80,79,80,77,,80,77,78,80,80,77,30.8,30.3,30.9,29.5,30.7,30.4,29.8,30.9,29.8,30.7,30.4,29.8,9.5,9.9,8.7,9.5,9.5,11.1,8.9,10.6,8.2,9.1,9.9,7.1
9/9/2024,0,3,6,8,0,5,2,6,6,2,0,7,80,81,77,81,74,,81,80,85,79,82,73,30.4,30.2,30.5,29.7,30.5,30,30,30.5,29.2,30.7,30.1,29.9,9.8,7.1,10,8.9,10.1,10.8,4.1,10.1,5.7,8.7,5.8,7.2
10/9/2024,3,1,0,1,0,1,2,6,0,22,0,3,84,83,81,84,84,,82,87,81,86,84,76,30,30,30,29.4,28.9,30.2,29.6,29.3,29.2,30,29.9,29.4,4.6,4.6,7.1,5.4,4.7,6.6,4.2,3.6,6.7,3.7,3.8,3.6
11/9/2024,3,1,0,22,2,51,86,0,0,9,0,2,83,84,80,91,80,,86,79,82,88,88,77,30.4,29.4,30.5,28,29.8,29.5,29,30.7,29,29.9,29.1,29.4,7.2,4.6,8.5,2,8.6,4.4,1.4,8.5,5.6,5.5,2,3.7
12/9/2024,91,3,10,57,55,38,12,48,10,11,13,15,88,88,79,93,83,,86,84,79,89,89,78,29.6,28.5,30.8,27.3,29.5,28.6,28.8,29,29.3,28.9,28.8,28.9,5.2,3.9,7.9,2.5,2.7,3,2.2,6,4.4,2.1,2.3,2.3
13-09-24,3,67,0,378,3,46,58,14,46,57,25,15,85,94,79,98,84,,95,89,78,95,94,85,28.5,25.9,28.5,25.9,28,26.5,25.8,27.2,27.4,26.1,26.1,26.2,1.4,0,0.5,0,0.4,0,0,0.3,0.2,0.1,0,0.9
14-09-24,16,203,14,225,44,65,273,81,14,152,115,83,99,94,92,96,92,,92,95,89,94,94,82,25.8,26.1,25.9,26,25.3,26.9,26.5,26.2,26.1,26.7,26.1,26.1,0,0,0,0,0,0,0,0,0,0,0,0
15-09-24,119,36,12,88,14,94,60,81,16,27,25,16,95,86,83,88,88,,86,89,82,87,85,76,26.6,27.7,27.4,27.3,26.7,28.1,27.6,27.6,27.6,28.1,27.8,27.4,0,0.3,0,0.5,0,0,0,0,0.1,1,0,0
16-09-24,54,4,4,18,9,1,17,9,1,17,8,12,87,83,80,83,81,,84,84,75,86,83,66,28.9,29.1,29.1,28.3,28.8,28.9,28.8,29.1,28.6,29.1,29.3,29.2,2.8,6.7,6.5,6.5,8,8,5.9,7.4,8.8,8.9,8.1,7.3
17-09-24,0,0,0,0,0,0,1,0,3,0,0,5,87,80,84,84,77,,82,82,75,85,83,63,29.5,29.7,28.9,28.9,29.9,29.5,29.3,29.9,29.6,29.7,29.4,29.2,6.6,9.8,7.2,10.8,9.5,9.3,9.3,9.3,7.1,10,10,7.3
18-09-24,1,0,3,0,0,0,0,2,0,0,0,0,86,85,80,85,78,,85,83,80,87,86,64,30.7,30,30.8,29.5,30.1,30.4,29.7,30.8,29.7,30.1,29.7,29.6,7.1,3,5.5,7.5,5.7,7.7,5.8,5.4,3.1,4.2,1.8,1.6
19-09-24,1,3,0,1,1,1,0,46,14,54,17,32,86,83,79,83,73,,84,81,74,85,83,62,31.7,30.6,31.6,29.8,31.1,30.7,30.3,31,30.3,31,30.8,30.5,7.9,8,7.8,10.4,8.8,7.9,10.4,9.5,8.1,8.1,9.4,7.8
20-09-24,0,0,0,0,0,0,0,0,15,0,0,0,80,84,80,85,77,,85,80,74,84,83,62,31.8,30,32,29.7,30.3,30.4,29.9,30.5,30.9,30.7,30.4,30.8,8.9,8.3,8.5,9.5,7.1,8.7,9.4,8.5,8.1,8.3,9.9,7
21-09-24,8,92,0,5,35,49,5,17,15,13,9,0,87,84,85,79,88,,81,93,81,93,88,64,27.4,28.5,27,29.6,26,26.6,29.9,26.5,28.4,27.3,28.3,27.3,0.3,1.7,0,6,0,0,6.1,0,0.9,1.1,1.2,0.4
22-09-24,4,0,20,0,54,21,0,20,0,4,0,0,85,84,82,84,83,,84,83,75,86,85,65,30.3,30,30.7,30.1,30.2,29.9,30.1,30.5,30.6,30.8,30.2,30.5,9.7,7.3,10.1,8.5,7.9,9.1,4.9,10.1,6.6,9.1,5.7,7
23-09-24,0,14,0,55,0,0,44,0,1,0,1,0,92,86,85,89,82,,86,86,81,84,84,65,29.6,29.1,30.5,28.2,30.3,29.4,28.6,30.5,29.3,30.1,29.4,29.4,0,5.1,1.2,3.4,4.3,4.3,7.4,2.3,4.1,4.5,4.3,5.8
24-09-24,0,4,3,12,0,8,7,6,10,0,3,6,83,84,80,86,83,,84,83,81,81,83,59,29.8,28.8,29.5,28.3,28.7,29.4,28.8,29.4,28.5,29.8,29.1,29.4,4.8,5.1,5.5,5.2,3.3,7.9,2,5.7,4.1,6.5,4.9,5.3
25-09-24,31,13,14,24,9,0,2,22,11,2,3,0,98,92,88,92,87,,90,96,85,93,91,71,26.5,26.4,27,26.4,26.8,26.7,26.4,26.5,27.2,27,26.5,26.8,0,1.4,0.3,0,0.8,0,4.1,0,2.6,0.9,1.2,0.2
26-09-24,49,27,2,10,21,87,3,65,5,16,15,9,95,82,89,83,88,,81,96,77,88,82,61,26.8,29.6,26.6,28.6,27,27.9,28.9,26.4,28.8,28.6,28.9,28.7,0,6.2,0.1,7.8,0.4,0,4.8,0,8,5.5,6.9,8.4
27-09-24,19,0,14,0,0,47,0,32,0,0,0,0,87,81,82,82,81,,84,88,76,86,80,58,28.4,29.5,28.5,29,28.4,29,29.3,28.4,29.3,29.3,29.5,29.3,5.4,9.1,7.2,8.8,9.1,7.5,9.5,6.9,8.5,9.4,9.8,3.5
28-09-24,2,16,2,0,0,10,0,8,0,0,0,0,87,80,82,83,80,,83,81,81,86,83,63,28.9,29.5,29.7,29.2,29.3,29.3,29.5,29.9,28.5,29.3,29.3,28.7,7.3,8.5,8.1,8.1,8.4,9.1,9.2,9.5,6,8.4,9,5.4
29-09-24,7,0,1,1,0,0,0,6,20,0,0,0,84,81,85,84,80,,86,83,85,88,83,65,30.6,29.8,29.5,29.2,29.9,30.3,28.9,30.3,28.3,29.4,30,29.1,7.4,7.3,6.3,6.2,7.8,8.7,7,8.8,3.6,7.4,5.6,0
30-09-24,0,0,1,3,0,0,9,0,3,0,9,0,90,85,88,84,85,,82,88,89,86,86,67,29.2,29.3,28.9,29.6,28.7,30,29.8,29.1,28.1,29.9,29.5,28.6,0.5,6.3,0,7.3,0,7.7,4.5,2.4,3,7.1,6.8,0
1/10/2024,9,8,0,6,15,8,8,17,40,0,7,2,88,87,83,85,88,,84,84,89,89,87,67,29.8,29.2,29.4,29.5,28.6,30,29.9,29.7,28.2,30.3,29.1,29.1,4.4,1,3.1,3.4,2.2,3.2,0.9,2.7,1.3,2.3,0,0.7
2/10/2024,2,5,9,0,7,3,7,3,7,23,0,3,93,94,89,92,90,,91,92,91,93,94,69,28.4,26.7,27.5,26.3,26.9,28,26.3,27.5,27.4,27.2,26.6,27.1,1.4,0.2,3.1,0,0.4,0,1.5,0,1.6,0,0,0
3/10/2024,53,120,30,114,54,35,33,108,14,92,46,51,95,87,90,88,92,,86,93,85,91,88,70,26.7,27.2,26.4,26.4,26.2,26.7,27.3,27.1,27.4,27.5,26.9,26.5,0,0.6,0,0.8,0.1,0,0.7,0.1,2,0,0,0
4/10/2024,33,1,33,2,4,31,1,10,0,15,1,24,92,87,88,90,85,,90,92,88,87,87,64,27.5,26.8,27.3,26,27.1,27.9,26.3,27.5,27.1,28.1,26.8,27,2.6,0.1,1.5,0.8,3,0,1.1,1.5,2,0.3,0,0.4
5/10/2024,250,0,22,15,2,4,6,9,1,1,0,0,97,82,95,82,91,,81,96,85,87,82,62,26.1,28.8,25,28.4,26,28.4,28.7,26,27.9,29,28.6,28.4,0,7.1,0,7.8,0,0.2,1.1,0,4.4,1.5,5.1,2.5
6/10/2024,33,0,79,0,7,0,0,117,9,0,0,0,92,83,82,84,81,,85,86,82,89,83,62,27.8,29,28.6,28.4,28.8,28.8,28.3,28.5,28.6,29,28.6,28.6,5.5,5,8.8,5.3,8.1,7.5,0,7.8,5.5,4.7,6.8,7.2
7/10/2024,20,0,0,0,0,0,0,1,0,0,1,0,86,81,87,80,83,,82,84,84,85,87,64,29.2,29.4,28.1,29.4,29,28.5,29.2,29.5,28.6,29.5,28.9,28.7,5,5.7,3.4,9.2,4.5,4.6,7,6.2,5.2,5.8,5.1,5.8
8/10/2024,0,0,0,0,9,1,0,0,0,0,8,0,92,78,82,81,79,,82,82,88,85,84,61,27.7,29.2,27.9,29.5,28.9,29.5,29.4,29,27,29,28.9,28.5,4.7,7.1,8,10.4,6.5,8.8,6.4,6,2.6,6.3,6.7,6.8
9/10/2024,7,0,0,0,3,0,0,0,46,6,0,0,88,77,84,80,80,,80,82,83,88,81,62,27.9,29.8,27.4,29.8,28.3,28.9,29.6,29.2,28.6,28.8,29.5,28.3,6.5,8.8,7.4,10.8,7.4,9,10.3,6.7,8.1,4.8,10,6.8
10/10/2024,4,0,36,0,6,0,11,12,0,12,0,0,85,82,84,81,83,,83,86,89,92,90,63,28.6,28.9,28.2,29.4,28.1,29.3,28.9,28.4,27.7,28.5,27.6,27.9,4.8,5.4,3.5,9.5,3.3,7.9,5.1,4,2.4,2.1,3.1,4.9
11/10/2024,0,0,0,1,0,0,0,0,9,6,4,0,83,80,80,82,78,,81,81,86,86,84,62,29.8,29.4,29.5,29.4,29.1,28.2,29.4,30,28,29.1,29.2,28.5,7.6,7.8,7.9,9.9,7.7,0,0,9.9,4.3,6.5,5.9,7.6
12/10/2024,0,0,0,0,0,30,0,0,9,8,0,0,91,76,84,77,83,,82,86,81,89,84,62,28.4,30.2,28.8,29.9,28.9,29,29.6,29.3,28.9,29.4,29.2,29,2.5,8.5,5.3,9.8,3.1,7.1,5.9,2.9,5.3,2.8,7,5.1
13-10-24,0,0,0,0,0,0,0,0,0,0,0,0,82,80,78,74,78,,84,83,80,88,85,62,29.6,29.8,29.4,30.2,29.4,29.3,29.2,29.6,28.4,29.8,29.2,28.7,6.6,6.5,6.3,10,6.9,7.2,9.2,5.7,7.8,5.6,6.7,5.8
14-10-24,0,0,0,0,0,0,2,0,0,0,0,0,85,71,78,74,79,,80,80,78,89,80,60,29,30.1,28.8,29.9,28.4,29,29.3,29.5,27.8,28.8,29.1,28,5.6,8.4,4.8,10,8,8.1,5.1,9,8.1,8.6,9,8.2
15-10-24,0,0,0,0,0,0,0,0,0,0,0,0,79,74,76,74,79,,80,80,80,85,78,69,29.3,29.5,28.9,29.6,28.6,28.8,29.5,29.7,28.3,29.7,28.7,28.6,7.2,7.2,4.8,10.3,6.8,7.5,8.7,7.2,8,8.9,9,6.7
16-10-24,0,0,0,0,0,0,0,0,0,0,0,0,82,77,75,76,80,,81,82,79,86,81,76,29.2,29.6,29.2,29.6,29,29.3,29.6,29.2,28.7,29.8,29.3,28.3,3.1,6.5,2.8,8.9,1.6,3.2,7.6,3.6,7.1,6.1,0.3,5.3
17-10-24,0,0,0,0,0,0,0,0,0,0,0,0,86,76,77,77,80,,83,82,79,87,83,74,28,30,28.9,29.8,28.8,28.2,29.3,28.7,28.7,29.5,29.1,29.5,0.5,4.7,0,9.5,0.5,0.7,7,1.4,2.2,3.5,0,4.9
18-10-24,1,0,0,0,0,9,0,6,0,3,0,0,85,78,81,76,79,,83,80,75,85,81,78,28.4,29.8,28.2,29.8,28.9,29.3,29.4,28.8,29.2,29.4,29.5,28.9,4,6.1,2.2,9.7,3,6.8,8.7,4,5.3,6.5,6.4,6.9
19-10-24,0,0,4,0,0,0,11,0,0,0,0,0,91,84,84,76,83,,84,88,83,92,89,83,27.3,27.8,27.1,29.1,26.1,26.3,28.4,27.2,25.9,26.2,26.6,26.1,2,3.1,0.7,7.3,2.5,2.5,1.3,2.7,2.9,3.6,1.4,2.5
20-10-24,0,0,0,0,0,52,0,3,12,78,3,19,87,76,79,77,80,,82,80,78,88,84,76,28,29,27.3,29.5,27.3,27.4,28.6,28,27.4,27.7,28,27.5,6.9,7.1,7.7,8.6,7.5,3.7,8.9,7.8,6,8,7.3,8.5
21-10-24,0,0,0,0,0,0,0,0,0,0,0,0,83,77,75,76,78,,81,76,81,87,82,79,27.7,29.5,28.5,28.9,28,27.6,28.1,28.5,28.3,28.1,28.7,28,6.5,7.2,7.7,8.9,7.1,8.8,0.6,7.8,6.6,8.4,8.5,7
22-10-24,0,0,0,2,0,0,0,0,0,0,0,0,80,75,74,76,74,,83,78,78,85,80,74,29.7,29.3,30,28.7,29.7,27.8,28.7,29.9,28.3,29.4,29.3,29.2,7.3,5.3,9.8,5.2,9.2,9.1,7.5,10,4.6,9,5.9,7.9
23-10-24,0,3,1,1,19,10,16,4,2,1,0,23,89,85,87,81,90,,85,89,85,94,87,80,27.5,27.9,27.7,27.5,27,26.1,28.1,26.8,27.4,26.9,27.7,27.4,0,0.1,0,0,0,0,6,0,0,0,2.6,0
24-10-24,2,9,13,15,13,20,13,25,11,22,4,6,93,85,88,77,88,,88,88,82,90,88,73,25.2,27.7,25,28.1,25.6,26.3,27.5,26.3,27.3,26.5,27,27.8,1.1,2.5,0.8,3.6,2.8,1.4,0,1.4,3.9,2.5,9.5,3.5
25-10-24,23,5,36,0,6,23,4,12,1,10,5,4,85,80,81,76,80,,83,80,77,85,77,76,27.9,28.9,27.8,28.8,28.1,28.2,28.7,28.2,29.1,28.6,28.7,27.6,5.7,4.5,5.1,9.7,5.9,5,6.3,5,5.3,6.6,9.8,4.5
26-10-24,4,0,0,0,0,0,0,0,0,0,0,0,85,80,79,79,78,,81,81,76,85,81,74,28.1,28.7,28.6,28.7,28.3,28.3,28.8,28.6,28.4,28.3,28.7,28.2,6.2,7.9,8.5,8.1,8.8,6.3,9.6,8.1,9.3,8.6,9.4,8.5
27-10-24,0,0,0,0,0,3,0,0,0,0,0,0,85,79,77,81,79,,80,79,80,85,83,76,28.4,29.1,28.9,28.6,28.5,28.2,29,28.9,27.7,28.4,28.5,28.2,7.4,8.1,8.3,9.5,7.7,6.6,3.5,7.6,7.4,9.7,8.1,6.6
28-10-24,0,0,0,0,0,0,0,0,0,0,0,0,83,78,75,80,77,,80,78,75,85,81,76,28.8,29.9,28.9,29.3,28.5,28.3,29.2,29.2,28.5,28.9,29.4,28.4,6.9,8.3,9.2,9.7,8.9,7.8,9.2,9.3,9.3,9.9,9.4,8.4
29-10-24,0,0,0,0,0,0,0,0,0,0,0,0,79,74,76,77,76,,80,78,76,87,80,75,28.6,29.4,28.4,29.4,28.2,28.2,29.2,29,27.6,28.3,28.3,27.9,7.5,7.6,9.3,9.4,8.9,6.3,0.6,9.1,7.6,9.1,5.5,8.4
30-10-24,0,0,0,0,0,0,0,0,0,0,0,0,84,76,80,80,79,,82,82,78,86,81,77,28.9,29.6,28.5,28.9,27.8,28.6,29.2,29.1,27.5,28.7,28.6,28.1,6.9,8.3,3.3,8.1,5.4,7.7,8.9,5,8.2,8.9,9.4,8.1
31-10-24,0,9,0,0,6,0,0,0,0,0,0,0,85,80,80,81,80,,82,79,81,86,83,74,29.1,29.4,28.2,29,28.3,28.8,29.1,29.3,28,28.9,28.7,28.4,4.5,7,6.7,9,6.8,8.3,1.6,8.4,5.6,7.5,5.7,8.2
1/11/2024,0,10,0,0,0,0,0,0,0,0,0,0,80,80,80,83,83,,81,81,85,89,84,78,28.5,28.6,27.8,28.2,27.8,27.8,28.9,28.8,26.9,27.6,27.8,28.1,6.9,7.6,4.1,6.4,4.9,5.1,8.1,4.9,3.3,4.5,5.1,7.1
2/11/2024,0,0,0,17,0,0,0,0,0,5,0,0,83,79,76,77,83,,82,78,78,85,77,77,28.1,27.7,27.7,28.2,26.8,27.5,28.8,28.2,26.7,27.7,28.1,27.1,6.8,6.6,8.2,9.4,7.9,7.6,1.8,8,7.2,8.9,0,8.6
3/11/2024,0,0,0,0,0,0,0,0,0,0,0,0,83,79,76,77,78,,81,78,82,83,80,78,27.4,27.9,27.5,28.7,26.9,27,29,27.6,27,27.3,27.7,27.3,6.8,8.5,9,9.5,9.3,8.7,9.5,9,7,9.7,9.6,7.9
4/11/2024,0,0,0,0,0,0,0,0,0,0,0,0,82,79,75,77,78,,78,79,82,86,82,77,27.5,28.6,28.1,28.6,27.9,27.5,29.4,28.4,27.9,28.1,28.2,27.5,6.8,7.4,7.5,9.5,8.6,8.9,5.5,8.6,8.1,8.1,6.6,8.4
5/11/2024,0,0,0,0,0,0,0,0,4,0,0,0,80,71,76,73,77,,78,80,77,87,75,78,27.3,28.1,26.6,28.8,26.7,27.2,29.7,27.5,26.6,27.5,28,27,4.1,6.9,6.5,8.2,6.1,4.5,11,3.6,8.3,4.9,9.6,5
6/11/2024,2,0,10,0,2,0,1,5,6,4,0,1,85,73,83,76,80,,82,80,83,82,75,76,24.9,26.4,24.7,26.7,24.2,25.7,26.3,25.4,25.6,26,25.9,25.7,5.5,2.7,4.6,3.4,4.5,5,9.8,4.2,3.2,6,0.4,4.9
7/11/2024,2,0,1,0,0,0,0,0,2,0,0,0,80,76,77,75,81,,79,81,77,83,78,80,26.1,26.6,25.9,26.9,25.4,25.8,27.2,26.3,25.5,26.5,26.5,26.4,7,8.6,9.1,9.4,9,9.6,6.8,8.2,7.1,7.8,6.8,7.8
8/11/2024,0,0,0,0,0,0,0,0,0,0,0,0,78,74,75,72,75,,78,79,76,81,80,80,26.8,26.6,26.1,27.1,25,25.9,26.9,26.4,25,26.7,26.2,26.3,6.9,8.4,9.5,9.4,9.8,10.1,9.9,9.8,9.6,10,8.3,8.6
9/11/2024,0,0,0,0,0,0,0,0,0,0,0,0,75,73,71,70,78,,78,76,74,81,79,76,26.2,27,26.4,27.9,25.7,26,27,26.8,25.8,26.8,26.6,26.3,7,8.6,10,9.4,9.8,10.3,9.6,9.7,9.7,10.3,9.8,9
10/11/2024,0,0,0,0,0,0,0,0,0,0,0,0,82,71,71,72,75,,75,76,75,82,74,75,27.2,28.3,27.1,28.6,27,27.7,28.2,27.6,26.6,27.9,28,27,6.8,5.4,10,3.7,7.1,7.3,4.8,7.9,7.6,6.4,5.8,7.5
11/11/2024,0,1,0,0,0,0,0,0,0,0,1,0,86,71,71,74,75,,77,75,80,81,78,74,27.8,29.6,27.8,28.7,27.2,27.8,28.4,27.9,27.9,28.4,28.5,27.9,6.2,8.5,8.5,9.2,8.3,9.7,10.1,6.9,8.2,8.9,9.2,8.9
12/11/2024,0,0,0,0,0,0,0,0,0,0,0,0,80,66,72,76,72,,76,67,81,80,72,74,27,29.3,27,28.8,27.1,27.6,29.2,27.6,27,28,28.6,27.1,5.4,8.2,8.8,9.3,8.7,9.1,2.8,7.8,9.2,9.5,9.2,9.1
13-11-24,0,0,0,0,0,0,0,0,0,0,0,0,77,58,72,68,75,,72,70,79,80,63,72,26,28.7,25.9,28.6,25.2,26.1,28.4,26.5,26.1,26.4,27.6,25.8,6.9,8.7,9.6,9.3,9.3,9.3,10.1,9.9,9.2,9.3,9.9,9.1
14-11-24,0,0,0,0,0,0,0,0,0,0,0,0,76,60,73,66,76,,71,72,77,80,68,75,25.7,27.4,25.3,27.7,24.2,25,27.5,26.1,24.2,25.5,26.2,24.5,6.8,8.7,9.4,9.3,9.4,9.6,4.9,9.4,9,10.1,9.9,8.9
15-11-24,0,0,0,0,0,0,0,0,0,0,0,0,79,63,76,65,77,,69,77,75,82,71,72,25.6,26.5,25,26.7,24.3,24.8,26.1,25.7,24.4,24.9,25.2,24.2,6.7,8.6,9,9.3,8.7,9.1,10.1,8.9,9.5,9.7,9.8,8.9
16-11-24,0,0,0,0,0,0,0,0,0,0,0,0,81,63,78,64,79,,68,72,77,86,70,73,24.8,26.3,24.9,26.6,24.3,24.4,25.8,25.3,24.9,25,24.7,23.9,6,8.6,8.3,9.3,8.2,7,5.6,7.2,9.1,9.2,9.9,8
17-11-24,0,0,0,0,0,0,0,0,0,0,0,0,72,66,77,65,80,,73,72,79,85,74,71,23.7,25.7,23.7,26.4,23.2,23.4,25.6,24.3,24,24.3,24.2,23.7,6.4,8.4,3.6,9.3,5.8,7.5,9.7,5.7,8.8,8.6,8.2,8
18-11-24,0,0,0,0,0,0,0,0,0,0,0,0,76,67,74,66,76,,69,70,77,80,74,71,22.6,25.4,23.5,25.9,22.5,23,25.7,23.6,23.7,23.8,23.9,23,6.8,8.6,8.9,9.3,8.5,9.2,6,8.5,8.1,9.1,9.8,8.9
19-11-24,0,0,0,0,0,0,0,0,0,0,0,0,75,67,77,72,75,,72,73,79,78,71,69,23.2,25.5,23,25.8,22.6,23.1,25.5,23.9,24.3,24.5,24.9,23.6,7,8.5,9.6,9.2,8.8,10.2,10,9.7,9.2,9.7,9.9,8.7
20-11-24,0,0,0,0,0,0,0,0,0,0,0,0,74,72,79,74,75,,76,72,81,82,75,75,22.9,25.6,23.4,26.6,23.2,23.5,25.5,24.4,25.3,24.2,25.4,23.6,7.1,7,9.4,9.1,9,9.8,6.2,9.3,4.3,9.4,6.6,7.4
21-11-24,0,0,0,0,0,0,0,0,0,0,0,0,77,66,76,72,73,,73,71,80,81,71,77,23,25.3,22.7,26.3,22.6,23.5,25.6,23.7,24.6,24,24.7,22.7,7,8.1,8.9,9.1,8.8,9.2,9.5,9,8.5,9.2,9,8.7
22-11-24,0,0,0,0,0,0,0,0,0,0,0,0,80,59,78,68,74,,74,75,83,79,70,75,22.5,25.3,22,25.9,22.1,22.9,25.2,23.2,23,23.6,24.1,23,6.9,8.4,7.4,9.1,7.9,8.2,5.6,7.3,8.6,8.9,9.9,8.6
23-11-24,0,0,0,0,0,0,0,0,0,0,0,0,78,64,79,65,77,,75,80,84,81,73,74,23.8,23.6,22,24.3,21.9,22.6,23.6,23.4,23.3,22.7,23.1,21.9,5.9,7,6,8.8,7.3,6.8,9.5,4.7,7.7,8.3,9.6,8.1
24-11-24,0,0,0,0,0,0,0,0,0,0,0,0,74,69,80,65,77,,73,80,82,85,76,74,23.3,23.3,22.2,24.4,22,22.5,24.1,23,22,23,22.8,22,5.7,7,4.9,8.8,5.8,4.7,3.4,3.1,7.3,6.7,7,8
25-11-24,0,0,0,0,0,0,0,0,0,0,0,0,77,69,80,65,79,,71,75,84,82,74,70,22.8,23.1,22.3,23.7,21.3,22,23.1,22.9,21.5,22.9,22.9,21.4,6.3,7.1,5.1,8.7,6.6,5.1,9.2,4.9,7.2,7.4,7.8,7.5
26-11-24,0,0,0,0,0,0,0,0,0,0,0,0,79,66,80,66,81,,72,75,82,83,74,72,22.3,23.6,21.9,23.9,21.2,21.7,24.4,22.3,21.7,22.5,22.3,21.2,6.7,8.1,6.2,9.1,6.1,6.9,5.4,5.8,7.5,7.1,9.1,7.8
27-11-24,0,0,0,0,0,0,0,0,0,0,0,0,81,61,73,66,77,,74,76,82,81,71,78,21.8,24.4,21.8,25.1,21.3,21.9,24.2,22.2,22,22.2,23,22.4,5.4,7.7,8.7,8.5,7.6,7.6,8.3,8.2,8.5,8.2,8.3,8.4
28-11-24,0,0,0,0,0,0,0,0,0,0,0,0,77,66,77,66,76,,76,74,81,85,73,76,23.6,26,23.6,27.1,23.1,23.2,25.4,24.1,23.4,23.5,25.1,23.6,6.6,6.2,6.6,6,0,2.5,8.5,5.4,6.9,3.4,4.5,6.1
29-11-24,0,0,0,0,0,0,0,0,0,0,0,0,71,71,72,75,75,,77,71,82,83,79,71,25.3,27.1,24.8,27.4,25.2,25.2,26.7,25.8,25.4,26,26.4,25.4,5.5,4.1,8.6,3.1,0,5.7,0,7.1,6.9,7.2,4.2,8.3
30-11-24,0,0,0,0,0,0,0,0,0,0,0,0,80,66,79,73,77,,74,78,81,79,69,69,23.9,27.3,23.8,27.5,24.5,25.8,27.3,25,25.8,26.2,27,25.8,1.9,5.5,4.7,6.4,0,5.3,2.8,5,6.9,6,6.5,6.4
1/12/2024,1,0,1,0,5,0,0,0,0,0,0,0,78,67,77,72,77,,75,72,80,80,72,71,23.7,27.1,24.2,27.3,24.2,25,26.8,25.1,25.2,23.8,26.9,25.1,5.8,8.3,7.8,9.2,7.6,0,8.2,7.4,7.1,8.7,9.3,7.8
2/12/2024,0,0,0,0,0,0,0,0,0,0,0,0,72,67,75,71,77,,70,71,84,80,73,73,23.4,26,23.1,26.3,22.7,23.4,26.5,23.6,24.8,23.8,24.6,23.8,3,1.4,6.4,2.6,0.7,0,1.4,1.1,1.4,0.8,0.1,1.3
3/12/2024,0,0,0,0,0,0,0,0,0,0,0,0,71,58,76,66,77,,70,69,81,80,68,68,23.6,26.2,22.8,26.7,22.3,23.8,26.4,23.8,24,23.5,25,22.9,7.2,7.9,8.5,8.5,8.1,0,9.5,8.6,7.4,8.2,7.9,8.8
4/12/2024,0,0,0,0,0,0,0,0,0,0,0,0,76,60,76,60,74,,68,71,79,77,64,58,22.1,24.7,21.5,25.3,20.8,22.6,25.8,22.1,22.3,22.5,23.6,21.3,7.2,8.6,8.6,9,8.5,0,9.1,8.8,9.2,9.1,9.8,9.1
5/12/2024,0,0,0,0,0,0,0,0,0,0,0,0,77,68,78,60,78,,69,79,82,86,71,63,21.5,22.8,20.7,23.7,19.7,21.6,23.6,21.7,20.1,21.2,22,20.7,5.5,7.3,5.1,8.5,6.1,0,5.2,4.6,6.9,6.9,4.1,8.2
6/12/2024,0,0,0,0,0,0,0,0,0,0,0,0,73,55,77,52,75,,70,67,74,77,61,60,21.1,22.4,19.5,23.3,19.4,20.8,22.9,21.3,19.7,21.1,21.6,20.1,7,7.4,6.6,8.6,7,0,5.5,7,8.4,8.5,8.7,9.1
7/12/2024,0,0,0,0,0,0,0,0,0,0,0,0,69,62,73,56,72,,69,68,79,74,62,63,20.2,21.2,19.1,22.4,18.8,20.2,21.6,20.2,18.7,20.2,20.8,19.2,7.3,7.5,8.5,8.6,8,0,9.7,8.9,7.4,9.1,8.9,8
8/12/2024,0,0,0,0,0,0,0,0,0,0,0,0,69,66,77,69,75,,69,68,80,82,71,64,20,22.2,19.3,22.5,19,19.9,21.2,20,20,20.4,21.2,19.5,7,7.7,7.6,9.1,7.7,0,7.8,8.2,6.9,8.8,9.6,8.2
9/12/2024,0,0,0,0,0,0,0,0,0,0,0,0,78,69,76,66,77,,72,78,82,82,77,68,21,22.4,20.1,22.9,19.7,20,22.5,20.6,20.7,21.2,21.3,19.9,4.7,6.2,6.2,8,7.2,0,6.8,7.1,7.1,6.8,5.2,7.8
10/12/2024,0,0,0,0,0,0,0,0,0,0,0,0,81,61,73,66,77,,71,76,81,82,69,68,21.3,23.6,21.1,23.8,19.7,20.6,23.6,20.8,20.6,21.4,22.3,20.3,3.2,6.7,5.4,8.6,5.3,0,4.6,6.1,7.4,5.6,0.2,8.5
11/12/2024,0,0,0,0,0,0,0,0,0,0,0,0,79,57,74,62,79,,71,73,80,81,66,66,19.5,22,18.6,22.2,17.7,18.8,22,19.6,19.5,19.7,20.9,19.6,5.3,7.7,6.6,8.6,6.8,0,9.1,5.9,6.4,7.6,8.9,9.3
12/12/2024,0,0,0,0,0,0,0,0,0,0,0,0,92,75,91,72,90,,75,90,82,88,80,69,17,20.6,16.3,21.8,16.5,18.7,22.1,16.9,19.3,18.8,20.4,18.8,0,7.3,0,8.6,0,0,7.7,0.1,0.5,6.8,9.1,9.2
13-12-24,0,0,0,0,0,0,0,0,0,0,0,0,91,73,93,77,88,,78,90,82,89,79,76,17.8,20.5,16.7,21.3,17,17.9,20.6,17.6,18.8,19,20.1,18.2,3.2,7,0,6.8,3.4,0,0,2.3,0.8,5.3,8,9.6
14-12-24,0,0,0,0,0,0,0,0,0,0,0,0,87,79,85,77,83,,79,85,85,85,83,68,18.4,19.4,17.3,20.9,17.2,17.7,20.5,18,17.7,18.3,18.5,17.5,6.5,5.2,5.2,6.3,5.4,0,6.1,5.3,0.5,6.5,7,7
15-12-24,0,0,0,0,0,0,0,0,0,0,0,0,83,74,81,73,82,,74,80,82,82,75,66,18.6,20.1,17.3,20.9,16.8,18.1,21.4,18.2,18.5,19.1,19.2,19.3,6.1,7.3,7.9,7.8,7.4,0,8.7,7.4,0.5,9.7,9.2,9
16-12-24,0,0,0,0,0,0,0,0,0,0,0,0,82,74,74,71,77,,76,75,83,81,70,73,18.5,21.5,18.9,23.6,18.8,19.3,21.7,19.8,20.6,20.6,21.6,20.5,7.2,8.4,9.1,8.8,7.8,0,9.8,8.6,0.6,9.6,9.7,9.2
17-12-24,0,0,0,0,0,0,0,0,0,0,0,0,74,59,71,66,77,,73,75,77,81,64,74,21.4,25.2,21.2,25.7,20.8,21.1,24.2,21.1,23.3,22.2,24.2,22.4,4.4,5.5,6.2,7.6,2.5,0,8.9,3.4,0.7,4,5,4.2
18-12-24,0,0,0,0,0,0,0,0,0,0,0,0,74,60,73,65,75,,71,69,80,78,62,71,21,24.6,21,25.8,20.6,21.8,23.9,21.8,23.1,22.7,24.2,22.2,7.2,4.6,6.2,8.3,4.9,0,8.4,5.1,0.7,6.8,4.7,6.7
19-12-24,0,0,0,0,0,0,0,0,0,0,0,0,80,66,77,66,77,,73,71,79,80,69,68,19.9,24.2,19.3,25.4,18.6,20.9,24,20.6,22.3,22.2,23.5,21.2,4,7.6,4.9,5.7,5.8,0,4.4,6.8,0.9,7.7,8.5,8.9
20-12-24,0,0,0,0,0,0,0,0,0,0,0,0,81,65,76,66,76,,71,64,81,83,64,63,19.8,23.4,19.2,24.5,19.5,20.9,23.6,21.4,20.8,20.9,22.7,20.4,2,6.8,5,5.2,5.3,0,6.4,6,0.8,6,2.5,4.7
21-12-24,0,0,0,0,0,0,0,0,0,0,0,0,93,63,90,55,86,,58,85,85,91,67,67,18.7,21.7,18.4,23.2,18.2,19.9,22.7,19.5,19.3,19.1,20.9,18.7,0,0.1,0,0,0,0,9.7,0,0,0,0,0.7
22-12-24,1,0,0,0,0,2,0,0,0,1,1,0,82,56,76,57,75,,68,71,75,79,61,62,20,23.1,19.8,23.9,18.8,20.7,23,20.4,20,21.2,22.6,19.9,7.1,8,8.5,8.4,7.3,0,0,8.3,0.9,8.8,9,9.1
23-12-24,0,0,0,0,0,0,0,0,0,0,0,0,79,62,72,64,75,,73,70,78,83,65,64,19.9,22.7,19.2,23.4,19.3,20,22.6,19.7,20.3,20.6,21.2,19.7,6.7,8.3,8.4,8.9,8.2,0,7.8,8.4,0.8,8.2,9.9,7.5
24-12-24,0,0,0,0,0,0,0,0,0,0,0,0,80,67,72,60,72,,71,74,76,80,70,73,20.1,22,19.9,23.2,19.5,20.4,23,20.7,21,21.1,21.1,19.9,5.3,4.7,8.4,6.7,7.9,0,5.8,6.9,0.8,4.3,5.2,5.8
25-12-24,0,0,0,0,0,0,0,0,0,0,0,0,78,60,77,64,74,,70,69,79,83,63,71,20.2,22.9,19.8,23.2,19.7,20.6,23.4,21.4,20.5,20.6,22.2,20.5,2.5,0.5,1.5,0.2,1.7,0,0,1.4,0.1,0.1,6.8,1.6
26-12-24,0,0,0,0,0,0,0,0,0,0,0,0,76,57,64,63,71,,70,71,78,78,60,73,21.3,23.8,21.6,24,20.4,23.2,23.1,21.8,20.7,21.6,23.1,20.9,7.2,6.8,8.4,8.4,8.2,0,6.6,8.4,0.7,7.5,0.1,7.8
27-12-24,0,0,0,0,0,0,0,0,0,0,0,0,77,65,72,57,76,,69,74,78,78,59,73,20.8,21.7,20,23.7,18.3,23.4,23.4,20.6,20.2,20.4,21.6,20.6,7.4,7.9,8.9,8.8,8.4,0,2.5,8.9,0.6,8.6,9.5,9.2
28-12-24,0,0,0,0,0,0,0,0,0,0,0,0,82,69,74,66,79,,73,77,85,80,74,73,20.6,21.6,19.7,22.9,18.2,22.1,21.9,20.3,19.2,20.8,21,21.4,7.1,7.9,8,8.9,7.9,0,9.4,7.9,0.7,7.4,8.9,8.6
29-12-24,0,0,0,0,0,0,0,0,0,0,0,0,79,74,79,68,78,,72,76,84,83,76,70,20.7,21.7,20,22.9,19,22.7,22.7,20.4,19.7,20.7,21.4,20.1,7.2,5.7,4.1,8.6,6.6,0,8.7,7.1,0.3,7.1,4.4,8.3
30-12-24,0,0,0,0,0,0,0,0,0,0,0,0,79,68,77,66,78,,75,75,81,80,72,72,21.4,22.3,20.6,23.6,19.1,21.4,22.6,21.2,19.6,20.9,21.9,21,6,7.5,7,8.6,6.6,0,8.6,7.8,0,7.4,5.5,7.9
31-12-24,0,0,0,0,0,0,0,0,0,0,0,0,82,64,77,66,77,,71,74,81,85,69,70,19.6,21.7,19.2,22.1,18.7,20,22.1,19.4,19.1,19.8,20.6,19.1,7.2,6.9,5.4,8.5,5.9,0,7.5,7.2,6.9,6.8,6,7.9
