Date,Division,R1,R2,R3,R4,R5,R6,RH1,RH2,RH3,RH4,RH5,RH6,T1,T2,T3,T4,T5,T6,S1,S2,S3,S4,S5,S6
1/1/2022,Khulna,0,0,0,0,0,0,83,82,76,80,78,79,16.8,17.5,18.5,18.6,18.5,18,6.8,5.1,7.7,8.4,7.2,6.4
2/1/2022,Khulna,0,0,0,0,0,0,89,88,91,91,83,85,14.9,16.4,16.1,16.7,17.3,16.3,3,3.9,0.7,3.5,6,4.3
3/1/2022,Khulna,0,0,0,0,0,0,85,82,83,79,79,80,15.3,17,17.9,18.4,17.7,16.9,4.3,5.8,8.5,9,8.2,6.7
4/1/2022,Khulna,0,0,0,0,0,0,89,84,80,78,81,84,13.2,15.8,17.6,18.1,17,15.1,4.3,5.7,8.3,8.9,7.8,3.6
5/1/2022,Khulna,0,0,0,0,0,0,88,83,80,80,77,86,14,15.8,17.5,18.3,17.1,14.6,4.6,3.8,9,8.8,7.6,3.3
6/1/2022,Khulna,0,0,0,0,0,0,83,82,83,81,79,81,15.8,16.8,17.9,18.9,18.1,16.1,7.3,6.1,7,8.6,8.2,5.3
7/1/2022,Khulna,0,0,0,0,0,0,84,80,80,76,77,79,16.9,18.7,19.5,19.9,19.6,17.7,8,6.9,9,8.5,8.2,5.9
8/1/2022,Khulna,0,0,0,0,0,0,81,82,77,76,75,77,18,19.2,20.5,20.5,20.2,18.6,8.8,7,8.7,9,8.1,6.5
9/1/2022,Khulna,0,0,0,0,0,0,81,80,78,76,77,79,18.6,19.7,20.7,21.1,20.4,19,9.1,7.2,9.3,8.7,8.7,6.9
10/1/2022,Khulna,0,0,0,0,0,0,82,82,78,77,79,82,19.5,20.2,20.8,21.2,21.1,19.5,6.5,4.3,7.3,8,4.6,3.6
11/1/2022,Khulna,0,0,0,0,0,0,86,82,75,76,80,82,19.9,21.3,21.9,21.9,21.5,20.3,0.4,3.2,7.7,8.2,3.8,0.7
12/1/2022,Khulna,9,2,0,0,8,8,88,88,86,87,88,82,18.5,19,19.8,19.7,19.3,19.2,0.1,0,0,0,0,0
13-01-22,Khulna,3,0,0,0,0,0,91,86,84,83,82,86,17.1,19.4,20.6,20.7,20.6,18.3,3.8,4.5,5.2,4.2,4.8,3.9
14-01-22,Khulna,0,0,0,0,0,0,88,87,79,74,83,85,17.2,18.1,19.2,19.8,19.2,17.6,0,0,0.8,0,0,0
15-01-22,Khulna,0,0,0,0,0,0,85,82,79,80,77,78,16.4,17.9,18.7,18.8,18.7,17.9,2.8,4.5,4.7,1.1,3.2,3.3
16-01-22,Khulna,0,1,0,0,0,0,77,79,70,70,71,76,15.2,16.5,17.6,17.8,17.5,16.3,8.8,7.2,9.2,9.2,8.7,7.2
17-01-22,Khulna,0,0,0,0,0,0,83,81,78,74,73,77,15.6,16.9,17.7,18,17.6,16.7,9.1,6.8,9,8.6,8.7,7
18-01-22,Khulna,0,0,0,0,0,0,83,82,75,79,78,77,15.6,17,18.1,18.1,17.4,17.3,6.9,6.3,8.9,7.7,7.9,5.8
19-01-22,Khulna,0,0,0,0,0,0,84,85,82,80,79,80,15.3,16.4,17.5,18.2,17.3,16.2,7.1,6.6,8.7,8.1,8.1,5.6
20-01-22,Khulna,0,0,0,0,0,0,82,82,78,81,79,78,14.5,15.7,17.4,17.9,17.2,15.9,8.3,6.5,8.3,7.4,6.8,5.7
21-01-22,Khulna,0,0,0,0,0,0,85,82,75,81,79,78,16.2,17.4,19.2,19.9,18.8,16.4,6.2,1.8,7.7,4.4,5.3,2.4
22-01-22,Khulna,0,0,0,0,0,0,84,90,88,95,91,83,17,17.9,18.3,18.8,18.9,17.4,0,0,0,0,0.4,0
23-01-22,Khulna,0,0,0,0,2,0,95,92,86,82,85,93,16.5,17.9,19.4,19.9,19.1,16.8,0,0,1.2,2,0.2,0
24-01-22,Khulna,3,4,4,6,5,8,86,87,87,90,88,86,18.1,18.9,18.6,18.6,18.5,17.3,10.7,0.3,0,0,0,3.7
25-01-22,Khulna,0,0,0,0,0,0,84,85,82,84,80,80,19.1,20.4,21.1,20.9,21.1,19.3,5.1,3.7,6.9,5.9,6.7,2.8
26-01-22,Khulna,0,0,0,0,0,0,87,84,79,81,79,87,17.7,19.9,21.3,22,20.9,17.7,1.3,1.4,3.5,3.4,3.8,0
27-01-22,Khulna,2,0,4,0,0,2,78,75,70,71,71,72,15.4,17.4,18.5,18.7,18.2,16.2,9.4,5.9,8.4,7.4,7.6,6.2
28-01-22,Khulna,0,0,0,0,0,0,77,77,68,61,68,75,13.6,14.4,16.3,17.5,16.2,14.1,9.2,6.5,8.8,8.7,8,6.4
29-01-22,Khulna,0,0,0,0,0,0,81,78,74,72,76,79,13.3,14.4,15.6,16,15.5,14.1,8,6.8,8.6,8.4,7.9,6.3
30-01-22,Khulna,0,0,0,0,0,0,77,78,75,76,73,76,14.7,15.8,16.6,16.8,16.4,15,8.6,6.9,8.8,8.2,8.6,6.3
31-01-22,Khulna,0,0,0,0,0,0,75,75,69,71,74,71,16.8,16.7,19.1,19.6,18.7,16.9,8.8,5.9,8.8,8.9,8.7,6.4
1/2/2022,Khulna,0,0,0,0,0,0,82,78,77,76,75,78,17.5,18.6,20.7,21.1,20.2,17.8,8.1,7.1,8.8,8.8,7.2,4.6
2/2/2022,Khulna,0,0,0,0,0,0,76,73,72,82,81,72,17.9,19.9,21.9,21.6,20.6,18.9,7.4,7.6,9.1,6.6,7.7,6.3
3/2/2022,Khulna,0,0,0,0,0,0,87,85,83,82,83,81,20.1,20.8,22.6,22.7,22.5,20,2.4,3.4,6.3,5.7,4.8,1.4
4/2/2022,Khulna,2,0,1,0,0,0,95,92,93,94,91,93,16.4,17.5,18.2,18.5,18.1,16.5,0,0.6,1.6,0.2,1.2,0
5/2/2022,Khulna,23,10,69,28,42,25,77,78,74,81,74,76,15.9,17.2,18.5,18.4,17.9,16.5,7,7.3,8.5,7.7,7.9,4.9
6/2/2022,Khulna,0,0,0,0,0,0,79,79,73,74,75,76,15.2,16.2,17.3,17.8,17.2,15.7,9.6,7.6,9.6,9.6,9.6,7.3
7/2/2022,Khulna,0,0,0,0,0,0,81,83,76,77,76,75,15.5,16.9,17.7,18.2,18,16,8.5,7.5,9.1,8.8,8.9,7
8/2/2022,Khulna,0,0,0,0,0,0,79,79,75,75,78,78,16.9,18.3,19.3,19.5,19.1,17.1,8.9,7.1,9.1,9.5,8.1,6
9/2/2022,Khulna,0,0,0,0,0,0,82,82,79,80,82,76,18.5,19.8,20.9,21.2,20.6,18.7,6.9,5.4,8.1,8.3,3.5,6.5
10/2/2022,Khulna,1,0,0,0,0,1,95,91,89,80,87,93,17.5,19,19.5,20.5,19.8,17.2,0,0,0,3.5,0.1,0
11/2/2022,Khulna,3,0,0,0,0,0,82,90,83,81,84,82,17.3,18.5,19.6,19.9,19.1,17.6,7.4,2.8,1.8,4.3,2.5,3.9
12/2/2022,Khulna,0,0,0,0,0,0,76,75,68,64,69,70,16,17.4,18.6,19.1,18.1,16.8,9.5,8.1,9.5,9.4,9.5,7.6
13-02-22,Khulna,0,0,0,0,0,0,76,73,66,65,66,70,16.4,18.1,19.4,19.5,19,17.6,9.9,8.2,9.1,10.2,10,7.9
14-02-22,Khulna,0,0,0,0,0,0,75,74,69,68,64,70,16.8,18.7,19.2,19.5,19.1,18.4,9.5,8,10.1,10.3,10.1,7.3
15-02-22,Khulna,0,0,0,0,0,0,76,71,67,68,68,67,16.5,17.9,19.9,19.9,18.7,18.6,9.9,8.3,10,10.1,9.9,8.5
16-02-22,Khulna,0,0,0,0,0,0,78,75,68,68,66,68,16.4,18.1,19.8,19.6,19,17.9,9.3,8.1,9.8,9.8,9.6,7.6
17-02-22,Khulna,0,0,0,0,0,0,78,76,71,72,72,71,18,19.1,20.3,20.5,20.1,18.6,9.7,7.9,9.8,9.5,8.9,7
18-02-22,Khulna,0,0,0,0,0,0,72,71,67,68,67,68,18.1,20,20.3,20.6,20.5,18.9,9.9,8.5,9.7,9.8,9.2,7.6
19-02-22,Khulna,0,0,0,0,0,0,70,72,61,63,64,65,18.5,19.4,20.8,21.2,20.3,19.2,9.7,8.2,9.6,9.5,9.6,7.5
20-02-22,Khulna,0,0,0,0,0,0,84,88,74,80,83,77,18.6,19,21.3,21.1,20.7,19.1,3.2,7.8,5.7,4.2,1.1,3.4
21-02-22,Khulna,12,7,2,0,2,4,80,81,67,72,74,77,18.6,19.5,21.8,22.7,21.2,19.2,8.4,2.3,9.2,9.2,6.7,4.8
22-02-22,Khulna,0,0,0,0,0,0,75,79,75,79,77,67,20.2,22.4,23,23.2,23.1,21.1,5.4,7.1,7,7.8,7.9,5.7
23-02-22,Khulna,0,6,0,0,0,0,79,84,81,81,81,74,20.5,22.9,23.3,23.3,23.1,21,9.4,5.8,5.7,7.6,4.7,7.2
24-02-22,Khulna,0,0,0,0,0,0,79,80,74,78,72,71,21.4,23.1,24.1,23.4,24,22.5,8.1,3.5,7.8,7.2,7.9,7
25-02-22,Khulna,18,2,0,0,0,8,79,78,73,74,78,72,21.8,23.5,24.1,23.6,23,22.3,7.3,7.2,7.9,5.8,3.6,6.4
26-02-22,Khulna,0,0,0,0,0,0,80,77,68,73,73,76,21.9,23.5,25.4,24.7,24.4,22.4,9.2,8.3,9.2,9.3,8.8,7.7
27-02-22,Khulna,0,0,0,0,0,0,82,83,76,71,78,74,21.1,22.8,23.3,24.4,23,22.1,5.4,6.9,8.7,8.6,7.9,5.4
28-02-22,Khulna,18,13,3,1,23,0,82,81,78,77,79,77,21.6,23.5,24.4,25.1,24.5,22.4,8.8,7.3,9.6,8.9,7.9,5.7
1/3/2022,Khulna,0,0,0,0,0,0,76,70,67,69,72,69,21.6,23.5,24.6,24.7,24.1,22.4,9.2,7.3,8.5,9,9,7.3
2/3/2022,Khulna,0,0,0,0,0,0,76,73,64,65,68,68,21.6,23.7,24.5,24.3,24,22.5,9.4,6.8,9.6,9.1,9.1,6.9
3/3/2022,Khulna,0,0,0,0,0,0,75,75,71,69,73,68,21.9,23.1,24.2,24.7,24,22.4,9.5,8.9,9.4,9.8,9,7.6
4/3/2022,Khulna,0,0,0,0,0,0,72,71,65,67,69,64,22.3,23.7,24.8,24.7,24.4,23.2,9.6,8.1,9.5,9.8,9,7.6
5/3/2022,Khulna,0,0,0,0,0,0,70,73,69,70,71,65,22.9,24.7,25.3,25.6,25.5,24,9.7,8.8,8.3,9,8.2,7.4
6/3/2022,Khulna,0,0,0,0,0,0,72,69,62,65,63,64,22.4,24.1,25.1,25.5,24.9,23.4,9.2,9.2,9.9,9.5,9.3,7.6
7/3/2022,Khulna,0,0,0,0,0,0,74,74,68,67,65,67,22.9,24.4,25.1,25.1,24.9,24,9.8,8.3,9.4,9.7,9.3,8
8/3/2022,Khulna,0,0,0,0,0,0,74,72,68,69,66,69,23.3,25.1,25.3,25.4,24.9,24.5,9.2,8.4,9.9,9.7,9.4,8.2
9/3/2022,Khulna,0,0,0,0,0,0,71,71,70,67,64,67,22.6,24.2,25.2,25.6,24.9,24.3,9.6,8.5,9.9,9.9,10,8.6
10/3/2022,Khulna,0,0,0,0,0,0,70,70,66,64,67,66,22.7,24.6,25.3,25.8,24.6,24.5,9.6,8.3,9.7,10,9.3,7.8
11/3/2022,Khulna,0,0,0,0,0,0,71,69,65,65,67,65,23.3,24.6,25.6,26.1,25,24.3,9.7,8.4,9.4,10,9.8,8.6
12/3/2022,Khulna,0,0,0,0,0,0,68,68,67,66,64,66,23.6,26.3,25.9,25.9,24.9,25.1,9.5,8.4,9.6,8.9,9.5,8.6
13-03-22,Khulna,0,0,0,0,0,0,72,68,67,62,64,63,23.4,24.8,25.9,26.5,25.3,24.8,9.5,8.2,9.8,9.6,9.8,8.5
14-03-22,Khulna,0,0,0,0,0,0,70,69,65,62,63,68,24.3,25.4,26.5,26.3,25.7,25.8,9.7,8.8,9.9,10.1,10.1,8.4
15-03-22,Khulna,0,0,0,0,0,0,68,70,68,63,59,66,25,26.4,27.2,27.2,27.6,26.6,9.7,8.4,9.8,9.8,9.5,8.5
16-03-22,Khulna,0,0,0,0,0,0,67,69,58,64,58,59,26.4,26.7,28.8,27.9,28.4,28,9,8.3,10,9.2,9.5,8.5
17-03-22,Khulna,0,0,0,0,0,0,65,66,66,67,63,63,26.6,28.3,28.3,28,27.8,27.5,9.6,8.4,9.5,9.7,9.4,8.4
18-03-22,Khulna,0,0,0,0,0,0,68,67,62,63,55,61,26.7,27.4,28.1,27.7,28.2,27.3,9.9,9.5,9.5,9.7,9.5,8.5
19-03-22,Khulna,0,0,0,0,0,0,63,61,59,63,59,56,26.9,27.1,28.1,28.1,28,27.9,9.7,8.7,9.8,9.9,9.9,8.5
20-03-22,Khulna,0,0,0,0,0,0,62,65,66,74,68,55,27.4,27.2,28.3,27.7,28.2,27.8,9.4,8,9.4,9.7,9.2,8.4
21-03-22,Khulna,0,0,0,0,0,0,77,76,76,81,77,70,27.9,27.1,28.1,27.6,28.3,28.2,7.2,7.8,8.2,8.9,8.1,6.6
22-03-22,Khulna,0,0,0,0,0,0,76,76,73,79,77,69,28.2,28.1,28.9,28.3,28.5,28.6,7.6,7.4,8.1,8.8,8,7.2
23-03-22,Khulna,0,0,0,0,0,0,73,75,72,77,74,65,28.2,28.8,29.5,28.6,29.1,29.5,6,6.3,7.7,8.3,7.3,7.2
24-03-22,Khulna,0,0,0,0,0,0,75,76,74,80,75,71,28.9,28.9,29,28.4,29,28.8,8.4,6.9,8.3,8.5,8.4,6.6
25-03-22,Khulna,0,0,0,0,0,0,78,79,77,80,76,74,28.8,28.5,28.8,28.7,29.1,28.8,7.7,2.9,3.9,5.4,5.2,6.1
26-03-22,Khulna,0,0,0,0,0,0,80,84,81,84,82,67,29,28.7,28.9,28.9,28.9,29.3,6.4,2.1,0.1,0.4,0.9,6.4
27-03-22,Khulna,0,0,0,0,0,0,75,79,76,83,78,71,29.5,29.5,30,29.4,29.6,29.1,7.4,6.4,2.9,5.4,5.6,5.6
28-03-22,Khulna,0,0,0,0,0,0,73,76,74,81,75,66,29.5,30,30.1,29.5,29.9,29.3,8.7,7.3,8.5,8.3,7.4,6.4
29-03-22,Khulna,0,0,0,0,0,0,76,76,75,81,78,71,28.9,29,29.9,29.4,29.1,28.9,5.4,0.8,8,8.2,6.5,4.6
30-03-22,Khulna,0,0,0,0,0,0,80,77,74,81,75,74,28.3,29.2,29.6,29.3,29.6,29.2,3.9,7.8,8.5,8.4,8.2,6.2
31-03-22,Khulna,0,0,0,0,0,0,77,77,76,79,75,72,29.2,29.3,29.5,29.5,29.5,29.3,7.8,7.5,8.9,9.1,8,7.1
1/4/2022,Khulna,0,0,0,0,0,0,77,79,76,80,75,73,29.8,29.5,29.5,29.4,29.6,29.9,9.1,7.3,7.9,8.1,5.4,6.8
2/4/2022,Khulna,0,0,0,0,0,0,80,80,77,79,77,76,28.4,29.1,29.3,29.1,29.3,28.7,0.8,3.8,1.6,2.9,4.2,1.3
3/4/2022,Khulna,0,0,0,0,0,0,77,80,75,77,76,75,29.4,29.3,29.6,29.5,29.5,29.5,4.8,8,6.5,5.2,6,4.1
4/4/2022,Khulna,0,0,0,0,0,0,74,76,74,78,74,75,29.5,29.4,29.2,29.1,29.4,29.4,8.8,3.3,7.7,3.6,7.5,6.5
5/4/2022,Khulna,0,0,0,0,0,0,76,75,71,74,73,73,28.7,29.2,29.3,29.4,28.9,29.2,8.6,6.5,9.2,9.2,8.2,6.6
6/4/2022,Khulna,0,0,0,0,0,0,77,78,76,79,74,74,28.6,28.6,29,29.1,29.1,29.2,5.4,6.3,5.9,5.7,5.3,6.2
7/4/2022,Khulna,0,0,0,0,0,0,79,75,71,78,74,74,28.8,29.4,30,29.3,29.4,29.5,7.2,7.4,7,8.8,8.7,5.9
8/4/2022,Khulna,0,0,0,0,0,0,75,75,71,79,74,71,28.7,29.1,29.5,29.3,29.3,29.2,9.1,7.3,9.3,9.4,8.4,7.2
9/4/2022,Khulna,0,0,0,0,0,0,76,78,74,78,74,75,29.4,29.4,29.9,29.7,30.2,29.4,8.6,7.3,8.8,9.5,9.1,6.2
10/4/2022,Khulna,0,0,0,0,0,0,78,78,77,77,76,77,29.5,29.8,29.7,29.7,29.9,29.1,4.8,6,7.1,8.5,8,3.5
11/4/2022,Khulna,0,0,0,0,0,0,78,78,73,78,77,78,29.8,30.2,30.4,29.9,30.2,29.9,6.7,6.9,5.7,7.4,7.7,2.9
12/4/2022,Khulna,0,0,0,0,0,0,78,80,76,80,78,76,29.4,29.8,29.8,29.5,29.6,29.7,4.5,6,6,6.3,4.1,4.1
13-04-22,Khulna,0,0,0,0,0,0,78,80,74,76,76,76,29.6,29.8,30.4,30.1,29.9,30,5.8,8.3,8.2,8.3,6.1,5.4
14-04-22,Khulna,0,0,0,0,0,0,79,77,78,79,78,75,29.3,30,30.5,30.5,30.5,29.2,6.3,6.8,2.7,5.9,6.3,5.1
15-04-22,Khulna,10,0,0,0,0,0,75,76,75,79,76,70,31,31.1,31.1,30.6,30.9,31.5,9,0,8.6,7.6,9,7.9
16-04-22,Khulna,0,0,0,0,0,0,81,78,77,78,78,76,29.8,30.2,30.6,30.2,30.5,30.3,6.6,0,7,6.3,7.6,4.9
17-04-22,Khulna,0,0,0,0,0,0,79,76,74,78,73,77,29.6,30.2,30.6,30.2,30.3,30,7.4,0,8.1,9.4,8.8,5.4
18-04-22,Khulna,0,0,0,0,0,0,79,78,76,80,75,74,29.8,30.3,30.5,30.1,30.4,30.3,7.5,7.1,6.8,7.1,7.6,5.1
19-04-22,Khulna,0,0,0,0,0,0,77,76,74,77,75,73,29.8,30.4,30.7,30.4,30.4,30.5,8.3,0,9.9,10.3,9.8,6.7
20-04-22,Khulna,0,0,0,0,0,0,75,74,78,77,77,79,25.7,27.5,27.2,28.2,27.8,24.5,5.4,0,5,5.1,6.5,0.5
21-04-22,Khulna,0,0,0,0,0,9,74,76,74,76,75,78,28.3,29.3,30,29.7,29.6,27.2,1.8,3.4,8.5,8,7,2.6
22-04-22,Khulna,0,0,0,0,0,0,80,84,81,82,79,84,27.5,28.2,28.3,28.5,28.8,26.8,3.6,0,1.9,4.4,3.2,2.6
23-04-22,Khulna,0,19,7,1,1,20,69,73,73,75,71,75,30.7,30.9,31.1,31.5,31.6,30,9.6,0,9.3,9.6,8.8,8.1
24-04-22,Khulna,0,0,0,0,0,0,65,71,73,76,71,68,32.3,32,31.6,31.9,32.3,31.5,9.7,8.7,9.9,10.5,10.1,8.4
25-04-22,Khulna,0,0,0,0,0,0,70,73,73,77,69,69,32.2,32.2,32.2,32,32.5,32,9.6,8.8,10,10.2,10,6.9
26-04-22,Khulna,0,0,0,0,0,0,75,75,73,79,72,75,31.4,32,31.7,31.2,31.7,31.2,8.5,8.6,9.6,9,9.6,5.5
27-04-22,Khulna,0,0,0,0,0,0,73,75,73,78,74,74,31.2,31.6,31.6,31,31.3,31.3,8.6,8.1,9.7,9,9,6.7
28-04-22,Khulna,0,0,0,0,0,0,77,76,73,78,73,75,31.1,31.9,31.9,31.2,31.6,31.2,7.8,8.4,9.1,8.2,9.8,3.5
29-04-22,Khulna,0,0,0,0,0,0,72,72,75,76,71,65,29.8,30.7,29.7,30.5,30,31.6,8.4,8.9,9.9,7.9,9.1,7.3
30-04-22,Khulna,5,0,5,0,1,0,68,73,70,76,63,67,28.5,28.7,29.4,29.5,29.9,28.6,5.1,4.2,8.1,4.1,5.7,5.7
1/5/2022,Khulna,0,7,1,1,3,0,70,73,63,67,68,70,28.4,28.9,29.9,30.5,29.2,29.6,6.1,8.5,9.7,10,9.3,5.1
2/5/2022,Khulna,5,0,6,0,3,1,69,73,71,69,71,73,28.8,29,29.8,30,29.6,28.1,8.4,7.8,8.5,9.8,9.4,5.4
3/5/2022,Khulna,0,0,0,0,0,0,92,93,90,87,88,91,22.9,24.1,25.7,26.3,25.4,23.5,0,0,0.2,1.8,0.1,0.2
4/5/2022,Khulna,40,39,22,24,24,69,78,76,73,77,78,83,27.8,28.4,28.9,29.1,28.7,26.6,9.1,7.2,8.4,8.8,8.1,3.1
5/5/2022,Khulna,0,0,1,0,0,1,81,78,77,81,78,81,27.6,28.4,29.1,28.5,28.4,28.1,7.8,8.2,8.1,6.6,4.4,7
6/5/2022,Khulna,7,6,4,8,0,12,78,72,68,76,68,79,28.1,30,30.5,29.8,30,27.1,9.3,7.8,10.4,9.1,10,6.8
7/5/2022,Khulna,0,0,0,0,0,0,73,74,70,77,72,79,29.2,30.4,30.9,30.2,31.1,28.5,9.8,8.3,6.6,9.7,8.2,6.6
8/5/2022,Khulna,0,0,0,0,0,0,75,63,63,73,70,77,29.4,31.3,31.7,31.1,30.9,29.5,5.4,8.5,11,10.9,10,6.9
9/5/2022,Khulna,0,0,0,0,0,0,86,90,90,93,88,85,27.1,26.7,27.1,26.9,27.3,27.2,3.1,0.2,0,0,0.3,1.8
10/5/2022,Khulna,5,24,17,13,12,0,90,88,81,85,87,93,26.8,27.6,29.3,29.1,28.3,25.7,3.6,3.3,4.6,2.1,3.6,0
11/5/2022,Khulna,48,19,0,2,10,22,91,90,80,82,83,89,26.5,27.3,28.9,28.8,28.7,26.7,1.2,1.6,3.8,2.5,1.9,2
12/5/2022,Khulna,24,25,3,2,2,47,86,80,78,78,84,81,28.6,30,30.6,30.7,29.1,29.1,6.2,3.8,5.4,4.1,5.1,5.2
13-05-22,Khulna,7,0,3,0,17,8,84,76,74,80,77,81,28.3,30.8,31,30.5,31.1,28.6,2,2.2,4.8,1.9,5.7,0.5
14-05-22,Khulna,15,0,0,0,2,6,77,74,74,77,77,76,29.9,31.2,31.1,30.4,30.6,29.9,5.2,6.6,9.8,7.2,8.9,5.7
15-05-22,Khulna,0,0,0,19,35,0,75,73,75,80,73,76,30,31,31.3,31,31,30.2,7.9,6.3,6.5,7.6,8.3,7.8
16-05-22,Khulna,0,0,0,0,0,0,77,73,73,79,73,73,30.5,31.7,31.7,31.3,31.5,30.9,8.3,8.2,7.4,7.8,9.2,7.3
17-05-22,Khulna,0,0,0,0,0,0,74,76,72,77,72,75,30.9,31.3,32.1,31.8,31.8,30.7,4.3,5.3,9.6,10.7,8.5,2.5
18-05-22,Khulna,0,0,0,0,0,0,75,74,72,78,72,72,30.9,31.8,32.2,32.2,31.9,31.5,8.3,8.1,8.1,9.7,9.6,7
19-05-22,Khulna,0,0,0,0,0,0,80,76,74,79,77,75,30.7,31.5,31.9,31.8,31.3,31.3,9.6,3,4.8,7.6,3.4,7.7
20-05-22,Khulna,0,0,0,0,0,0,77,75,76,83,72,80,30.9,31.7,31.7,30.8,31.8,28.2,9,6.5,8.3,6.8,8,5.2
21-05-22,Khulna,7,0,0,0,0,36,73,75,74,82,72,80,27.4,28.8,27.6,28.5,29.2,26,6.9,5.8,5.9,5.4,4.8,4.4
22-05-22,Khulna,0,11,13,29,0,0,78,76,74,80,77,78,28,29,30.1,29.4,28.7,28.3,2.4,1,4.8,3.5,2.4,2.8
23-05-22,Khulna,0,0,0,0,0,0,73,72,71,78,71,74,30.2,30.3,30.7,30,30.5,29.9,10.3,7.3,10.2,9.5,9.9,9
24-05-22,Khulna,0,0,0,0,0,6,73,70,65,73,69,76,30.3,31.4,31.7,31,31,30,8.9,7.2,10.9,11,10.3,8.2
25-05-22,Khulna,0,0,0,0,2,0,82,79,71,79,73,81,27.1,29.3,31.1,30,30,28.3,5.4,4.7,8.6,6.6,9.8,2.9
26-05-22,Khulna,3,4,12,6,7,2,75,80,76,78,75,77,28.9,29.3,29.2,30.4,29.9,29.4,9.5,5.2,10.1,8.1,9.4,7.7
27-05-22,Khulna,0,0,53,6,0,0,76,75,76,82,72,75,29.6,30,29.6,28.8,30.4,29.2,6,3.3,7.4,5.2,6.6,6.6
28-05-22,Khulna,0,0,0,1,0,0,79,83,73,81,69,84,28.4,28.2,29.9,29.4,31.4,27.1,7.8,4.5,8.1,6.5,9.3,6.2
29-05-22,Khulna,14,22,13,4,0,24,84,87,88,91,86,82,27.7,27,26.7,27.4,27.4,28.3,0.5,0,0,0,0,1.4
30-05-22,Khulna,0,21,38,5,53,0,86,82,79,86,78,82,27.5,29.2,30.2,29.2,30.3,28.6,1.5,5.9,2.5,3,4.9,2.7
31-05-22,Khulna,2,4,0,0,0,7,85,88,76,88,80,85,28.2,28,30.4,29.3,30.1,28.2,2.9,0,6.5,5.1,3.9,3.8
1/6/2022,Khulna,6,9,0,1,0,7,85,89,83,94,87,84,28.7,28.6,29.1,27.5,29.1,28.6,2.1,0.1,0.5,0,0.1,4.2
2/6/2022,Khulna,0,7,0,0,0,0,86,82,85,91,82,84,28.3,30.2,29.2,28.9,30,28.1,2.9,1,0.9,0,0,3.1
3/6/2022,Khulna,0,0,0,7,0,37,78,78,84,92,81,78,30.7,31.2,30,29.1,30.3,30.1,7,1.1,0.5,0,0,4.8
4/6/2022,Khulna,0,0,0,6,0,0,78,76,75,83,77,86,31,32,31.7,31.2,31.5,29.3,2.7,5.4,6.6,2.2,5.5,2.2
5/6/2022,Khulna,0,2,0,0,5,0,78,77,73,82,74,79,31,31.7,31.8,31.3,31.8,30.8,3.4,5,4.2,7.5,7.8,3.8
6/6/2022,Khulna,0,0,0,0,0,0,78,78,76,82,74,82,31.1,31.5,31.5,31.3,31.8,30.2,4.4,8.1,6.8,6.5,7.6,0.5
7/6/2022,Khulna,0,0,0,0,0,0,76,74,73,80,73,81,31.2,32.3,32.3,31.4,32.1,30.9,1.6,3.7,5.7,7.4,8,2
8/6/2022,Khulna,0,0,0,0,0,0,76,77,76,82,74,78,30.9,31.8,32,31.6,32.2,30.6,4.2,3.4,0.8,2.2,2.7,6
9/6/2022,Khulna,0,0,0,0,0,0,83,81,80,85,74,88,27.8,29,29.2,30.1,31.3,26,0,0,0.6,0.8,0.8,0
10/6/2022,Khulna,5,7,2,0,0,22,74,71,70,77,71,77,30.2,31.5,31.2,30.4,30.7,29.8,7.7,5.8,3.3,0.5,2.8,8.5
11/6/2022,Khulna,0,0,0,0,0,0,78,76,77,80,79,79,30.3,31.5,31.3,31.3,31.1,30.3,5.1,3.1,6.3,3.7,1.4,6.6
12/6/2022,Khulna,0,0,0,0,0,0,76,76,76,81,77,80,31.6,31.7,31.7,31.4,31.9,30.7,5.3,6.1,6.9,4.6,6.4,6.7
13-06-22,Khulna,0,0,0,0,0,0,75,76,74,79,73,80,31.4,32.4,32.4,31.9,32.4,30.1,6.2,6,8.3,6.2,8.6,5.8
14-06-22,Khulna,0,0,0,0,0,0,73,74,75,81,73,78,31.8,31.9,31,31.2,31.3,30.9,4.7,2.7,1.3,0.6,3.4,2.9
15-06-22,Khulna,0,0,1,0,0,0,77,77,80,78,79,77,30,30.8,30.7,31.5,30.9,29.9,2.1,1.5,0.7,0,0,2.8
16-06-22,Khulna,0,0,17,0,0,0,73,77,78,79,79,74,31.3,31,30.8,31.1,30.7,30.9,5.7,0,1.9,0,0.7,2.1
17-06-22,Khulna,0,0,1,0,8,0,86,84,79,84,77,87,28.1,28.3,29.8,29.9,29.9,27.6,0,1,0,0,0.4,0
18-06-22,Khulna,76,13,13,14,4,64,87,88,86,93,88,89,27.6,28.4,28.6,27.9,28.1,27.6,3.8,1.2,0.3,0.3,0.6,1.8
19-06-22,Khulna,0,4,7,23,21,14,81,83,84,84,85,78,28.5,29,28.9,30.1,28.7,29,3.2,1.1,0.9,1.7,0.4,4.8
20-06-22,Khulna,3,2,8,1,4,2,84,84,89,91,85,83,28.3,28.6,27.7,27.8,28.5,28.1,0.7,1,1.6,1,0.5,2.5
21-06-22,Khulna,6,0,6,10,1,0,87,78,85,86,82,87,27.3,30.3,28.8,29.2,29.5,28,0.7,3.2,0.3,0,4.1,1.9
22-06-22,Khulna,2,0,0,0,0,14,88,87,85,90,86,87,28.5,29.1,28.9,28.2,28.9,27.6,2.6,0.5,2.5,1,2.3,3.2
23-06-22,Khulna,0,22,1,0,10,1,85,77,80,81,80,81,29,29.8,29.6,29.6,29.8,28.7,5.3,4.4,9,7.4,9.6,3.9
24-06-22,Khulna,0,0,4,0,2,0,79,78,80,87,84,82,29.5,29.9,30,28.9,29,28.7,7.8,4.9,10.1,5.2,3.5,5
25-06-22,Khulna,0,0,0,4,12,4,82,82,80,88,82,85,29,29.1,29.8,28.6,29.4,28.5,6.4,0,5.7,3.7,3.5,4.8
26-06-22,Khulna,5,0,2,1,5,2,78,80,77,84,76,82,29.7,29.8,30.4,29.4,30.4,28.7,9.3,5.5,8.8,7.7,6.9,8
27-06-22,Khulna,0,1,0,12,0,5,76,78,79,88,76,76,30.4,30.4,30.3,28.8,30.5,30.3,9.5,7.9,7.7,6.4,7.9,10
28-06-22,Khulna,1,0,7,131,5,0,80,78,82,83,78,81,30,30.4,29.6,30,30.5,29.3,1.4,3.9,4.4,3.5,7.2,3.7
29-06-22,Khulna,0,0,7,2,2,0,81,82,80,80,81,85,29.3,29.9,30.2,30.4,30.1,28.4,4.3,2.7,4.2,5.3,6.2,4.3
30-06-22,Khulna,0,5,0,0,3,0,93,88,90,90,89,91,27.4,28.6,28.7,29.3,29.1,27.9,0.3,0.9,0.5,1.6,0,0.2
1/7/2022,Khulna,34,1,34,10,8,2,86,87,84,88,91,85,29.2,28.9,29.5,28.5,28.5,28.8,4.1,0.3,5.4,2.2,0,4.4
2/7/2022,Khulna,2,7,0,0,27,0,82,78,80,84,86,78,29.7,30.2,29.7,29.5,29,29.9,7.4,5.3,4.4,3.1,2.1,8.3
3/7/2022,Khulna,0,0,11,30,3,0,86,84,91,94,91,83,28.3,26.3,28.2,28.2,28.1,28.8,5.6,2.7,1.3,2,0.3,5.2
4/7/2022,Khulna,3,15,6,18,14,2,80,78,79,83,82,81,30,30.9,30.7,30.5,30.3,29.5,7.5,5.8,8.3,10.6,8.8,5.7
5/7/2022,Khulna,0,0,0,0,9,5,81,79,77,83,79,77,29.8,30.5,30.6,30.3,30.6,30.3,5.2,4.8,6.2,5.8,8.9,9.4
6/7/2022,Khulna,0,1,0,0,0,0,85,86,84,91,83,86,28.9,28.9,29.3,28.6,29.8,28.3,5.1,0.4,2.7,1.1,2.6,3.5
7/7/2022,Khulna,3,10,1,1,1,11,79,75,77,81,82,80,30.1,31.1,30.6,30.4,30.1,29.6,7.5,7.4,6.5,8.6,6.5,8.6
8/7/2022,Khulna,0,0,3,0,2,1,78,82,79,86,78,77,30.4,30.4,30.2,29.5,30.4,30.2,10.5,6,8.8,3.4,9.2,9.8
9/7/2022,Khulna,0,6,0,8,0,0,77,74,79,80,82,78,30.1,30.8,30.2,30.4,29.7,29.5,9.6,9.4,9.8,11.7,7,10.3
10/7/2022,Khulna,0,0,10,0,6,1,80,80,84,85,86,83,29.6,30.3,29.4,29.6,29.2,29.4,9.8,9.4,9,7.9,6.9,8.4
11/7/2022,Khulna,1,1,4,13,11,4,80,79,78,85,81,82,29.6,30.1,30.1,29.6,29.6,29,6.9,7.2,9.9,10.2,6.2,6
12/7/2022,Khulna,2,0,0,0,2,0,76,78,78,81,79,75,30.1,30.4,30.3,30.1,30.2,30.2,10.6,8.6,10.9,10.3,10.4,8.9
13-07-22,Khulna,0,0,2,2,2,0,71,77,74,85,79,71,31.1,30.4,30.6,29.6,30.2,31,11.5,8.9,11.7,8.2,8.5,10.7
14-07-22,Khulna,0,0,0,4,0,0,70,72,74,78,77,71,31.2,31.1,30.9,30.5,30.6,30.8,11.7,9.8,10.4,11.3,10.9,10.8
15-07-22,Khulna,0,0,0,0,1,1,71,74,76,87,79,80,31.2,30.7,30.6,29.1,30.5,29.8,11.7,10.4,10.6,7.9,8.3,9.1
16-07-22,Khulna,0,0,3,3,2,6,74,77,78,87,82,76,30.9,30.6,30.5,29.4,29.9,30.4,9.5,2.3,10.1,8,6.8,9.3
17-07-22,Khulna,0,0,2,2,2,0,78,80,76,85,81,78,30,30.3,30.5,29.8,30,29.8,10.3,6.1,10.5,8.2,8.6,9
18-07-22,Khulna,0,0,0,5,12,4,75,79,76,77,80,77,30.4,30.5,30.7,31,30.4,30.1,10.8,5.8,5.7,10.6,10.1,6.6
19-07-22,Khulna,0,2,2,0,0,0,82,82,81,85,78,83,29.7,30.1,30,30,30.6,29.1,5.1,2.6,6.8,5.1,6.2,2.5
20-07-22,Khulna,2,5,3,1,0,3,79,80,81,82,78,86,30.3,30.4,30.1,30.7,30.7,28.7,7.1,3.9,2.3,4.2,4.9,4.6
21-07-22,Khulna,0,0,10,0,0,6,86,80,79,86,85,82,29.8,30.6,30.7,29.8,30,29.5,5.9,3.9,8,3.9,5.8,5.6
22-07-22,Khulna,34,3,1,0,35,0,89,80,78,83,83,85,28.6,30.3,30.7,30.2,30.1,28.7,4.8,3.6,7.6,4.5,6.5,3.8
23-07-22,Khulna,6,1,0,0,4,4,88,84,81,90,86,80,28.3,29.5,29.6,28.5,29.2,29.2,4.7,0.8,3.6,1.8,2.6,7.1
24-07-22,Khulna,4,3,0,12,10,0,90,87,88,93,89,89,27.2,28,27.8,27.1,27.5,27.8,0.8,0.5,1,0.3,0.6,0.3
25-07-22,Khulna,5,6,11,4,20,7,82,80,87,93,88,82,28.9,29,28.1,27.1,28.1,29.2,4.8,1,0.8,0,0.3,5.4
26-07-22,Khulna,0,0,3,32,1,0,87,83,83,88,87,88,28.4,29,29.1,28.2,28.3,27.6,1.6,0.2,3.3,1,2.3,1.6
27-07-22,Khulna,12,0,2,0,14,5,81,79,74,81,83,76,29.3,29.7,30.8,30.1,29.6,29.9,6.6,6.7,9.5,10.4,7.4,7.7
28-07-22,Khulna,0,0,0,0,0,0,90,81,83,83,82,84,27.3,29.5,29.5,30.4,30.2,28.2,1.4,1.8,5.1,6,5,1.1
29-07-22,Khulna,46,0,8,0,0,0,82,77,75,77,76,79,30.3,30.7,31.3,31.2,31.5,29.5,9.8,6.6,7.6,9.2,8.1,7.3
30-07-22,Khulna,0,11,0,0,0,29,87,79,75,78,74,82,28.7,30.5,31.4,30.9,31.4,29.8,2.6,6.6,10.7,9.2,9.8,5.1
31-07-22,Khulna,14,2,0,3,0,0,88,85,75,77,80,87,28.6,30,31.4,31.2,30.6,28.7,0,0.3,4.9,6.1,3.9,0
1/8/2022,Khulna,0,3,0,0,5,1,93,87,83,87,83,94,27.2,29.3,30.1,30.1,30.1,26.4,0,0.5,0.5,2,1.5,0
2/8/2022,Khulna,12,0,1,6,15,12,89,86,85,91,90,84,28.5,29.6,29.8,29.3,29,29.1,1.9,1.7,1.7,4.6,0.9,1.4
3/8/2022,Khulna,0,20,3,12,4,0,89,91,86,88,90,86,28.5,27.8,30,29.6,29.3,28.9,1.4,0.4,0.4,0.4,0.2,1.1
4/8/2022,Khulna,10,72,12,0,15,2,85,81,83,82,83,85,29.5,30.3,29.7,30.5,29.8,28.9,2.3,5.6,5.6,5.7,6.8,0.5
5/8/2022,Khulna,1,0,0,0,3,1,79,81,82,85,82,77,30.7,30.3,30.5,30.1,30.5,30.4,9.4,5.3,5.3,6.9,7.7,7
6/8/2022,Khulna,0,0,3,6,1,0,85,82,86,86,84,84,29.1,29.7,29,29.2,29.5,29,4.2,3.6,3.6,3.4,2.7,2.6
7/8/2022,Khulna,0,0,32,8,3,2,75,78,80,83,78,76,30.6,30.4,30.1,29.9,30.3,30.6,9.5,8.4,8.4,10.2,9.7,8.2
8/8/2022,Khulna,0,7,0,1,2,0,76,80,82,89,82,78,30.2,30.1,29.4,28.5,29.4,30.3,8.2,7.3,7.3,2.9,2.6,6.3
9/8/2022,Khulna,0,0,2,3,13,0,81,83,87,90,87,83,28.4,29,27.9,27.8,27.9,27.9,7,5.5,5.5,3.3,4.1,6.3
10/8/2022,Khulna,6,6,17,20,10,9,89,89,92,96,89,83,26.9,27.6,26.9,26.9,27.6,27.8,0.6,0.2,0.2,0.1,1,1.7
11/8/2022,Khulna,12,11,14,18,10,0,88,90,89,95,91,88,27.7,27.3,27.8,27.3,27.3,27.5,2.2,1.1,1.1,0,0.2,2.6
12/8/2022,Khulna,9,15,10,26,11,3,88,83,82,86,82,79,28.7,29.5,29.7,29.1,29.4,29.4,6.5,2.8,2.8,4.8,7.5,8
13-08-22,Khulna,1,4,0,6,0,0,83,83,82,88,84,80,29.2,29,29,28.7,29.4,29.3,6.3,4.8,4.8,4.4,6.6,5.3
14-08-22,Khulna,0,3,5,12,3,0,89,91,91,95,92,88,27,27,27.2,27.2,27.3,26.9,0,0,0,0,0,0.7
15-08-22,Khulna,4,13,19,19,28,6,89,86,90,89,87,87,27.5,29.1,28.5,28.8,28.6,28.1,2.8,4.2,4.2,0.1,1.5,3.5
16-08-22,Khulna,11,13,1,1,1,18,81,74,76,82,79,81,29.8,31.3,31.3,30.8,30.7,30.1,9.3,9.1,9.1,11.3,10.2,6
17-08-22,Khulna,0,0,0,0,0,0,76,75,75,79,74,77,31.4,32.1,31.9,31.6,31.8,31,9.2,8.4,8.4,10.3,10.9,4.3
18-08-22,Khulna,0,0,0,0,0,0,80,76,80,84,80,75,30.4,30.9,30.2,30.1,30.6,31,10.4,8,8,7.9,8,9
19-08-22,Khulna,34,10,12,31,9,24,82,85,85,92,89,81,28.5,28.9,28.1,27.2,27.8,28.8,3.7,1.1,1.1,0,0.1,4.1
20-08-22,Khulna,11,2,6,50,30,2,90,86,86,93,89,85,27.3,26.9,28.6,27.9,28,28,0,0.3,0.3,3.8,1.8,3
21-08-22,Khulna,5,18,22,17,9,4,84,81,80,87,84,78,29.5,30,30.3,29.5,30.1,30,8.6,5.8,5.8,4.6,7,9.4
22-08-22,Khulna,0,1,0,0,0,0,81,75,75,84,79,76,30.2,31.1,31.7,30.5,31.2,31.1,8.3,8.4,8.4,8.8,9.4,6.9
23-08-22,Khulna,27,5,3,4,1,45,88,82,86,88,85,89,27.8,29.5,29.1,29,29.2,27.4,2.8,1.8,1.8,3.7,5.4,3.9
24-08-22,Khulna,30,5,12,13,16,30,86,85,87,90,88,85,28.6,28.9,28.2,27.9,28.3,28.3,6.9,3,3,2.5,4.4,6.5
25-08-22,Khulna,3,0,10,1,8,11,83,78,75,82,81,78,29.1,30,30.3,30,29.6,29.7,9.3,6.7,6.7,10.3,7.6,8
26-08-22,Khulna,0,0,0,0,0,0,80,77,75,81,76,78,30.1,30.6,30.9,30.3,30.8,30.2,9.1,7.2,7.2,4.5,7.4,8
27-08-22,Khulna,0,0,0,0,0,0,83,82,82,90,80,80,29.9,30.3,30.1,29.1,30.6,30.1,3.4,0.1,0.1,1.4,2,2.2
28-08-22,Khulna,0,0,0,1,0,0,83,84,80,87,83,79,29.3,29,29.9,28.9,29.3,29.3,5.3,1.7,1.7,0,4,3.2
29-08-22,Khulna,0,7,0,0,1,0,79,78,74,85,74,80,30.2,31.1,31.2,29.8,30.9,29.7,6.7,8.7,8.7,9.8,10.9,4.4
30-08-22,Khulna,0,0,0,6,0,1,73,76,70,79,71,74,30.9,31.2,31.6,30.7,31.5,30.9,9.9,8.8,8.8,11.3,11.1,7.7
31-08-22,Khulna,0,0,0,0,0,0,77,76,76,87,72,77,30.5,31.4,31.4,29.6,31.7,30.4,8.8,7.3,7.3,7.8,10.7,8.4
1/9/2022,Khulna,1,0,0,32,0,0,79,77,77,90,72,80,30.5,31.4,31,29,31.7,30.1,4,3.1,6.3,4.5,9.5,1
2/9/2022,Khulna,4,0,0,31,0,0,85,77,77,90,74,83,28.7,30.6,31,29.3,31.5,29.2,7.9,2.2,9.4,5.4,9.2,6.1
3/9/2022,Khulna,27,0,0,1,0,0,82,82,77,84,83,81,29.3,30.1,31.4,30.8,30.1,29.7,5,6.7,8.1,6.7,5.4,5.9
4/9/2022,Khulna,10,6,2,1,3,64,80,78,78,90,81,82,30,30.4,30.7,29.2,30.3,29.5,5.8,4.6,4.7,1.7,3.3,2.9
5/9/2022,Khulna,0,0,0,5,0,0,90,86,85,94,84,83,28,28.6,29.7,29.6,30.1,28.9,3.6,2.6,2.7,1.4,2.6,2
6/9/2022,Khulna,49,64,5,17,0,2,96,85,80,88,85,93,26.5,29.2,30.8,29.8,30.1,27.2,0,1.1,8.5,5.4,1.3,0.4
7/9/2022,Khulna,44,0,0,6,4,23,82,79,82,83,74,81,30.3,30.5,30.3,30.2,31.7,30.6,6.2,7.9,6.6,7.8,7.6,7
8/9/2022,Khulna,0,0,6,0,0,0,83,79,73,76,70,78,29.8,30.3,31.2,31.1,31.8,30.7,5.4,5.5,8.5,9.7,9.3,6.5
9/9/2022,Khulna,8,0,0,0,0,0,90,84,83,88,81,84,28.2,29.5,29.5,30.2,30.6,29.4,5.5,1.1,5.5,1.6,4.7,4.1
10/9/2022,Khulna,17,0,13,0,3,0,86,84,81,89,79,83,28.4,29.2,29.5,28.9,29.7,28.8,5.8,4.4,9,1.2,8.5,4.8
11/9/2022,Khulna,3,8,0,3,9,0,88,89,92,93,91,87,27.2,27.6,26.8,27.5,27.2,26.9,3.3,0.7,0.5,1,1.8,4.4
12/9/2022,Khulna,20,13,48,30,32,15,93,93,96,98,94,88,26.2,26.4,26.3,26.1,26.3,26.5,0,0,0,0,0,0
13-09-22,Khulna,20,21,23,70,46,22,93,92,94,98,95,95,25.8,26.6,26.6,26.4,26.4,25.4,0,0,0,0,0,0
14-09-22,Khulna,121,21,49,33,30,71,95,93,94,95,94,94,26.2,26.6,26.8,26.8,26.9,26.1,0,0,0,0,0,0
15-09-22,Khulna,19,17,146,61,11,3,91,89,90,92,92,90,26.9,27.9,27.3,27.3,27.3,26.9,2.1,0.7,2.2,1.3,0,1.5
16-09-22,Khulna,11,2,11,7,10,9,86,86,81,87,85,85,28.2,28.4,29.5,29.1,28.7,28.4,1.5,0.4,7.1,5.1,6.7,3.6
17-09-22,Khulna,8,0,0,0,35,0,90,81,84,94,92,85,28.4,29.5,29,27.4,27.5,28.8,2.8,5.6,5.4,2.4,0.8,3.7
18-09-22,Khulna,32,0,0,0,41,3,84,84,80,86,82,87,28.8,29.8,29.8,29.2,29.7,28.2,4.7,2.7,6.6,4.8,5.6,1.7
19-09-22,Khulna,0,0,0,0,0,1,79,78,79,89,81,79,29.6,29.7,29,28.2,29.5,29.8,7.2,8.5,6.9,4.2,5.9,7.5
20-09-22,Khulna,0,0,1,5,7,1,82,83,83,88,85,82,29.2,29.2,29.1,28.8,29.1,28.8,8.8,6.8,8.2,7.6,4.5,7.8
21-09-22,Khulna,0,3,5,9,17,0,84,83,86,86,85,86,29.1,29.8,29.1,29.1,29.5,28.5,6,8.3,6.4,6,6.4,4.9
22-09-22,Khulna,0,0,10,2,6,1,86,80,81,87,86,81,28.9,30.1,29.7,29.4,29.4,29.2,6.4,7.5,6.8,6.3,5.6,7.1
23-09-22,Khulna,0,0,23,0,6,0,82,79,83,85,82,79,29.5,29.9,29.4,29.8,29.7,29.5,7.4,6.5,9.2,5.3,6.8,6.4
24-09-22,Khulna,0,0,0,0,0,0,79,79,80,85,78,78,29.8,30,30,29.2,29.9,29.7,6.9,7.4,6.1,3.5,7.2,6.1
25-09-22,Khulna,0,0,0,0,0,0,81,80,79,82,81,79,29.2,29.7,29.9,29.2,29.7,29.5,3.3,1.9,4,3.7,5.2,4.5
26-09-22,Khulna,0,0,0,0,0,0,85,84,84,82,84,82,28.6,29.5,29.3,29.9,29.2,28.9,5.6,3.6,5.8,7.9,5,6.1
27-09-22,Khulna,3,7,2,0,39,0,85,86,85,84,84,86,28.6,28.5,29.4,29.7,29.7,28.2,4.5,2.9,3.3,6.8,4.8,2.4
28-09-22,Khulna,11,0,6,0,0,20,87,85,79,84,82,81,28.1,29.4,30.5,30.1,29.7,29,4.3,5,6.4,7.7,6.9,6.1
29-09-22,Khulna,11,0,0,0,1,0,84,82,80,83,82,83,28.5,29.8,30.9,30.4,30.5,28.4,5.4,6.9,8.7,10,8,5.4
30-09-22,Khulna,0,0,0,4,0,0,83,81,79,85,82,81,29.4,29.9,30.5,30.4,30.4,29.7,8.6,0,5.5,5.3,3.9,4.2
1/10/2022,Khulna,0,0,0,0,0,0,83,81,80,88,82,78,29.8,30.1,30.3,29.9,30.7,29.9,6.5,6.1,3.4,2,5,7.3
2/10/2022,Khulna,3,0,0,0,0,5,90,90,87,94,88,84,27,27,27.9,28,28.2,27,1.3,0,0,0.5,2.3,2.9
3/10/2022,Khulna,7,4,1,2,3,40,90,90,91,96,91,89,27.4,27.3,27.5,26.7,27.7,26.2,1.5,0,0,0,0,0.9
4/10/2022,Khulna,7,7,25,80,7,5,89,87,88,90,85,84,27.6,28.1,28.1,28.6,28.8,28.1,5.9,2.8,3.3,6.7,4.6,4.9
5/10/2022,Khulna,3,14,4,5,10,5,82,83,81,87,86,81,28.3,29.2,29.2,28.8,28.8,28.8,8.1,7.7,9.1,8.7,6.3,7
6/10/2022,Khulna,5,0,13,17,0,0,83,83,88,92,86,85,28.3,28.6,27.3,27,28.5,28,7.3,5.7,5.7,3.1,5.7,5.6
7/10/2022,Khulna,0,0,7,10,2,2,81,80,81,84,83,81,29.3,29.3,29.7,29.1,29.3,29.3,10,7.7,8,6.9,6.1,6.5
8/10/2022,Khulna,0,0,0,0,0,0,80,80,74,82,74,79,29,29.6,30.8,30.1,30.6,29.4,7.8,7.9,10.4,9.6,10.1,7.9
9/10/2022,Khulna,6,0,0,0,0,0,79,78,76,87,82,74,29.2,29.8,30.3,28.9,29.3,30.1,8.8,8.7,10,8.4,9.2,8
10/10/2022,Khulna,0,0,0,11,21,0,80,81,76,84,80,76,29.1,29.5,30.1,29.4,30.1,29.4,10,7.7,9.8,8,9.7,8.1
11/10/2022,Khulna,0,0,0,0,0,0,79,86,83,89,83,80,28.8,27.8,28.9,28.3,28.9,28.4,8.4,5,6.1,3.4,6.4,7.2
12/10/2022,Khulna,0,0,0,15,0,0,91,86,86,87,85,86,25.6,26.9,27.9,28.7,28,26,1.7,4.9,4.8,6.1,6.3,3
13-10-22,Khulna,2,12,7,17,1,3,86,86,80,89,82,83,27.4,27.5,29.1,28.3,29.2,27.5,6,3.1,8.8,5.4,7.6,5.5
14-10-22,Khulna,4,0,0,1,3,0,84,81,79,83,82,81,27.7,29.1,29.7,29.5,29.3,28,6,6,8.8,9.5,7.6,6.6
15-10-22,Khulna,0,0,4,0,0,0,82,82,73,78,80,80,27.5,28.5,29.5,29.1,29.5,28.1,8.6,8.8,10.3,9,8.8,7.7
16-10-22,Khulna,0,0,0,0,0,0,77,74,73,76,84,77,26.6,29,28.7,28.9,28.6,27.8,9.9,8.6,9.9,10,10.2,8.5
17-10-22,Khulna,0,0,0,0,0,0,78,78,76,80,77,79,26.5,27.7,28.5,28.4,28.1,27.6,10.1,8.8,10,10,10.3,8.5
18-10-22,Khulna,0,0,0,0,0,0,80,83,81,84,79,79,26.5,27.9,28.9,28,28.5,27.6,7.9,6.7,9,8.4,9.1,6.9
19-10-22,Khulna,0,0,2,20,0,0,78,77,76,81,85,78,27,27.6,28.3,28,26.7,27,8.7,7.4,8.7,5.8,1.2,6.7
20-10-22,Khulna,0,0,0,0,15,0,77,75,73,78,76,74,26.1,27.4,28.3,27.9,27.7,27.3,9.7,8.3,9.2,9.7,9.9,8
21-10-22,Khulna,0,0,0,0,0,0,78,77,75,78,77,75,26.6,27.6,28.2,28.4,27.9,27.3,9.9,8.5,10.2,10.4,9.9,8.3
22-10-22,Khulna,0,0,0,0,0,0,78,78,78,81,76,77,26.8,27.7,28.7,28.9,28.3,27.1,9.8,8.4,9.9,10.4,9.9,7.5
23-10-22,Khulna,0,0,0,0,0,0,83,86,87,92,85,82,26.8,26.4,26.1,25.9,26.4,26.9,4,0,0,0,0,2.6
24-10-22,Khulna,0,4,12,26,3,1,94,95,97,97,94,94,22.2,22.2,22.4,22.6,22.5,22,0,0,0,0,0,0
25-10-22,Khulna,27,69,217,230,58,67,82,85,84,84,83,82,24.5,25,24.8,25,24.7,23.8,8.6,7.1,9.8,9.4,7.8,6.3
26-10-22,Khulna,0,0,0,0,0,0,82,83,81,82,81,80,25.8,26.3,26.9,26.6,26.5,27.1,9.5,8,9.7,10.4,9.7,8.2
27-10-22,Khulna,0,0,0,0,0,5,83,80,77,81,83,79,25.2,26,26.5,27,26.5,25.5,9.1,7,9.2,9.7,7.7,7.1
28-10-22,Khulna,0,0,0,0,0,0,76,78,76,78,76,76,24,24.3,25.4,25.1,24.8,24.7,9.9,7.8,9.8,9.5,9.1,8.1
29-10-22,Khulna,0,0,0,0,0,0,78,79,76,82,77,81,23.4,24.9,25,25.2,24.7,24.5,10,7,10.5,9.1,10,8.7
30-10-22,Khulna,0,0,0,0,0,0,79,78,78,83,79,78,24.5,25.2,26,26.3,25.4,24.6,10.1,8.1,10.3,10,10,8.7
31-10-22,Khulna,0,0,0,0,0,0,76,78,77,82,77,79,24.9,25.7,26.9,27.2,26.4,25.3,10.2,7.8,10.3,10,9.8,8.5
1/11/2022,Khulna,0,0,0,0,0,0,78,79,79,81,76,73,25.2,26.1,27.9,27.5,26.8,26.1,10.2,7.9,9.7,10,10.2,8.7
2/11/2022,Khulna,0,0,0,0,0,0,75,79,75,81,73,73,24.7,25.6,27.1,27.1,26.2,25.6,9.5,7.6,10.2,11,10,8.8
3/11/2022,Khulna,0,0,0,0,0,0,82,82,79,83,78,77,23.6,23.1,24.4,24.9,24.5,24,8.2,1.9,1.8,2.7,2.7,5.8
4/11/2022,Khulna,0,0,0,0,0,0,79,81,77,80,77,79,23.8,23.5,25.3,25.1,24.8,24.4,7.6,5.4,8.9,9.3,8.4,7.9
5/11/2022,Khulna,0,0,0,0,0,0,79,81,75,78,81,76,23.8,24.2,25.4,25.2,25.2,24.8,9.4,7,9.2,9.7,7.5,8.5
6/11/2022,Khulna,0,0,0,0,0,0,78,80,75,79,81,77,24.3,23.7,25.4,25.3,25,25.1,9.1,7.3,9.4,10,7.4,7.2
7/11/2022,Khulna,0,0,0,0,0,0,81,80,76,80,77,78,24.4,24.1,25.3,25,25,23.9,7.3,7.2,9.2,9.5,8.7,7.8
8/11/2022,Khulna,0,0,0,0,0,0,78,80,81,83,78,77,23.8,23.2,24.7,25.3,25,24.4,8.4,6.4,4.6,7.8,7.3,6.5
9/11/2022,Khulna,0,0,0,0,0,0,78,78,78,83,77,79,23.8,24.5,25.6,25.1,25.1,24.3,8.6,4.1,8.5,8.4,8.7,6
10/11/2022,Khulna,0,0,0,0,0,0,80,80,74,79,75,79,23.8,23.7,25.4,25.3,25.1,24.1,8.6,7.4,9.3,8.9,8.9,8
11/11/2022,Khulna,0,0,0,0,0,0,79,81,77,79,75,77,23.7,23.5,25.2,25.1,24.4,24.1,7.8,7.1,10.1,9.1,7.2,6.9
12/11/2022,Khulna,0,0,0,0,0,0,81,83,79,79,79,81,22.5,23.6,24.6,25,24.1,23.2,5.6,6,7.9,8.7,7.6,4.9
13-11-22,Khulna,0,0,0,0,0,0,73,76,71,74,70,74,20.6,21.3,23.2,23.8,22.4,21.7,8.9,7.6,9.1,8.9,8.7,7.2
14-11-22,Khulna,0,0,0,0,0,0,78,77,72,76,73,75,20.6,20.7,22.6,22.8,21.7,22,8.4,7.2,9.4,9.2,9.4,8.1
15-11-22,Khulna,0,0,0,0,0,0,77,79,78,80,76,76,21.3,21.7,23.5,23.7,22.7,22.7,8.5,7.4,9,9.2,9.2,8.1
16-11-22,Khulna,0,0,0,0,0,0,80,79,77,80,76,77,20.6,22.1,23.7,23.7,22.3,21.8,8,7.1,9.5,9.4,9.3,6.9
17-11-22,Khulna,0,0,0,0,0,0,78,79,76,75,75,76,20.8,21.5,22.9,23.5,22.3,21.8,8.6,6.9,8.8,8.4,8.9,6.1
18-11-22,Khulna,0,0,0,0,0,0,79,78,74,77,72,75,21.3,21.8,22.7,22.7,22.3,22.4,6.4,6.5,9,9.2,8.9,6.4
19-11-22,Khulna,0,0,0,0,0,0,75,77,77,77,67,76,20.2,21.2,22.6,22.8,22.1,21.2,7.3,5.3,8.5,9.3,8.4,6.7
20-11-22,Khulna,0,0,0,0,0,0,74,75,76,74,71,72,21.8,22.9,23.9,24.4,23.6,22.4,9,4.1,4.9,3.6,5.9,8
21-11-22,Khulna,0,0,0,0,0,0,75,73,72,70,72,74,20.6,22.1,23.5,24.2,22.9,21.3,9.2,7.1,7.5,8,8.1,8.1
22-11-22,Khulna,0,0,0,0,0,0,78,76,73,74,73,75,19.6,21.1,22.7,22.3,21.4,20.7,8.5,6.9,8.9,9.5,8.9,6.3
23-11-22,Khulna,0,0,0,0,0,0,79,79,76,77,75,75,19,20,21.8,21.9,21,20.1,8.7,6.7,8.7,8.5,8.5,7.1
24-11-22,Khulna,0,0,0,0,0,0,77,75,73,75,72,75,19.5,19.9,21.7,21.7,20.7,20.1,9,7.3,9.1,8.7,9.1,6.7
25-11-22,Khulna,0,0,0,0,0,0,77,76,76,78,74,73,20.4,21,22.5,22.1,21.2,21.5,9.3,7.2,9.9,9.5,9.4,8.3
26-11-22,Khulna,0,0,0,0,0,0,79,78,80,74,77,75,20.1,21.1,22.3,22.6,21.4,21.2,9,7.1,9.3,9.3,8.8,7.3
27-11-22,Khulna,0,0,0,0,0,0,77,79,78,76,75,76,20,20.5,22.2,22.5,21.3,21,8.8,6.9,9.2,9.6,9.2,6.7
28-11-22,Khulna,0,0,0,0,0,0,79,78,76,74,75,76,20.1,20.9,23.5,24.4,22.4,21.1,8.9,6.8,9.1,9.1,8.8,6.8
29-11-22,Khulna,0,0,0,0,0,0,78,76,78,71,73,75,20.5,22,24.1,25,24,21.6,9.5,4,5.2,6.1,6.5,7.4
30-11-22,Khulna,0,0,0,0,0,0,79,75,76,78,72,76,21.3,22.9,24.7,25.1,24.1,21.8,9,7.7,6.8,8,8.2,7
1/12/2022,Khulna,0,0,0,0,0,0,77,74,77,77,71,75,20.4,21.7,23.4,23.5,22.5,21.1,9.4,7.5,10,9.6,9.5,7
2/12/2022,Khulna,0,0,0,0,0,0,77,77,78,73,70,74,19.5,20.8,21.7,22.2,21.2,20.6,9.1,7.3,9.8,9.5,9.3,7.7
3/12/2022,Khulna,0,0,0,0,0,0,76,74,76,72,70,74,18.8,19.4,21,21.2,20.4,20.2,8.8,7.4,9.2,9.6,9,7.3
4/12/2022,Khulna,0,0,0,0,0,0,79,78,81,78,74,77,18.9,19.6,21.1,21.3,20.3,20.1,8.5,6.9,8.4,8.4,8.9,7.1
5/12/2022,Khulna,0,0,0,0,0,0,80,78,82,79,76,76,19.4,20.2,21.5,21.4,20.5,20.8,8.6,7,8.9,9,8.9,7.2
6/12/2022,Khulna,0,0,0,0,0,0,80,76,81,79,77,75,18.9,21,21.4,21.3,20.2,20.4,7.3,6.9,8.6,8.4,8.6,6.8
7/12/2022,Khulna,0,0,0,0,0,0,80,76,82,75,76,76,18.5,20.3,21,21.5,20,20,7.5,6.5,6.8,6.1,7.4,6.4
8/12/2022,Khulna,0,0,0,0,0,0,81,80,83,77,78,77,18.5,19.8,20.4,21,19.6,20,5.4,4.1,6.7,6.6,4.4,5.9
9/12/2022,Khulna,0,0,0,0,0,0,80,80,83,77,79,75,18.8,19.8,20.7,21.1,20.1,19.8,8.2,7.4,8.2,6.7,7.8,6.4
10/12/2022,Khulna,0,0,0,0,0,0,81,75,84,76,79,75,19.6,21.3,21.5,22.1,21,20.6,2.6,4.6,3.4,2.9,2.3,4.1
11/12/2022,Khulna,0,0,0,0,0,0,81,76,81,75,73,77,19.1,20.3,21.4,21.8,20.9,19.5,8,6,8.9,9.1,8.6,6.7
12/12/2022,Khulna,0,0,0,0,0,0,81,82,81,78,80,78,19,19.6,21.2,21.5,20.6,19.3,6.9,5.7,7.5,7.1,7.7,5.3
13-12-22,Khulna,0,0,0,0,0,0,83,80,84,81,79,81,19.2,20.2,21.9,22.7,21.9,20.1,5.5,5.1,6.2,5.4,6.8,4.4
14-12-22,Khulna,0,0,0,0,0,0,80,79,82,84,79,81,18.3,19.3,21,21.6,20.6,19,6,5.1,4.5,6.4,7.8,5.7
15-12-22,Khulna,0,0,0,0,0,0,78,78,80,78,76,78,17.1,18.2,19.4,20,18.6,17.8,8.3,5.6,7.6,5.6,7.9,6
16-12-22,Khulna,0,0,0,0,0,0,77,77,75,73,72,75,15.7,16.8,18.6,19.5,17.1,17,8.8,5.5,8.6,9.2,8.1,6.5
17-12-22,Khulna,0,0,0,0,0,0,81,77,83,75,73,80,16.5,16.8,18.2,20,17.7,17.4,6.8,5.1,6.9,4.4,8.6,1.6
18-12-22,Khulna,0,0,0,0,0,0,85,83,87,84,83,84,18,18.9,19.7,20.3,19.1,18.4,6.4,3.2,5.1,4.3,4.3,5.3
19-12-22,Khulna,0,0,0,0,0,0,85,80,86,85,82,81,18.4,19,20.1,20.5,19.6,19.5,7.4,5.2,6,5.8,7.2,5.3
20-12-22,Khulna,0,0,0,0,0,0,85,82,86,81,80,81,18.3,19.1,20.2,21,19.7,19.3,6,4.6,5.1,5.6,6.6,4.4
21-12-22,Khulna,0,0,0,0,0,0,84,81,87,81,82,80,18.1,19.3,20.3,20.8,19.7,18.9,3.3,4.8,5.5,5.6,6.7,3.9
22-12-22,Khulna,0,0,0,0,0,0,83,83,86,81,82,79,17.2,18.3,19.6,20.1,18.5,18.4,5.8,4.4,6.1,4.6,6.1,4.6
23-12-22,Khulna,0,0,0,0,0,0,79,76,81,77,77,74,17,18.1,19.4,20,18.5,17.9,8.7,5,8,6.8,8.3,6
24-12-22,Khulna,0,0,0,0,0,0,81,81,81,77,77,74,17.4,17.6,19.4,20.3,19.5,17.7,7.6,5,8.1,7.6,7.9,6.2
25-12-22,Khulna,0,0,0,0,0,0,81,81,79,80,80,74,19.9,20,21.8,21.9,20.9,19.6,6.8,4.7,7,5.7,6.7,4.5
26-12-22,Khulna,0,0,0,0,0,0,86,85,85,84,87,82,20.7,21.3,22.6,22.5,21.5,20.4,5.9,3.6,5.3,7.1,4.8,2.8
27-12-22,Khulna,0,0,0,0,0,1,89,88,88,87,86,86,19.1,21,22.7,23.3,22.8,19.4,0,0,0,2.7,1.6,0.5
28-12-22,Khulna,0,0,0,0,0,0,82,83,85,83,82,79,16.5,18.3,20.5,21.7,20.2,17.1,6.4,1.8,0,0,0,5.2
29-12-22,Khulna,0,0,0,0,0,0,84,74,77,72,71,77,14.4,17.1,18.1,18.4,17.6,16.3,6.9,5.2,8.1,7.9,8.5,6.9
30-12-22,Khulna,0,0,0,0,0,0,87,81,83,81,82,88,15.3,16.2,18,18.7,17.1,15.9,5.3,3,5.9,5.1,6.4,2.2
31-12-22,Khulna,0,0,0,0,0,0,84,81,85,84,81,88,16.9,17.5,18.5,19.3,18.5,16.6,4,4.1,6,3.5,5.2,3.4
1/1/2023,Khulna,0,0,0,0,0,0,88,87,87,85,82,90,16.5,17.3,18.7,19.6,19.2,15.9,0,0,0,0,0.9,2.8
2/1/2023,Khulna,0,0,0,0,0,0,86,82,84,81,84,84,16.9,17.4,19,19.4,18.5,16.8,4.6,4.4,6.8,4.5,5.9,5.2
3/1/2023,Khulna,0,0,0,0,0,0,93,88,89,83,88,92,14.5,15.2,17.1,18.2,16.4,14.5,0,0,6.7,5.6,1.4,0
4/1/2023,Khulna,0,0,0,0,0,0,93,92,91,86,86,90,12.2,14.6,15.8,16.4,15.7,12.7,0,0,1.3,4.4,2.8,0
5/1/2023,Khulna,0,0,0,0,0,0,89,86,88,87,84,86,13.3,14.4,15.5,15.9,15.4,13.5,2.6,3.2,4.5,3.3,4.9,3.1
6/1/2023,Khulna,0,0,0,0,0,0,87,84,88,80,81,81,13.1,14.9,15.6,16.3,15.7,13.9,5.3,4,7.6,6.3,8,4.3
7/1/2023,Khulna,0,0,0,0,0,0,90,91,90,82,87,89,11.8,11,13.3,14.6,13,11.4,2,0,2.5,6.6,6.3,1
8/1/2023,Khulna,0,0,0,0,0,0,81,86,91,85,86,80,15.2,14.4,15,16.4,15.2,15.9,7.6,4.5,4.9,5.9,5.8,5.6
9/1/2023,Khulna,0,0,0,0,0,0,80,79,82,81,80,72,16.1,18.1,18.6,19.3,17.9,17.6,8.7,6.8,8.5,8,8,7.5
10/1/2023,Khulna,0,0,0,0,0,0,76,75,78,77,75,71,15.6,17.1,18.6,19.3,17.9,16.8,8.7,7.1,9,8.6,8.9,7.9
11/1/2023,Khulna,0,0,0,0,0,0,80,75,75,69,76,77,13.1,15.4,17.4,18.5,16.1,14,8.2,6.4,8.5,6.5,8.6,7
12/1/2023,Khulna,0,0,0,0,0,0,81,76,78,79,75,81,13.8,15.2,16.5,17.7,16.5,14.3,7.7,6.7,8.7,7.7,8,6
13-01-23,Khulna,0,0,0,0,0,0,86,83,80,82,82,80,17.7,18.8,20.5,20.7,20.9,17.5,6.7,2.3,7.5,5.1,6.6,5.9
14-01-23,Khulna,0,0,0,0,0,0,95,90,86,83,87,91,17.5,19.2,21.3,22.1,21.7,17.7,1.8,0.8,7.5,2.1,1.2,0
15-01-23,Khulna,0,0,0,0,0,0,82,81,84,85,83,79,18.2,19.2,20.2,20.8,19.9,18.2,5.5,4.8,6.1,3.3,4.7,5.3
16-01-23,Khulna,0,0,0,0,0,0,80,80,77,76,78,80,15.5,17.2,18.4,19.1,18.1,15.7,2.6,1.5,5.8,5.6,5.1,0
17-01-23,Khulna,0,0,0,0,0,0,81,79,78,77,77,76,14.8,16.1,18,18.5,17.6,15.6,0.3,0,5.1,9.8,2.2,3.4
18-01-23,Khulna,0,0,0,0,0,0,81,80,77,71,75,76,14.4,16.3,18.2,19.1,18,15.3,0,0,0,0,0,3.1
19-01-23,Khulna,0,0,0,0,0,0,79,78,75,76,74,74,14.1,15.7,17.7,17.8,17,14.7,7.9,5.4,3.7,0.4,3.6,7.2
20-01-23,Khulna,0,0,0,0,0,0,80,78,77,75,76,78,14.1,15.7,17.2,17.6,16.6,15.2,8.4,6.5,8.3,8.5,8,5.7
21-01-23,Khulna,0,0,0,0,0,0,79,75,75,78,75,77,15.9,17.1,18.5,18.8,18.2,16.3,7.4,6.5,7.7,7.8,7.3,5.2
22-01-23,Khulna,0,0,0,0,0,0,81,78,75,78,78,78,18.1,19,20.6,20.6,20.1,18.5,3,2.1,5.8,5.3,6.2,3.7
23-01-23,Khulna,0,0,0,0,0,0,83,80,81,81,76,79,19.3,20.4,21.3,21.6,21.2,19.5,10.1,2.8,6.3,4.5,5.1,3.2
24-01-23,Khulna,0,0,0,0,0,0,80,82,80,82,82,81,19.8,21.3,22.1,21.8,21.5,19.7,4.5,1.3,1,1.4,0,3.9
25-01-23,Khulna,0,0,0,0,0,0,84,82,80,80,81,80,20.1,21.6,22.6,22.7,22.4,20.5,3,4.9,6.5,5.8,5.6,2.3
26-01-23,Khulna,0,0,0,0,0,0,82,77,79,80,78,81,20.9,22.6,22.9,23,23,21,5.2,6,7,4.9,7.3,2.6
27-01-23,Khulna,0,0,0,0,0,0,82,80,82,81,78,81,20.5,21.7,22.2,22.5,22.5,20.5,8.8,6.9,8.1,5.8,8.3,7.1
28-01-23,Khulna,0,0,0,0,0,0,82,79,82,79,76,83,18.7,20.7,21.7,22.2,21.3,19.6,7.9,6.9,7.8,6.1,8.1,6.2
29-01-23,Khulna,0,0,0,0,0,0,80,76,76,74,71,82,17.8,19.4,20.1,20.4,19.4,19,8.8,7.3,9.2,9.2,9.2,7.2
30-01-23,Khulna,0,0,0,0,0,0,83,82,80,79,79,80,19.8,20.6,21.4,21.2,21,20.5,7.6,6.7,7.3,7.7,7.2,6.5
31-01-23,Khulna,0,0,0,0,0,0,82,82,81,79,74,80,20.8,21.9,23.4,22.9,22.8,21.8,1.9,1.7,1.4,7.9,3,1.1
1/2/2023,Khulna,0,0,0,0,0,0,75,78,78,74,77,71,19.7,20.9,21.4,21.7,21,20.3,6.4,1.6,0.4,5.2,2,5.4
2/2/2023,Khulna,0,0,0,0,0,0,80,78,73,64,72,75,15.7,18,19.3,19.7,18.8,17.5,8.7,7.3,9.8,9.5,9.4,7.4
3/2/2023,Khulna,0,0,0,0,0,0,79,77,79,72,74,73,16.9,17.9,18.7,19.2,18.5,18.3,9.3,7.3,9,9.1,8.5,7.8
4/2/2023,Khulna,0,0,0,0,0,0,77,80,78,73,73,74,17.5,18.6,19.2,20.1,18.9,18.3,8.6,7.7,8.5,8.7,9,6.5
5/2/2023,Khulna,0,0,0,0,0,0,76,74,77,71,70,73,18.2,19.3,20.2,20.8,20.1,18.7,8.5,7,9.1,9,8.7,6.6
6/2/2023,Khulna,0,0,0,0,0,0,76,71,74,70,69,71,18.9,19.9,21.2,21.8,21.1,19.7,8.9,7.3,8.7,7.5,9.1,7
7/2/2023,Khulna,0,0,0,0,0,0,71,78,84,79,81,67,19.9,21.3,21.7,23.3,22.1,22.5,9.2,5.5,4.6,7.3,5,8.3
8/2/2023,Khulna,0,0,0,0,0,0,78,80,82,78,81,80,20.2,22.7,24.8,24.8,24.3,20.6,8.3,5.8,6.7,7.4,6.9,5
9/2/2023,Khulna,0,0,0,0,0,0,82,80,80,81,78,80,19.6,22.2,24.3,24.3,23.5,20.4,8.3,5,6.1,8.1,6.2,4.3
10/2/2023,Khulna,0,0,0,0,0,0,74,74,78,75,74,72,19.3,20.6,22.2,22.9,21.6,19.7,9.6,6.8,8.4,3.8,8.7,8
11/2/2023,Khulna,0,0,0,0,0,0,84,85,83,79,78,79,20.9,22.3,24.3,24.5,24.6,21.4,5.5,3.5,7.7,8.7,5.8,7.1
12/2/2023,Khulna,0,0,0,0,0,0,76,72,78,75,66,75,21,23.3,23.8,24.1,24.5,21.5,6.5,6.9,9.9,6.4,7.9,5.2
13-02-23,Khulna,0,0,0,0,0,0,62,60,60,52,59,58,17.7,19.1,21.2,21.7,20.4,19.1,10.2,8.2,9.7,10,9.9,9.2
14-02-23,Khulna,0,0,0,0,0,0,68,63,66,59,62,66,17.2,18.7,20,20.2,19.3,18.1,9.8,8,9.8,9.2,9.6,8.1
15-02-23,Khulna,0,0,0,0,0,0,72,68,67,67,66,66,17.7,19.2,20.4,21,20.4,18.7,8.8,7.5,8.5,9.2,8.2,7.8
16-02-23,Khulna,0,0,0,0,0,0,72,69,68,78,68,70,19,20.3,21.8,22.4,21.5,20.1,9,7.2,8.6,5.6,8.1,7.1
17-02-23,Khulna,0,0,0,0,0,0,69,72,77,81,78,68,21.3,22.5,23.3,23,22.7,21.2,8.5,5.9,6.1,3.8,4.9,7.5
18-02-23,Khulna,0,0,0,0,0,0,80,80,81,84,85,78,22.3,23.4,24.1,24.2,22.9,22.2,4.1,3,2.5,2.2,2.5,4.2
19-02-23,Khulna,0,0,0,0,2,0,82,84,80,86,84,81,23.1,23.3,24.1,23.7,23.9,22.7,2.5,4.3,0,0,4.8,4.2
20-02-23,Khulna,0,0,0,0,0,0,79,78,78,78,75,77,23.8,24.4,25.3,25,25.3,23.6,1.6,5.3,6.4,1.1,7.1,4.1
21-02-23,Khulna,0,0,0,0,0,0,83,82,82,82,80,82,24.3,25.3,26.1,25.7,26,23.1,3.4,1.4,4.6,5,5.6,1.3
22-02-23,Khulna,0,0,0,0,0,0,75,75,79,82,75,68,25.7,26.7,26.8,26.2,26.9,25.9,8,6.9,6.8,5.6,8.9,6.2
23-02-23,Khulna,0,0,0,0,0,0,72,70,73,76,76,69,24.5,26.2,27.2,26.7,26.7,25.1,10.8,5.6,7.5,7.1,8.2,8.1
24-02-23,Khulna,0,0,0,0,0,0,74,77,80,82,80,72,24.6,25.8,26.7,26.8,26.2,24.9,8.3,5.3,6.1,3.8,4.5,6.4
25-02-23,Khulna,0,0,0,0,0,0,80,76,78,82,78,74,22.4,25.2,25.9,25.9,26.2,23.3,2,6.5,5,0.7,4,5
26-02-23,Khulna,0,0,0,0,0,0,69,62,69,63,63,69,22.9,24.1,25.6,25.9,25.6,23.5,8.7,7.9,9.3,8.7,8.8,7.6
27-02-23,Khulna,0,1,0,0,0,0,72,74,69,71,72,68,22.7,24.8,26.8,26.5,26.3,23.9,6.5,6.1,8.8,7.1,6.8,7.6
28-02-23,Khulna,0,0,0,0,0,0,67,61,70,72,64,66,23,24.9,25.3,25.7,25.3,24.4,8.6,7.9,8,2.3,9.2,7.2
1/3/2023,Khulna,0,0,0,0,0,0,64,64,63,69,63,65,23.7,24.9,26.3,26.3,25.9,24.6,8.8,7.2,8.8,8.5,7.7,7.8
2/3/2023,Khulna,0,0,0,0,0,0,71,73,75,69,73,68,23.9,25.4,26.3,26.1,25.9,24.9,8.9,7.4,8.7,8.9,8,7.8
3/3/2023,Khulna,0,0,0,0,0,0,66,65,67,65,60,64,24.2,25.5,26.2,26.7,25.9,25.3,8.4,7.9,9.3,8.6,9.7,7.7
4/3/2023,Khulna,0,0,0,0,0,0,66,61,69,58,59,66,24.9,26.4,26.4,26.6,26.2,25.7,9.1,8.1,9.4,9.8,9.8,8
5/3/2023,Khulna,0,0,0,0,0,0,67,65,69,62,62,66,24.6,26.4,26.6,26.7,26.3,25.5,9.1,8,9.3,9.8,9.7,7.9
6/3/2023,Khulna,0,0,0,0,0,0,61,64,66,64,61,64,24.8,25.4,26.3,26.5,26.1,25,9.5,8.3,9.5,9.9,10.1,8.5
7/3/2023,Khulna,0,0,0,0,0,0,62,59,65,63,61,61,24.1,25.9,26.6,27,26.3,25.6,9.2,8,8.5,9.1,9.3,8.1
8/3/2023,Khulna,0,0,0,0,0,0,62,57,68,64,61,60,23.8,25.6,25.7,26.2,25.9,24.9,7.2,6.8,3.4,1.2,5.9,6.9
9/3/2023,Khulna,0,0,0,0,0,0,67,60,69,65,66,67,24,26.1,25.9,25.9,25.2,24.7,8.5,7.8,3.7,2.3,5.5,7.5
10/3/2023,Khulna,0,0,0,0,0,0,66,69,76,64,75,68,25.6,25.2,24.9,26.2,24.8,25.2,1.1,0.8,0.3,2.1,0.3,2
11/3/2023,Khulna,0,0,0,0,0,0,67,68,74,63,66,69,24.1,24.6,25.6,26.7,25.5,24.9,3.8,2.6,3.4,5.2,6.1,2.8
12/3/2023,Khulna,0,0,0,0,0,0,63,60,66,62,62,64,25.2,26.2,26.8,26.9,26.2,25.5,6.6,6.7,9,8.2,9.3,7.7
13-03-23,Khulna,0,0,0,0,0,0,66,64,68,62,65,66,25.9,26.9,27.9,28,27.4,26.2,7.6,8,9,8.1,8.7,7.4
14-03-23,Khulna,0,0,0,0,0,0,61,68,71,72,66,62,26.5,26.4,27.8,27.5,27.6,27.5,3.8,5.8,4,1.9,4.7,4.5
15-03-23,Khulna,0,0,0,0,0,0,74,77,82,84,76,72,26,26.5,27,26.9,27.1,26.4,4.2,4.6,0,1.4,2.9,3.9
16-03-23,Khulna,0,2,0,0,0,2,79,79,81,83,78,80,25.3,26.2,27,26.9,27.1,26.6,0,1.9,1.5,1.7,2.7,0
17-03-23,Khulna,4,4,5,0,20,22,88,79,81,75,79,87,22,23.6,25.5,26,24.5,22.1,0,0.2,1.6,1.7,1.1,0
18-03-23,Khulna,0,0,0,0,0,8,76,75,79,79,79,79,25.2,25.4,26.3,25.7,25.7,24.5,5.5,1.6,3.4,1.4,3.3,4.9
19-03-23,Khulna,0,0,1,0,0,0,83,89,87,84,86,83,22.6,22,23.5,23.3,22.8,22.9,0,0.6,0.9,0.3,0.8,0
20-03-23,Khulna,0,15,19,18,37,0,84,79,86,84,78,81,21.8,23.3,23.6,23.5,23.7,22.3,0,0.3,3.8,3.4,4.6,1
21-03-23,Khulna,4,0,0,3,2,0,77,76,86,82,83,76,23.8,24.4,24,24.6,23.2,24.1,5.2,5,6.7,5.7,5.9,3.9
22-03-23,Khulna,1,0,3,1,12,0,70,70,81,76,76,66,24.4,25.6,25.5,25.5,25.4,25,9.5,8.1,10.9,8.4,8.4,7.7
23-03-23,Khulna,0,0,0,0,0,0,65,76,82,82,77,66,25.4,26,26,25.4,25.7,25.7,9.9,7.6,9,5.3,9.2,7.9
24-03-23,Khulna,0,0,0,6,0,0,67,73,70,77,76,68,26.6,27,27.6,26.8,27.2,26.2,8.7,7.5,9.1,7.6,7.6,7.6
25-03-23,Khulna,0,0,0,0,0,5,71,72,80,77,76,76,27.4,27.6,28.1,29.3,28.4,25.5,7.2,6.2,9.5,8.4,7.9,6.4
26-03-23,Khulna,0,1,0,0,0,3,73,78,80,76,77,73,27,26.7,27.3,28.6,27.8,26.2,8.1,6.8,9.3,8.3,7.9,6.2
27-03-23,Khulna,5,10,40,5,4,0,73,75,84,87,80,68,26.6,26.9,26.8,25.7,27.8,26.4,6.8,5.4,5.8,2.8,5.3,5.8
28-03-23,Khulna,0,0,0,2,0,0,59,64,72,79,72,63,27.9,28.2,28.6,28.2,28.7,27.7,9.3,7.5,9.1,7.2,8.4,7.5
29-03-23,Khulna,0,0,0,0,0,2,67,78,77,83,74,73,27.4,26.8,27.6,28.2,28.6,25.9,8.1,4,7.6,6.1,7.7,5.3
30-03-23,Khulna,0,26,25,19,0,0,67,76,76,80,73,73,28,27.6,28.3,28.6,28.8,26.9,8.1,1.4,7.6,7.4,8.5,6
31-03-23,Khulna,0,0,1,6,1,0,80,81,80,83,81,81,25,25.7,26.5,26.7,25.6,24,0.9,1.6,1.7,1.4,0.8,1.3
1/4/2023,Khulna,7,15,19,0,21,40,83,83,87,86,85,81,23.4,23.9,24.1,24.2,23.8,23.2,2,1.9,8.8,1.2,1.5,2.3
2/4/2023,Khulna,0,0,0,0,0,0,69,71,72,76,75,71,25.6,26.4,27.3,26.8,26.8,24.7,9.2,8.6,1.3,10.7,10,8.1
3/4/2023,Khulna,0,0,0,0,0,0,58,66,61,70,66,63,27.2,27.7,29.3,29.1,28.6,26.9,9.8,8.5,10.4,9.4,10.1,8.4
4/4/2023,Khulna,0,0,0,0,0,0,67,74,75,79,73,66,29.1,29.8,29.9,29.6,29.9,29,9.4,7.1,9.8,9.3,9.7,7.5
5/4/2023,Khulna,0,0,0,0,0,0,63,70,76,79,74,62,27.9,29,29.9,30.1,29.7,28.2,9.2,7.9,9.2,8,10.1,7.1
6/4/2023,Khulna,0,0,0,0,0,0,58,61,63,73,67,58,27.4,29,30.1,30,30,27.5,10,8,9.7,9.5,9.8,8.3
7/4/2023,Khulna,0,0,0,0,0,0,56,66,69,76,68,58,28.6,28.8,30.2,30.1,29.1,28,9.5,8,9.7,7.9,9.4,7.6
8/4/2023,Khulna,0,0,0,0,0,0,54,61,64,70,65,53,28.7,29.8,30.4,29.9,30.1,28.6,9.4,8.5,10.1,8.8,8.7,7.8
9/4/2023,Khulna,0,0,0,0,0,0,54,60,64,70,66,56,28.9,29.4,30.5,30.3,30.2,28.8,9.7,8.6,9.6,8.1,9.6,7.9
10/4/2023,Khulna,0,0,0,0,0,0,53,60,66,73,65,56,29.2,30,31.1,31.1,30.8,28.9,9.6,8.3,9.5,7.1,9.4,7.7
11/4/2023,Khulna,0,0,0,0,0,0,47,58,67,73,63,55,29,29.6,31.7,31.3,31.3,29.1,9.9,8.1,9.1,7,9.2,7.8
12/4/2023,Khulna,0,0,0,0,0,0,49,56,61,70,62,53,28.8,29.5,30.9,30.5,29.9,29,10.4,8.6,9.7,8.1,10.2,8.7
13-04-23,Khulna,0,0,0,0,0,0,51,56,57,62,53,53,30.2,30.6,31.6,31.7,31.8,30.4,10.5,8.7,10.5,9.7,10.5,8.5
14-04-23,Khulna,0,0,0,0,0,0,51,57,56,64,60,54,31.3,31.6,32.8,32.6,32,31.2,10.6,8.7,9.8,8.9,10.2,8.4
15-04-23,Khulna,0,0,0,0,0,0,55,59,64,76,63,57,31.9,32.4,33.3,32.4,32.6,31.5,7.9,7.1,9,9,8.3,7.3
16-04-23,Khulna,0,0,0,0,0,0,50,59,63,73,63,57,32.6,32.5,34,33.1,33.6,31.6,8.9,7.2,7.2,7.2,8.3,8.1
17-04-23,Khulna,0,0,0,0,0,0,60,66,73,78,71,68,33.6,33.4,32.6,32.1,32.9,33.5,10.1,7.8,8.9,9,8.9,8.2
18-04-23,Khulna,0,0,0,0,0,0,71,76,77,79,73,67,32.6,32.5,31.6,31.9,32.3,33,9.1,7.2,8.7,8.4,8.2,6.3
19-04-23,Khulna,0,0,0,0,0,0,59,75,77,80,74,62,33.6,32.7,32.3,32.1,32.5,33.4,9.1,7.4,8.4,8,7.7,8
20-04-23,Khulna,0,0,0,0,0,0,61,72,77,83,74,66,33.5,32.5,32.1,31.5,32.1,33,9.8,7.4,8.8,8.6,9.1,7.6
21-04-23,Khulna,0,0,0,0,0,0,48,55,61,80,63,68,31.6,31.3,31,31,30.9,31.2,4.2,4,3.7,3,4.8,2.1
22-04-23,Khulna,0,0,0,0,0,0,50,57,61,74,58,67,30.1,30.4,30.7,31.1,30.4,29.5,9.3,6.3,8.1,10.4,7.9,7
23-04-23,Khulna,0,0,0,0,0,0,57,68,65,70,66,67,27.6,26.1,27.1,27,27.5,26.5,2.1,0.2,2.3,0.3,1.3,1
24-04-23,Khulna,0,0,0,0,0,0,78,81,77,79,78,73,24.8,25.1,26.9,26.9,25.6,25.8,5.9,5.2,7.2,7,6.4,6.1
25-04-23,Khulna,7,7,1,1,1,7,73,67,68,65,70,70,27,28.3,29,29.2,28.5,27.4,7.1,7.1,8.5,10.2,7.7,7.9
26-04-23,Khulna,0,0,0,0,0,0,71,65,65,67,67,68,27.8,29.5,30.2,30,30,28.5,8,6.3,9.4,8.6,6.7,7.6
27-04-23,Khulna,3,0,0,0,0,0,81,77,74,72,78,75,24.9,27.3,28.2,29.2,27.7,26.1,6.7,6.1,9.3,9.5,8.5,5.6
28-04-23,Khulna,12,9,6,76,34,11,78,75,74,84,76,76,27.3,27.7,28.4,26.6,28,27.2,6.2,5.7,8.1,8,9.4,5.9
29-04-23,Khulna,0,0,0,5,7,0,78,77,72,84,77,84,27.1,27.6,28.6,27.3,27.4,24.6,7.2,4.6,8.1,7,6.6,5.6
30-04-23,Khulna,12,31,8,2,5,25,80,79,73,78,79,79,26.1,26.4,27.9,28,26.7,25.9,7.4,4.8,6.5,5,6.5,6.9
1/5/2023,Khulna,7,4,1,2,5,10,84,80,78,80,80,80,25.3,26,26.8,27,26.6,24.8,3.4,3.6,4.1,3.2,3.7,3.8
2/5/2023,Khulna,2,0,3,1,0,5,74,66,58,69,60,73,28,28.8,30.6,29.1,29.8,27.7,9.1,7.6,11.3,10.1,10.9,8.4
3/5/2023,Khulna,0,0,0,0,0,0,76,85,81,81,80,78,27.9,25.8,27.6,28.7,27.8,26.8,6.7,2.1,5.3,5.5,4.7,4.8
4/5/2023,Khulna,0,51,6,0,32,0,76,77,79,86,79,72,28.3,28.4,28.6,28.2,28.2,28.1,8.5,6.3,1.5,0,1.3,6.4
5/5/2023,Khulna,1,1,1,2,0,0,71,76,72,82,75,76,29,29.1,29.9,29.2,29.3,28.5,8.4,8,9.3,4.7,9.2,6.6
6/5/2023,Khulna,0,0,0,2,0,0,72,72,70,78,72,69,30.2,30.7,31.1,30.5,31.3,30,9.2,8,8.4,9.3,8.2,8
7/5/2023,Khulna,0,0,0,0,0,0,64,67,69,73,68,62,30.9,31.2,32.5,31.8,32.1,31.4,10.7,9.1,10.6,11,11.4,9
8/5/2023,Khulna,0,0,0,0,0,0,60,64,66,72,64,59,31.5,31.8,33,32.4,32.5,31.2,10.6,9.2,10.9,9.7,10.9,9.5
9/5/2023,Khulna,0,0,0,0,0,0,54,64,63,76,67,58,32.5,32.5,33.3,32,32.7,31.8,7.5,8.4,9.1,8.5,8.4,7.6
10/5/2023,Khulna,0,0,0,0,0,0,58,69,69,75,65,58,32.2,32,32.7,32.1,32.6,32.7,9.8,6.8,9.6,10.7,9.7,9.8
11/5/2023,Khulna,0,0,0,0,0,0,66,64,65,78,67,73,31.6,32.2,32.3,31.4,32,30.8,9.8,8.4,9.3,10.4,9.9,8.2
12/5/2023,Khulna,0,0,0,0,0,0,72,74,67,82,75,79,30.3,30.7,31.8,31,31,29.1,0.8,1.5,4.8,6.6,3.9,2.4
13-05-23,Khulna,0,0,0,0,0,0,63,74,69,79,77,75,31.9,30.4,30.8,29.7,30.1,30.2,5.1,0,5.2,1.8,2.2,6.6
14-05-23,Khulna,0,0,0,0,1,0,58,63,61,70,64,69,29.5,29.3,29.1,29.1,28.9,28.2,7.2,3.4,1.4,0.7,5.4,7.8
15-05-23,Khulna,0,0,0,0,0,0,64,67,68,77,66,68,28.4,28.3,28.8,28.4,28.9,28.3,0,8.3,10.9,10.3,10.7,9.5
16-05-23,Khulna,0,14,9,9,6,0,74,76,74,82,75,74,26.9,28.3,29,29,29.2,27.4,7.6,8.1,9.7,10.6,10.5,6.8
17-05-23,Khulna,8,19,5,6,18,24,78,77,76,81,74,79,26.9,29,29,29.2,29.6,26.2,7.8,7.4,8.6,9.9,9.2,6.4
18-05-23,Khulna,35,23,15,7,8,15,79,76,80,91,81,76,25.8,25.4,25.5,24.4,26.2,26,3.3,4.2,3.8,2.7,5.4,4.6
19-05-23,Khulna,0,25,35,56,48,0,75,80,74,82,73,76,28.6,29.7,29.8,30.4,29.6,29.1,8.2,6.2,10.4,9.2,10.1,5.6
20-05-23,Khulna,1,17,0,0,0,0,80,73,69,77,71,67,30.1,30.4,31.1,30.2,31,29.9,10.7,8.1,10.6,8.8,9.2,9.7
21-05-23,Khulna,0,0,0,0,0,0,79,74,76,82,74,76,29.9,30.6,31.6,30.8,31.5,29.4,7.5,2.6,11,8.4,9.4,5.8
22-05-23,Khulna,2,0,0,0,0,3,74,73,75,80,72,74,30.1,31.2,31.6,31,31.7,29.9,9.7,4.6,9.8,9.7,10.5,8.8
23-05-23,Khulna,0,0,0,0,0,0,81,80,79,83,77,86,27.5,28.2,29.8,29.7,29.8,26.7,5.4,5.5,5,8.3,8,2.3
24-05-23,Khulna,15,46,39,35,22,51,81,83,81,87,83,78,26.8,26.8,26.7,26.7,27.3,26.9,2.5,0,3,2.7,3.4,7
25-05-23,Khulna,0,0,0,0,0,0,82,76,74,82,71,82,27.5,28.9,29.5,30.2,29.9,27,8.1,7.5,9.2,9,9.3,5.6
26-05-23,Khulna,21,15,3,16,9,43,78,76,74,85,76,78,27.1,27.7,28.1,28,27.7,26.7,10.3,7.5,9.7,5.1,9,8.3
27-05-23,Khulna,7,3,16,7,7,2,87,84,82,84,85,83,25.7,26.8,28,29.3,27.7,25.5,2.7,9,7.5,6.8,6.8,4.9
28-05-23,Khulna,4,2,24,3,17,14,81,76,75,77,74,77,28.4,29.3,29.7,30.2,30.1,28.6,8.6,8.5,10.1,10.9,10.3,9.1
29-05-23,Khulna,0,0,0,0,0,0,74,73,68,78,71,72,30.5,30.9,31.9,30.9,31.6,30.4,10.8,8.8,11.1,11.3,10.6,9.8
30-05-23,Khulna,0,0,0,0,0,0,72,74,70,79,71,72,31.6,31.8,32.7,31.5,32.2,31.8,8.7,6.5,10.4,8.5,8.1,5.7
31-05-23,Khulna,0,0,0,0,0,0,72,71,69,79,67,68,31.6,32.5,33,31.9,33.3,32.4,9.4,8.7,10.5,9.4,10.4,9.3
1/6/2023,Khulna,0,0,0,0,0,0,68,73,72,80,71,69,32.5,33.1,32.7,32,33.1,32.5,9.7,7.6,5.8,6.9,6.5,9.1
2/6/2023,Khulna,0,0,0,0,0,0,61,68,68,79,70,60,33.4,32.5,32.3,31.6,32.3,33,10.9,7.8,8.4,8.6,7.3,9.7
3/6/2023,Khulna,0,0,0,0,0,0,70,72,71,80,69,70,32.9,32.7,32.9,32.3,33.2,32.3,9,6.1,9.4,8.1,8,8.3
4/6/2023,Khulna,0,0,0,0,0,0,70,75,73,81,71,74,32.8,32.7,33.2,32.5,32.7,32.1,9.9,7.2,10.6,7.6,9.4,7.1
5/6/2023,Khulna,0,0,0,0,0,0,64,67,65,76,67,68,32.2,33.2,33.8,32.8,33.4,31.6,7.2,8.3,11.2,11.1,10.6,9
6/6/2023,Khulna,0,0,0,0,0,0,68,68,63,76,65,70,32.6,33.4,34,32.7,33.6,32.5,8.1,7.8,9.7,9.5,10.6,9.4
7/6/2023,Khulna,0,0,0,0,0,0,61,68,72,85,67,72,33.7,33.5,33.5,32.3,33.7,31.1,8.2,5.6,2,0,6.4,6.7
8/6/2023,Khulna,0,0,0,0,0,10,79,84,85,91,84,85,31.6,31.5,30.8,30,31.2,30.5,0.1,0,0,0,0,0.1
9/6/2023,Khulna,0,0,0,1,0,0,85,86,85,88,81,82,28.5,29.1,28.7,28.4,28.5,28.4,1.4,0.1,0.2,0,0.1,0.9
10/6/2023,Khulna,0,0,4,0,58,0,77,72,81,84,75,78,29.3,29.8,28.9,28.7,29.6,29.1,2.5,0,0,0,0,4.4
11/6/2023,Khulna,0,0,0,0,0,0,76,75,77,83,78,81,30.8,31.6,30.9,30.4,30.9,30.2,4,4.7,5,2.5,5.6,4.7
12/6/2023,Khulna,0,0,0,1,1,0,78,75,77,84,76,82,30.3,31,29.8,30.1,31.9,28.6,3.5,3.5,2.2,3.5,4.4,3.6
13-06-23,Khulna,0,0,0,34,0,0,74,77,78,83,78,78,30.8,29.8,30.6,30.6,31.7,30.2,3.9,1.6,6.2,6.8,6,5.2
14-06-23,Khulna,0,0,0,14,36,0,72,70,68,75,67,69,31.6,33.4,33.7,32.9,33.6,32.1,8.1,8,10.6,9.9,10.5,6.3
15-06-23,Khulna,12,2,2,0,4,0,79,77,82,87,80,74,32.5,32.3,31.6,31.5,31.9,32.5,6.9,3.6,0.8,0,1.8,5.3
16-06-23,Khulna,1,0,0,2,0,0,76,74,76,82,77,76,33.3,33.1,32.5,32.4,32.6,32.8,7.5,3.2,6.5,6.1,6.8,6.2
17-06-23,Khulna,0,0,0,0,0,0,80,78,77,81,78,71,30.4,31.5,31.6,31.5,31.8,30.5,1.7,2.7,7,3.3,4.5,6.6
18-06-23,Khulna,6,14,2,0,4,0,82,80,85,91,85,80,30.6,30.7,30,29.4,29.3,29.5,1.9,0.6,0.8,0.5,0,2.6
19-06-23,Khulna,9,1,4,26,2,4,86,84,81,88,89,76,27.9,28.7,29.9,29.2,28.1,29.5,0,0.1,3.6,0.7,0,2.4
20-06-23,Khulna,3,0,0,0,24,0,84,88,78,87,81,84,29.8,29.6,31.4,30.8,30.9,29.1,1.3,2.3,6.7,5.1,3.6,1.5
21-06-23,Khulna,0,1,0,8,1,0,85,78,84,91,81,89,30.3,31.6,30.6,30.5,30.9,28.3,1.4,0,4.4,1.5,5.3,1.2
22-06-23,Khulna,3,0,29,56,1,16,90,89,89,93,83,86,28.3,28.8,29,28.6,30,28.6,0,0,1.5,0.2,2,0.7
23-06-23,Khulna,54,26,17,4,0,0,78,85,88,84,88,78,30,29.9,29.4,30.5,29.3,29.4,9.3,5.9,3.9,4.2,4.2,7.5
24-06-23,Khulna,0,3,4,2,27,0,85,81,84,86,86,78,29.5,30.3,29.8,30.1,29.5,29.6,5.1,2.5,4.6,3.1,3.7,6.9
25-06-23,Khulna,0,0,5,6,12,0,79,83,88,94,87,78,29.8,29.4,28.7,28,28.9,29.4,5.5,3.7,2.3,0,2.7,8.3
26-06-23,Khulna,1,5,6,19,4,0,89,87,89,92,87,85,28,28.4,28.2,28.3,28.5,28,2.2,1.2,2.4,0.7,1.4,3.1
27-06-23,Khulna,7,17,9,5,2,7,86,86,89,92,88,89,28.4,28.4,28,28.1,28.2,27,1.2,0,0.3,0,0.4,0.1
28-06-23,Khulna,8,21,23,37,51,2,93,93,97,97,96,92,26.8,26.5,26.3,26.6,26.6,26.2,0.1,0,0,0,0,0
29-06-23,Khulna,8,72,103,40,39,34,88,89,96,97,93,87,28.1,27.2,26.4,26.4,27.2,27.9,0.1,0,0,0,0.5,0
30-06-23,Khulna,22,0,20,94,11,1,92,88,87,93,87,92,27.3,28.2,29.6,29.2,29.2,27.3,1.8,2.8,4.6,2.1,4.9,2.5
1/7/2023,Khulna,15,41,4,51,14,16,91,86,90,92,87,93,28.2,30,29.7,29.8,30.5,27.3,2.9,3.5,0,2.3,1.1,1.7
2/7/2023,Khulna,8,7,2,32,0,68,83,81,84,92,81,90,31.1,31.3,30.3,29.5,31.3,28.9,4.2,2.9,6.8,4,6.1,1.9
3/7/2023,Khulna,0,0,0,114,0,39,89,82,79,86,75,90,29,30.4,31.6,30.9,31.9,28.3,3,5.6,7.2,4.2,7.9,3.6
4/7/2023,Khulna,37,1,0,0,0,10,78,76,76,86,75,77,30.7,31.8,31.9,30.5,31.6,31,11.4,9.7,10.2,7.5,10.5,9.4
5/7/2023,Khulna,0,0,0,7,0,0,80,82,83,89,83,79,30.5,30.5,30.3,29.8,30.1,30.2,8.7,5.2,6.8,5.4,6.3,7.7
6/7/2023,Khulna,11,6,8,18,27,0,88,86,92,94,89,83,29,29.3,28.7,28.8,29.2,29,4.9,0.9,0.7,0.1,1.8,3.4
7/7/2023,Khulna,4,0,7,0,8,0,85,86,85,92,84,80,29.4,29.4,29.6,28.9,30,29.3,4.3,5,8.2,1.9,6.5,6.8
8/7/2023,Khulna,2,6,43,32,3,0,89,81,81,87,80,88,28.9,30.7,30.3,30.2,30.6,28.6,3.9,5.7,9.4,7.8,8.8,4.5
9/7/2023,Khulna,13,2,0,0,0,19,83,80,76,84,76,79,30.5,31.2,31.4,30.5,31.4,30.3,5.4,5.3,10.3,7.2,9.3,5.6
10/7/2023,Khulna,0,0,0,0,16,0,83,86,86,87,88,83,30.6,30,29.7,30,29.5,29.6,6.3,2.2,4.3,3.1,0.2,5.2
11/7/2023,Khulna,0,5,7,1,2,20,79,79,83,91,80,81,30.6,30.7,29.7,29,30.3,29.7,5.7,5.1,0.8,1.4,2.5,3
12/7/2023,Khulna,0,0,0,28,0,1,83,80,80,88,87,79,29.5,29.9,30.1,29.3,29,29.8,6.4,5.2,5.9,2.3,2,8.1
13-07-23,Khulna,8,1,4,8,24,0,82,76,81,88,80,82,30.3,30.5,30.4,29.6,30.5,30.1,7.2,3.6,7.8,1.3,7.4,4.1
14-07-23,Khulna,0,0,1,0,0,1,82,84,85,90,83,83,30.3,29.9,29.5,29.1,29.8,29.8,6.5,3.9,5.1,2,3.3,4.7
15-07-23,Khulna,0,1,1,10,2,2,86,78,81,85,82,87,29.1,30.1,29.6,29.3,29.8,28.7,2,4,7.1,3.5,5.5,3.2
16-07-23,Khulna,6,0,0,5,0,2,87,79,82,88,84,83,28.6,30.1,29.7,29,29.5,29,2.5,3.1,3.2,4,2.2,4.9
17-07-23,Khulna,7,0,0,5,1,0,84,75,81,83,81,85,29.8,31,30.3,30.5,30.8,29.2,5.3,5.2,5.7,7.3,8.8,4
18-07-23,Khulna,1,0,1,0,1,3,80,78,79,81,79,78,30.7,31,30.8,31.1,30.9,30.5,9.1,5.9,6.3,9.2,8.9,6.4
19-07-23,Khulna,0,0,0,0,3,0,80,81,78,81,78,78,30.5,30.5,30.6,31,30.7,30.6,10.2,5.4,10.5,9.7,8.4,8.5
20-07-23,Khulna,0,0,2,0,0,0,78,78,80,82,77,75,30.8,31.2,30.8,30.9,31,31,9.7,7,9.5,9.7,9.9,10.5
21-07-23,Khulna,0,0,0,0,2,0,80,79,85,90,88,81,29.8,30.6,29.6,29.5,29.3,30.2,6.2,3.5,4.7,4.9,3.3,6.5
22-07-23,Khulna,0,0,6,7,5,1,84,81,83,87,84,78,29.9,30.1,29.9,29.6,29.9,30.5,7.2,4.3,9.2,7.8,5.1,7.8
23-07-23,Khulna,2,0,5,21,11,0,80,78,77,83,82,78,30.2,30.5,30.6,30.8,29.8,30.4,8.2,6.3,9.4,8.7,4.2,6.5
24-07-23,Khulna,0,0,1,14,6,0,79,78,74,81,77,73,30.5,30.9,31.3,30.7,31,31,10.4,7.6,10.2,7.6,11.2,8.5
25-07-23,Khulna,0,0,0,0,0,0,81,83,86,89,85,74,30.2,30,29.3,29.2,29.5,30.5,7.9,4,6,3.4,4.4,8.4
26-07-23,Khulna,3,0,16,21,23,0,81,84,88,90,88,85,30.2,29.6,29,29,28.9,29.1,6.8,3.9,5.2,7.7,3.4,7.2
27-07-23,Khulna,6,11,13,11,11,6,85,87,85,84,81,80,29.6,29.8,29.5,30.2,30.1,29.7,7.1,2.6,5,7.8,3.5,5
28-07-23,Khulna,0,4,25,2,9,6,79,81,78,83,81,79,30.5,30.4,30.6,30.5,30.5,30.1,7.8,5.9,9.7,9.4,7.3,7.8
29-07-23,Khulna,1,0,0,2,0,2,84,84,88,92,85,85,30.2,29.9,29.8,29.1,30.2,29.7,5.1,1.6,2,1.7,2.8,5.2
30-07-23,Khulna,0,0,4,22,2,9,80,78,81,82,82,80,31.5,30.9,30.8,31.5,31.6,31,8.6,4.9,8.7,8.7,7.4,6
31-07-23,Khulna,0,0,1,0,3,0,81,80,84,87,82,80,31,31.2,30.4,30.4,30.8,31.2,5.7,4.4,4.8,3.4,5.6,6.1
1/8/2023,Khulna,6,22,41,20,68,0,81,85,87,90,86,81,30.9,30.1,29.5,29.5,29.4,30.4,6.2,4.1,3.5,2.4,4,7.2
2/8/2023,Khulna,4,17,33,25,37,0,88,83,90,93,87,87,28.2,29.5,28.4,28.2,28.8,28.8,3.5,2.8,0.2,0,3.3,1.7
3/8/2023,Khulna,7,0,11,11,6,25,87,85,91,91,85,85,29.3,29.5,28.6,29.1,29.6,29,2.1,0.4,0,0,0.5,2.7
4/8/2023,Khulna,2,1,17,14,2,3,81,83,89,92,82,87,29.8,29.6,28.8,29.3,29.7,28.9,2.7,0.5,0,0,1,0.8
5/8/2023,Khulna,0,4,19,10,8,9,87,87,88,88,82,89,28.6,29.2,29.4,28.7,29.5,28.3,0.9,1.9,3.7,0,1.3,2
6/8/2023,Khulna,2,19,7,65,0,13,91,91,93,96,88,92,27.8,27.6,28.3,28.2,28.2,27.6,0,0,0,0,0,0
7/8/2023,Khulna,0,22,5,21,16,4,92,92,96,99,95,92,27.7,27.7,27.3,27.3,27.4,27.7,0,0,0,0,0,0
8/8/2023,Khulna,28,16,18,192,41,23,91,88,90,95,88,88,27.3,28,27.5,27.2,27.6,27.7,0,0,0,0,1.2,0
9/8/2023,Khulna,1,23,1,8,7,2,84,82,85,89,81,82,29.1,30.3,29.4,29.1,30.4,29.1,3.9,3.6,7.2,3.8,6.5,6
10/8/2023,Khulna,0,0,3,4,0,11,81,88,86,90,87,84,30.1,29.5,28.9,29,29.5,28.7,7.9,1.8,2.6,0.9,1.3,5.9
11/8/2023,Khulna,0,0,1,0,3,54,88,80,83,87,84,90,29.1,30.4,29.7,29.3,29.8,28,2.3,2.9,1.1,1.3,2.6,0.4
12/8/2023,Khulna,5,0,1,3,50,75,88,88,86,94,88,88,28.1,28.6,28.7,27.7,28.6,28.1,2.8,0.6,0.7,0,1.3,1.1
13-08-23,Khulna,15,34,0,23,21,3,90,91,91,91,88,93,27.3,28,28.2,28.1,28.6,26.6,0,0,0.7,0,0,0
14-08-23,Khulna,0,5,30,24,3,3,81,84,90,93,87,83,29.6,29.6,29,28.3,29.4,29,3.7,1.7,0.5,0.6,1.4,1.6
15-08-23,Khulna,0,0,0,0,21,75,81,82,79,86,80,84,30.8,30.8,31,30.5,31,29.6,5.1,3,7.7,3.6,7.6,3.5
16-08-23,Khulna,0,3,0,0,0,49,88,88,83,85,83,86,28.8,29.3,30.7,30.8,30.3,29.2,1.2,1.3,2,3,4,0.8
17-08-23,Khulna,20,17,0,0,0,1,80,83,83,84,84,79,30.7,30.5,30.4,30.6,30.4,30.9,8.3,6.3,4.8,6,5.4,7.3
18-08-23,Khulna,0,3,1,1,3,0,85,81,81,86,80,84,29.4,29.7,29.9,29.4,29.8,29.9,8.8,5,9.2,7,6.7,6.5
19-08-23,Khulna,2,8,0,2,1,0,81,78,79,81,77,79,29.9,30.5,30.1,30.6,30.6,29.9,8.2,7,8.6,9.4,9.3,8.7
20-08-23,Khulna,0,0,0,2,0,0,79,77,76,79,76,75,30.4,31,30.9,31,30.5,30.6,9.5,7.2,9.8,9.3,8.7,8.3
21-08-23,Khulna,0,0,0,0,0,0,85,81,84,81,77,82,29.7,30.5,29.8,31,30.8,29.8,5.5,5.4,6,7.2,8.7,4.6
22-08-23,Khulna,1,0,14,0,0,1,86,83,85,88,81,86,29.6,29.9,29.5,28.8,30.4,29.3,1.1,0,1,0.5,1.6,0.4
23-08-23,Khulna,0,0,0,0,0,0,91,92,90,90,92,87,28,28.5,28.9,29,28.1,28.5,0.2,0,1.1,1.4,0,1.7
24-08-23,Khulna,0,10,20,0,56,0,85,91,87,88,87,84,28.8,27.9,29.1,29.3,28.7,28.9,0.4,0,0.7,0.1,0,1.4
25-08-23,Khulna,19,65,11,0,36,34,97,93,96,97,95,94,26.1,26.6,27.1,27.1,27,26.6,0,0,0,0,0,0
26-08-23,Khulna,85,39,42,31,28,14,95,88,90,93,90,94,27.1,28.3,28.1,28.4,28.2,27.1,0,0,0.6,0.2,0,0
27-08-23,Khulna,13,0,18,10,20,12,82,78,85,90,80,78,30.2,30.9,30.3,29.5,30.8,30,6.5,6.7,2.8,0,5.9,5.3
28-08-23,Khulna,0,1,0,1,0,0,79,77,83,88,82,78,30.7,31.1,30.3,29.5,30.7,30.8,6.2,4.7,2,0.1,2.5,6.3
29-08-23,Khulna,0,0,1,13,0,0,77,78,78,80,76,76,30.4,31.4,31.4,30.9,31.7,31.6,6.4,6.4,5.5,7.7,7.8,7
30-08-23,Khulna,0,0,0,0,0,0,78,79,76,88,77,81,30.8,31.5,32.1,30.2,32,31,4.5,3.9,4,2.1,5.6,6.3
31-08-23,Khulna,0,0,0,5,0,0,76,82,84,90,75,79,31.7,31.3,30.5,29.6,31.9,31.3,7.2,2.1,1.5,3.6,6,5.3
1/9/2023,Khulna,0,7,3,5,0,0,82,85,90,87,83,83,30.7,30.5,29.5,30,30.3,31,4.5,2.1,2.1,4.6,1.1,5.1
2/9/2023,Khulna,2,2,34,0,2,3,81,86,84,85,82,84,30.4,30.6,30.5,30.6,31,30.4,2.7,0.5,3.7,3.9,3.9,2.9
3/9/2023,Khulna,0,0,3,0,0,1,85,82,81,87,79,85,29.4,30.5,29.7,29.1,30.3,29.5,1.9,2.1,2.1,4.7,1.6,4.2
4/9/2023,Khulna,17,7,1,17,0,8,84,84,86,88,85,87,29.4,29.9,29.7,29.6,29.5,29.6,3.5,0.7,0.9,1.5,2,3.8
5/9/2023,Khulna,0,4,3,7,5,2,85,84,83,90,84,78,29.7,29.8,30.1,28.8,29.6,31,5.2,0.6,4.7,4.5,3.6,7.8
6/9/2023,Khulna,12,2,17,6,9,0,81,77,78,87,78,83,30.4,30.7,30.3,29.3,30.5,30.3,6.1,3.4,5.5,4.2,6.6,4.8
7/9/2023,Khulna,0,0,1,4,1,2,86,88,88,92,86,85,28.8,28.7,28.7,28.5,29.2,29,5,1.2,3.2,3.3,1.9,2.8
8/9/2023,Khulna,2,12,8,20,4,14,88,90,92,94,92,86,28.4,28.6,28,27.9,28.2,28.3,1.7,0,0,0,0,0.5
9/9/2023,Khulna,3,0,2,4,2,2,84,82,81,87,82,74,29.8,30.4,30.4,30.2,30.5,31.1,7.6,6.1,8.7,5.2,8.7,5.6
10/9/2023,Khulna,0,0,4,0,0,0,78,78,78,87,78,75,30.9,31,30.9,30.1,30.9,31,9.5,8.2,7.9,7.1,8.3,7.1
11/9/2023,Khulna,0,0,0,0,0,0,82,85,82,89,80,82,30.1,29.9,30.2,29.7,30.6,29.8,8.4,3.7,3.1,1.2,6,6.9
12/9/2023,Khulna,8,0,0,0,0,13,89,80,89,86,81,85,28.2,30.5,28.9,30.1,30.3,29,1.6,4.4,4.3,3.5,6.2,3.1
13-09-23,Khulna,13,0,31,6,7,4,79,79,83,87,83,81,29.9,30.5,29.6,29.2,29.6,29.9,8.7,8.3,8.7,5.2,8.1,6.8
14-09-23,Khulna,0,0,8,3,6,4,84,87,89,96,86,85,28.9,28.5,28.6,27.7,29.1,28.8,5.5,0.5,0.2,0,1.7,7.4
15-09-23,Khulna,0,3,2,22,6,0,84,89,91,91,86,84,29.4,28.7,28.5,28.9,29.3,29.4,4.1,0,0,1.4,2.7,4.4
16-09-23,Khulna,0,2,6,16,1,0,81,79,80,85,80,80,30.5,31.2,30.7,30.6,30.9,30.5,9.6,8.2,10.4,9.6,9.3,7.3
17-09-23,Khulna,0,0,0,0,0,0,76,78,80,82,76,77,30.9,31.2,31,31.1,31.6,31.4,8.8,6.7,7.1,10.5,10.6,8.2
18-09-23,Khulna,0,0,4,56,0,0,81,86,91,92,86,87,28.7,28.5,27.6,27.5,28.8,28.5,1.5,3.9,1.5,1.6,4.4,3.7
19-09-23,Khulna,0,2,14,21,8,0,88,89,88,91,85,91,28.1,28.3,28.1,28.1,28.9,27.1,4,4,4.6,4.3,5,0.9
20-09-23,Khulna,10,6,33,16,0,10,92,88,92,93,89,91,26.9,28,28.2,28.3,28.7,27.1,0.6,1.8,0.8,0,2.3,0.7
21-09-23,Khulna,35,30,10,10,13,19,95,92,90,95,90,91,27,27.6,28.1,28,28.4,27.2,0,0.8,1.3,1.5,0.9,0.7
22-09-23,Khulna,38,13,1,14,7,18,93,92,92,88,89,90,27.1,27.4,28.2,29.3,28.7,27.7,1.4,2.9,3.1,4.6,3.4,2.2
23-09-23,Khulna,25,40,28,0,8,2,91,90,90,92,85,93,27.5,28.2,28.4,28.7,29.4,26.9,1,1.1,3.2,2.4,3.8,1.2
24-09-23,Khulna,2,13,7,13,1,4,89,91,92,95,91,89,27.8,27.9,27.4,27.2,27.9,27.7,11.7,0.3,3.8,1.9,0.7,1.4
25-09-23,Khulna,0,22,25,11,15,2,90,87,87,92,88,90,28.3,28.9,29.6,28.7,28.8,27.5,2,2.1,4.9,4.7,2.2,4.2
26-09-23,Khulna,4,4,9,12,0,10,83,80,76,85,80,78,29.6,30.5,31,30,30.5,30,7.4,8.4,10,9.7,9.9,7.8
27-09-23,Khulna,0,0,0,0,0,0,83,80,79,87,80,83,29.7,30.7,31.1,30.1,31,30.1,6.8,6.6,7.5,0,9.6,7
28-09-23,Khulna,0,0,0,0,0,0,83,79,81,87,83,80,30.7,31.4,31.4,31,31.3,30.6,7.4,5,7.4,6.9,7.7,7.1
29-09-23,Khulna,0,0,12,0,0,0,86,90,94,94,91,84,29.4,28.9,28.3,27.2,28.7,30,0.7,0,0,0,0,0
30-09-23,Khulna,14,2,0,22,0,0,87,86,87,91,88,85,28.1,28.9,28.4,28.3,28.6,28.4,2.4,2.7,5.4,6.9,3.8,3.8
1/10/2023,Khulna,6,5,5,5,47,0,90,85,88,88,88,86,27.7,28.9,28.1,28.8,28.5,27.8,2.1,3.4,4.7,4.8,3.2,6.2
2/10/2023,Khulna,7,24,15,3,33,0,86,87,96,95,90,88,28.2,28.4,26.4,27.3,27.6,28,5,1.1,0,0.5,1.1,4.3
3/10/2023,Khulna,0,0,41,52,0,8,89,87,93,97,92,89,27.6,28.1,27,27,27.4,27.5,4.6,1,1.2,0,1.6,3.1
4/10/2023,Khulna,6,3,80,59,18,15,94,91,95,97,94,94,26.6,27.1,26.9,26.9,27.3,26.5,0,0,0,0,0,0
5/10/2023,Khulna,169,35,16,50,47,55,95,93,91,91,93,96,26.9,27.5,28.5,29.2,28.2,26.3,0,0,0,0.6,0,0
6/10/2023,Khulna,7,119,5,23,29,128,89,87,88,91,87,88,27.8,29,28.7,28.8,28.8,27.5,2.4,2.1,4.9,0.6,3.7,0.4
7/10/2023,Khulna,0,0,3,58,1,0,86,82,85,93,84,85,28,29.3,29.5,28.8,29.5,28.4,4.6,3.4,7.3,3.5,5.5,2.6
8/10/2023,Khulna,0,0,0,14,0,0,85,77,78,87,78,84,29.2,30.3,30.4,29.9,30.5,28.8,8.4,8.2,9.7,8.5,10,8.3
9/10/2023,Khulna,0,0,0,0,0,0,85,82,85,87,85,84,29.2,29.2,29.9,30.3,30.3,29.2,5.4,4.4,4.8,6.7,4.7,4.3
10/10/2023,Khulna,0,0,0,0,0,0,81,80,78,81,78,83,29.9,30.4,30.5,29.9,30.8,29.3,7.8,7.2,7.3,7.9,8.8,6.7
11/10/2023,Khulna,0,0,0,0,0,0,82,79,77,83,79,82,29.6,30.5,31.1,30.5,30.7,29.4,8.2,7.3,8.2,7.7,8.8,7.4
12/10/2023,Khulna,0,0,0,0,0,0,79,76,75,84,77,80,28.7,30.3,30.9,30.3,30.4,29.3,9.5,7.3,6.9,9,9,7.6
13-10-23,Khulna,0,0,0,0,0,0,79,79,72,83,77,80,27.9,29.6,30.3,29.7,29.8,28.3,9.5,6.4,8.4,7.2,8.3,7.4
14-10-23,Khulna,0,0,0,0,0,0,79,75,72,82,76,76,27.9,29.4,30.1,29.6,29.1,28.8,7.6,6.1,9.1,9.1,7,7.7
15-10-23,Khulna,0,0,0,0,0,0,79,77,74,85,75,77,27.2,28.3,29.2,29,28.8,27.6,9.2,7.2,9,8.9,5.6,8.2
16-10-23,Khulna,0,0,0,0,0,0,81,77,72,81,77,79,27,27.8,28.8,28.3,28.4,27.6,8.4,8,9.5,9.1,8.7,6.8
17-10-23,Khulna,0,0,0,0,0,0,82,80,75,80,75,81,27,27.6,28.7,28.2,28.4,27.5,6.7,7.1,9.2,9.1,9.8,6.9
18-10-23,Khulna,0,0,0,0,0,0,82,81,78,82,79,82,26.7,27.5,28.2,28.5,28.5,27.2,8.5,7,8.2,7.7,8.7,7.9
19-10-23,Khulna,0,0,0,0,0,0,79,79,79,82,77,80,25.9,27,27.9,27.8,27.9,26.9,9.7,7.7,9.3,8.4,9.5,8.1
20-10-23,Khulna,0,0,0,0,0,0,75,76,75,80,75,79,25.9,26.9,27.5,27.4,27,26.2,9.7,7.9,9.9,9.9,10.2,8.1
21-10-23,Khulna,0,0,0,0,0,0,79,80,76,79,77,79,25.5,26.3,27.4,27.2,27.1,26.6,9.5,8.2,9.7,10,10.2,8.2
22-10-23,Khulna,0,0,0,0,0,0,82,83,79,81,81,81,25.9,26.8,28.7,28.3,27.8,26.7,3.4,2,5.8,6.6,3.5,3.9
23-10-23,Khulna,0,0,0,0,0,0,82,87,81,84,82,86,26,26.2,27.5,26.9,27,25.4,2.6,2.2,1.1,0.1,2.8,2.3
24-10-23,Khulna,0,14,0,1,1,5,85,84,84,88,83,85,26.2,26.7,26.4,26,26.8,26.5,2.8,4.4,0.8,0,3.3,2.3
25-10-23,Khulna,0,0,0,0,0,0,84,82,81,84,82,82,26.2,27.8,28.3,28,27.7,26.8,6.8,7.7,7.4,7.7,9.7,8.7
26-10-23,Khulna,0,0,0,0,0,0,82,80,76,82,79,80,26.3,27.5,28.4,28.2,27.6,26.6,9.2,8,9.8,9.5,9.5,8.3
27-10-23,Khulna,0,0,0,0,0,0,80,77,77,82,79,78,25.6,27,27.4,27,27,26.1,6.3,5.1,6.9,6.3,5.1,7.8
28-10-23,Khulna,0,0,0,0,0,0,79,81,71,75,77,77,25.5,26.4,27,26.5,26.9,26.1,6,4.8,8.7,8.8,7,6.7
29-10-23,Khulna,0,0,0,0,0,0,78,76,72,77,79,78,24.2,25.6,26.5,26.4,26.1,24.5,8.6,5.9,8.9,8.9,8,7.4
30-10-23,Khulna,0,0,0,0,0,0,80,80,74,78,75,83,25,25.5,26.3,25.9,26,25.1,9.1,7.6,9.9,9,9.2,6.1
31-10-23,Khulna,0,0,0,0,0,0,81,79,71,79,78,78,25.8,26.2,27.1,27,27,25.9,8.8,7.5,9.6,9.6,9.6,7.6
1/11/2023,Khulna,0,0,0,0,0,0,79,78,75,79,77,75,26.2,26.4,28.4,28,27.8,26.8,9.8,7.5,9.3,9.8,10,7.9
2/11/2023,Khulna,0,0,0,0,0,0,78,79,76,82,76,78,26.3,26.5,28.3,28,28,26.8,9.4,7.3,9.7,9.5,9.3,7.8
3/11/2023,Khulna,0,0,0,0,0,0,80,79,74,83,77,81,26.6,26.5,28.1,28,28.2,26.6,6.3,5.9,9,9,8.4,5.2
4/11/2023,Khulna,0,0,0,0,0,0,81,80,78,83,77,78,25.1,26.1,28.1,27.9,27.4,26.2,4,3,5.2,6.1,6.3,4.8
5/11/2023,Khulna,0,0,0,0,0,0,84,81,76,81,77,83,24.7,26,27.5,27.3,27.4,25.2,0.1,2.4,4,4.5,6.3,1.5
6/11/2023,Khulna,0,0,0,0,0,0,79,77,73,78,72,78,23.8,24.4,26,25.8,25.8,24.3,7.7,7,9.2,8.8,7.3,6.7
7/11/2023,Khulna,0,0,0,0,0,0,81,82,77,78,76,81,23.3,23.9,25.4,25.2,24.9,23.9,3,3.3,8.3,7.7,7.2,5.3
8/11/2023,Khulna,0,0,0,0,0,0,78,79,76,78,77,80,23.2,23.5,24.9,24.7,23.9,23.2,8.1,6.5,8.5,8.1,8.1,6.4
9/11/2023,Khulna,0,0,0,0,0,0,80,80,77,80,77,79,23,23.6,24.8,24.9,24.3,23.5,8,6.1,8.7,8.8,7.9,6.2
10/11/2023,Khulna,0,0,0,0,0,0,79,80,75,80,79,76,22.9,23.4,25,24.5,24,23.1,8.4,6.2,8.3,7.5,8,6.7
11/11/2023,Khulna,0,0,0,0,0,0,82,81,77,81,77,77,22.7,23.2,25,25,24.7,23.4,6.2,6.5,8.3,8.2,6.8,7.3
12/11/2023,Khulna,0,0,0,0,0,0,79,78,75,75,77,78,22.8,24.2,25,25.5,24.6,23.7,8.6,7.1,9.1,9.2,8.8,7.4
13-11-23,Khulna,0,0,0,0,0,0,78,77,76,78,77,78,22.9,23.6,25.2,25,24.5,23.8,9.7,7.4,9.5,9.2,9.8,7.9
14-11-23,Khulna,0,0,0,0,0,0,77,76,75,73,78,75,23.2,24.2,25.6,25,24.6,23.6,8.5,3.9,9.4,8.6,9.4,7.7
15-11-23,Khulna,0,0,0,0,0,0,79,77,69,73,75,77,23.4,24.5,26.6,25.8,25.7,23.9,6.6,6,7.7,4.6,7,5.5
16-11-23,Khulna,0,0,0,0,0,0,88,90,87,88,83,90,23.7,23.7,24.6,24.6,24.7,23.3,0,0.2,0,0,0,0
17-11-23,Khulna,2,10,8,24,1,1,85,90,98,96,87,85,23.6,22.7,22.1,22.5,23.3,23.1,4,0,0,0,0,1.4
18-11-23,Khulna,0,5,38,68,1,0,84,83,84,84,80,84,23,23.5,24.3,24.7,24.6,22.8,3.1,4.5,8.8,8.5,8.6,1.2
19-11-23,Khulna,0,0,0,0,0,0,80,80,82,84,80,80,23.1,23.6,25.1,24.8,24.8,23.7,9.5,7.4,10,8.9,9.8,7.4
20-11-23,Khulna,0,0,0,0,0,0,79,82,82,85,79,80,23,23.9,25.3,25.3,24.8,23.7,8.4,6.1,6.4,2.9,7.3,6.3
21-11-23,Khulna,0,0,0,0,0,0,78,78,85,87,80,78,23,23.9,24.6,24.6,24.1,23.7,7.8,6.3,5.2,2.3,6,6.5
22-11-23,Khulna,0,0,0,0,0,0,77,78,77,78,76,78,21.1,22.1,23.3,23.4,22.8,21.5,6,5.5,8.3,6.7,7.9,3.8
23-11-23,Khulna,0,0,0,0,0,0,82,84,80,81,80,80,20.5,20.8,22.5,22.6,22.1,21.5,7.8,7,7.7,7.2,7.4,6.4
24-11-23,Khulna,0,0,0,0,0,0,79,82,80,83,78,78,21.7,22.1,23.5,23.2,22.7,22.1,8.2,6.6,8.2,7.7,8.3,6.4
25-11-23,Khulna,0,0,0,0,0,0,80,80,79,79,75,79,21.3,22.5,23.8,23.4,23.5,22.1,7.9,5.9,8.9,8.5,8.4,6.7
26-11-23,Khulna,0,0,0,0,0,0,77,76,78,79,79,77,21.2,22.1,23.1,23.1,23.2,21.4,9.2,6.6,9.6,9.5,9.2,7.8
27-11-23,Khulna,0,0,0,0,0,0,81,80,78,83,78,78,21.9,22.6,23.6,23.7,23.7,23.1,7.5,4.6,6.7,5.7,7.9,7.5
28-11-23,Khulna,0,0,0,0,0,0,78,76,77,79,74,76,22.4,23.3,24.1,23.6,23.8,22.9,7.7,6.2,8.2,7.9,8.5,7.1
29-11-23,Khulna,0,0,0,0,0,0,82,84,83,88,83,82,22.4,22.3,23.4,23.2,23.3,22.6,3.5,0.5,0.1,0.2,1,1.9
30-11-23,Khulna,0,0,0,0,0,0,80,82,83,82,81,79,22.2,23.1,24.2,24,24,22.4,8.4,5.4,7.9,7.5,7.6,6.7
1/12/2023,Khulna,0,0,0,0,0,0,76,75,76,79,72,76,22.2,23.4,24.3,24.1,24,22.5,9.7,6.7,8.5,9.4,9.4,7.5
2/12/2023,Khulna,0,0,0,0,0,0,81,77,76,78,75,77,22.1,23.2,24,24.3,24,22.5,7.6,5.3,8.8,8.8,9,7
3/12/2023,Khulna,0,0,0,0,0,0,84,81,78,72,78,78,21.9,23.4,24,24.8,24.2,22.6,3.8,2.8,5.1,5.4,5.9,6
4/12/2023,Khulna,0,0,0,0,0,0,79,81,83,82,78,76,22.9,23,23.7,23.9,23.8,22.9,4.5,0,0.4,0,0.1,4.1
5/12/2023,Khulna,0,0,0,0,0,0,85,87,75,75,70,80,22.2,22,24.1,24.2,23.9,22.5,0,0,0,0,0,0
6/12/2023,Khulna,0,1,0,0,0,0,89,85,78,76,77,84,21.1,22.2,24.1,24.2,23.3,21.8,0,0,0,0.3,0,0
7/12/2023,Khulna,13,26,1,0,2,9,96,93,95,89,93,95,19.8,19.5,20.9,21.9,20.7,19.8,0,0,0,0,0,0
8/12/2023,Khulna,45,77,22,1,19,35,89,88,92,90,89,88,20.6,21,21.1,21.5,20.8,20.4,3,0.3,0.1,0.2,0.9,1.5
9/12/2023,Khulna,0,0,0,0,0,0,88,84,87,86,84,89,19.6,21.4,21.8,21.7,21,19.8,5.6,3.5,7.4,7.3,7.7,4.1
10/12/2023,Khulna,0,0,0,0,0,0,83,85,83,86,81,81,18.3,19.4,20.8,20.5,19.7,19,5.8,3.7,6.6,5.3,8.2,5.5
11/12/2023,Khulna,0,0,0,0,0,0,80,79,80,77,76,82,17.6,18.7,19.5,20,19,18.6,7.1,4.1,7.2,8.3,8.7,6.1
12/12/2023,Khulna,0,0,0,0,0,0,84,83,89,88,83,83,17.9,18.7,19.9,20,19.3,18.6,6.2,4.1,2.8,6.1,7.3,5.4
13-12-23,Khulna,0,0,0,0,0,0,79,81,78,77,77,73,16.9,18.5,19.7,20,18.8,18,8.4,4.1,5.6,8,8.5,6.2
14-12-23,Khulna,0,0,0,0,0,0,81,79,77,75,74,75,16.2,18.2,19,19.1,18.4,17.2,8.1,3.6,3.3,7.8,7.1,6.5
15-12-23,Khulna,0,0,0,0,0,0,83,82,79,77,76,77,16.6,17.6,18.9,19.2,18.3,17.2,7.2,4,6.9,8,8.7,4.6
16-12-23,Khulna,0,0,0,0,0,0,80,81,80,80,77,81,16.5,17.8,19.4,19.2,18.2,18,5.9,3.6,7.7,7.4,8.2,5.9
17-12-23,Khulna,0,0,0,0,0,0,81,79,76,73,76,80,16.7,17.7,18.9,19.5,18,18,6.6,3.9,8.3,7.9,8.1,6.2
18-12-23,Khulna,0,0,0,0,0,0,82,81,81,78,78,79,16.5,17.9,19,20,18.3,18.4,5.4,2.4,5.5,7.2,6.2,6.4
19-12-23,Khulna,0,0,0,0,0,0,81,79,79,73,75,74,16.4,18.1,18.9,19.9,18.2,18.5,7.5,0,8,6.8,7.6,5.9
20-12-23,Khulna,0,0,0,0,0,0,82,78,78,79,76,77,17.1,18.4,19.6,19.6,18.6,18.4,6.8,4.1,8.8,7.8,8.1,6.8
21-12-23,Khulna,0,0,0,0,0,0,82,79,78,81,77,77,17.6,18.4,19.3,19.5,18.9,18.5,8.2,2.1,6.4,7.9,8.8,7.1
22-12-23,Khulna,0,0,0,0,0,0,83,82,83,84,83,75,18.9,19.8,20.4,20.7,19.6,18.7,6.3,3.3,6.7,6,6.5,6.6
23-12-23,Khulna,0,0,0,0,0,0,87,84,85,86,83,84,18.6,20.4,21,21.2,20.4,18.7,0,1.3,3.3,3.4,5.5,0.9
24-12-23,Khulna,0,0,0,0,0,0,89,89,93,92,89,89,18,19.3,19.7,20.2,19.2,19.1,5,2.6,3.3,1.1,4.6,2.5
25-12-23,Khulna,0,0,0,0,0,0,86,84,90,89,85,84,18.6,19.4,20,20.2,19.6,19.5,6.3,3,1.1,2.9,5.5,6.3
26-12-23,Khulna,0,0,0,0,0,0,84,83,84,87,83,84,19.2,19.7,20.8,20.7,20.2,19.2,6.6,3.3,6.8,5.7,7.1,5.5
27-12-23,Khulna,0,0,0,0,0,0,85,83,85,87,82,83,19.1,19.7,20.8,20.9,20.6,19.3,5.4,2.7,3.8,4.1,6.7,4.7
28-12-23,Khulna,0,0,0,0,0,0,84,82,82,86,83,82,19.4,19.9,21.1,20.7,20.2,19.8,8,3.9,8.3,5.8,8,4.7
29-12-23,Khulna,0,0,0,0,0,0,84,81,80,81,81,79,19.5,20.6,21.4,21.4,20.6,20.3,8,4.8,8.2,8.6,8.4,6.8
30-12-23,Khulna,0,0,0,0,0,0,83,80,81,81,77,79,19.3,20.7,21.5,21.3,20.9,20.1,7.3,4,8.2,8,8.4,6.8
31-12-23,Khulna,0,0,0,0,0,0,90,91,92,91,88,90,16.3,17.7,18.2,19.5,18.2,16.6,3,2.4,3.3,5,5.2,2.5
1/1/2024,Khulna,0,0,0,0,0,0,90,85,93,92,85,88,15.5,17.8,17.4,18.3,18.1,16.1,0,4.8,2.7,3.9,7,3.9
2/1/2024,Khulna,0,0,0,0,0,0,87,83,84,85,80,84,13.7,16.1,17.6,17.9,16.6,15.5,5.5,0,7.2,4.9,7.8,5.7
3/1/2024,Khulna,0,0,0,0,0,0,86,87,88,88,85,88,15.5,16.4,17.8,18,17.3,15.4,6.9,3.9,6.3,6.6,7.4,4
4/1/2024,Khulna,0,0,0,0,0,0,84,82,82,86,82,80,16.3,17.4,19.1,18.7,18.3,17,8.3,5.4,6.2,6.9,7.4,6.9
5/1/2024,Khulna,0,0,0,0,0,0,83,85,81,81,78,81,16.6,17.1,18.9,19.2,18.7,17.4,8.4,5.2,8.6,8,8.3,6.7
6/1/2024,Khulna,0,0,0,0,0,0,83,79,76,78,77,79,17,17.9,19.5,19.9,18.9,18.1,4.1,5,6.8,7.7,7.4,4.7
7/1/2024,Khulna,0,0,0,0,0,0,88,80,78,78,79,79,17.6,18.6,19.7,20.1,19.6,18.9,1.6,4,7.6,7.7,6.8,5.1
8/1/2024,Khulna,0,0,0,0,0,0,90,84,87,85,84,89,17.1,17.8,19.1,19.9,19.2,17,1.2,1.6,6.8,6.8,5.1,2
9/1/2024,Khulna,0,0,0,0,0,0,90,86,87,82,83,87,15,16.8,18.2,18.5,17.5,16.4,4.4,3.9,7.2,8.2,6.8,4.9
10/1/2024,Khulna,0,0,0,0,0,0,87,80,78,77,80,83,16.6,17.9,19.2,19.5,18.7,17,3.9,4.8,7.4,7.5,6.8,5.7
11/1/2024,Khulna,0,0,0,0,0,0,89,83,82,77,79,82,14.8,16.9,18.1,18.9,17.9,16,6.5,2.9,7.1,5.3,6.1,5.2
12/1/2024,Khulna,0,0,0,0,0,0,91,90,85,84,84,91,12.8,13.8,14.9,15.6,15.2,12.6,0,0.6,2.7,5.9,4.1,0
13-01-24,Khulna,0,0,0,0,0,0,86,80,81,82,76,86,13.7,16,16.7,17,16.2,14.2,6.7,5.9,7.9,5.8,7.9,4.6
14-01-24,Khulna,0,0,0,0,0,0,89,89,89,88,81,91,13.6,14,14.6,15.5,15.9,13.3,1.3,1.9,3,3.6,5.9,0
15-01-24,Khulna,0,0,0,0,0,0,91,89,89,92,88,93,14.2,15.4,15,14.9,14.4,13.7,0,0,1.5,1.1,0,0
16-01-24,Khulna,0,0,0,0,0,0,85,82,84,86,82,88,14.7,15.8,16.2,16.6,16.1,13.9,3.1,5.2,5.5,4.6,5.7,0
17-01-24,Khulna,0,0,0,0,0,0,90,94,92,89,91,89,13.7,13.4,15.5,16.7,15.2,14.2,0.3,0,2.5,2.4,0,1.7
18-01-24,Khulna,0,4,0,0,0,0,93,94,93,88,89,89,16.7,15.6,16.7,17.8,16.8,15.7,3.1,0,0,0,0,0
19-01-24,Khulna,20,19,5,5,14,1,88,86,86,86,85,83,16.7,17.9,18.9,19.7,18.6,17,2.2,3.1,5.3,5.1,3.1,3.1
20-01-24,Khulna,0,0,0,0,0,0,90,90,89,87,88,93,14,14.9,16.5,17,15.6,14.1,2.8,1.6,7.7,6.9,3.2,1.8
21-01-24,Khulna,0,0,0,0,0,0,86,85,85,85,86,86,15,15.7,17.5,17.7,16.6,14.6,5.7,2.5,1.1,0,0.5,3.4
22-01-24,Khulna,0,0,0,0,0,0,89,89,89,88,88,85,12,12.9,13.6,14.2,13.2,13,3.8,2.6,3.9,4.1,3.7,3.9
23-01-24,Khulna,0,0,0,0,0,0,88,82,81,83,79,83,13.5,15,16.4,16.4,16.4,14.3,7.4,6.6,7.6,7.8,8.2,5.8
24-01-24,Khulna,0,0,0,0,0,0,88,85,84,81,78,85,14.9,16.8,18.2,18.3,18.2,15.9,2.1,1.3,3.7,3.3,3.5,3.1
25-01-24,Khulna,0,2,2,1,1,0,85,86,82,83,80,84,15.2,16.6,18.6,18.8,17.8,16.4,6.5,0.6,4.6,3.5,3.4,0
26-01-24,Khulna,0,0,0,0,0,0,79,77,76,72,74,75,14.1,15.6,17.1,18.1,16.4,14.5,8.2,6.6,8.4,6.9,8.3,7.5
27-01-24,Khulna,0,0,0,0,0,0,78,76,74,71,73,76,14,15.3,15.7,16.9,15.8,14.6,6.9,5.9,7.8,7,7.4,6.9
28-01-24,Khulna,0,0,0,0,0,0,78,74,73,70,73,76,14.5,15.5,16.6,17.8,16.6,15.2,7.6,5.9,9.4,8.9,8.7,6.5
29-01-24,Khulna,0,0,0,0,0,0,77,76,73,71,72,72,15.9,16.6,18,18.6,17.8,16.6,7.3,6.3,9,8.8,8.1,7
30-01-24,Khulna,0,0,0,0,0,0,80,75,72,76,71,74,18.8,19.6,20.8,20.9,20.8,18.5,2.9,4.1,8,8,6.5,4.9
31-01-24,Khulna,0,6,3,0,31,0,86,84,86,85,87,84,20.4,20.9,21.5,22,21.2,20.2,1.7,1.8,1.1,0.1,0.5,2.5
1/2/2024,Khulna,0,0,26,2,34,0,91,90,89,91,90,89,19.8,20.2,21.8,22,21.3,19.8,0,0,2.4,1,0,1
2/2/2024,Khulna,1,2,11,4,1,0,87,81,87,90,86,82,19.7,21.6,22.7,22.4,22.5,20.1,3.1,4.9,5.7,4.7,4.1,2.4
3/2/2024,Khulna,0,0,0,1,0,0,72,74,78,77,78,69,17.8,19.5,21.1,21.7,20.8,18.8,8.4,7.2,8.2,7.7,7.8,7.5
4/2/2024,Khulna,0,0,0,0,0,0,70,78,72,79,73,67,18.3,19.4,20.8,21.3,21,19.2,8.8,7.6,9.3,8.3,9.1,7.7
5/2/2024,Khulna,0,0,0,0,0,0,78,77,73,82,73,74,19.5,20.5,22.3,22.4,22.1,19.7,5.4,4.9,8.5,7.3,7.3,5.2
6/2/2024,Khulna,0,0,0,0,0,0,84,86,85,88,86,82,19.2,20.2,22.9,23.9,22.9,19.5,0.2,3.4,0,0.9,0,0
7/2/2024,Khulna,0,0,0,0,0,0,76,78,78,80,76,73,18,19.6,20.6,21,20.7,18.7,7.2,3.8,6.1,4.5,5.9,7.9
8/2/2024,Khulna,0,0,0,0,0,0,73,75,72,67,70,68,16.2,17.7,19,19.5,19.1,17.4,9.3,7.5,9.7,8.9,8.8,8.5
9/2/2024,Khulna,0,0,0,0,0,0,72,72,69,64,63,69,15.7,17.3,18.5,19.3,18.4,17.4,9.7,7.8,10.2,9.8,10.1,8.4
10/2/2024,Khulna,0,0,0,0,0,0,76,74,73,73,68,74,16.9,18.7,19.2,19.5,18.8,18.4,7.7,7.1,9.2,9.1,9.5,7.8
11/2/2024,Khulna,0,0,0,0,0,0,75,76,77,74,74,75,18.3,19,20.3,20.6,19.6,18.8,8.5,7,9.4,8.9,8.7,7.8
12/2/2024,Khulna,0,0,0,0,0,0,75,77,74,71,75,74,19.2,20.3,21.1,21.8,20.8,19.6,7.7,6.7,6.9,6.5,6.1,5.7
13-02-24,Khulna,0,0,0,0,0,0,77,77,70,70,75,74,20.2,20.9,22.2,22.4,21.8,20.6,1.2,2,5,6.5,3.4,4.2
14-02-24,Khulna,0,0,0,0,0,0,82,80,74,75,79,81,20.6,21.1,22.5,22.8,22.4,20.9,2.1,4.2,4.2,3.8,4.1,3.7
15-02-24,Khulna,0,0,0,0,0,1,81,84,78,78,79,78,21.5,21.2,22.8,23.8,23,21.9,2.8,5.3,6.9,6.9,5.8,5.2
16-02-24,Khulna,0,8,0,0,0,0,80,79,78,81,82,74,20.8,22.2,22.8,23.3,22.4,20.9,8.4,7.1,7.7,7.5,6.9,7.6
17-02-24,Khulna,0,0,0,0,0,0,71,72,73,78,75,76,19.7,21.1,22,22,21.5,20.3,7.9,7.6,8.9,8.1,8.9,8
18-02-24,Khulna,0,0,0,0,0,0,78,78,69,78,75,73,21.3,21.6,23.2,23.3,23.1,21.4,3.3,5,7.2,5.7,6.9,5.5
19-02-24,Khulna,0,0,0,0,0,0,85,83,79,83,83,82,22.5,23.4,24.5,24.3,24.6,22.4,0.8,2.3,7.4,2.4,4.2,3.7
20-02-24,Khulna,0,0,0,0,0,0,83,82,82,87,80,81,24.7,25.5,26,25.6,26.3,24.4,1.4,0.3,4.6,2.5,4.4,1.4
21-02-24,Khulna,0,0,0,0,3,0,78,75,74,80,77,75,23.9,25.7,26.9,27,27,24.2,6.4,6.2,8.2,7.3,8.2,6.4
22-02-24,Khulna,2,2,0,0,0,0,85,85,83,88,88,84,21.9,24.2,24.9,25.3,25.2,22.2,1.2,0,2.1,1.2,0.8,2.7
23-02-24,Khulna,0,2,16,11,27,2,77,75,79,78,77,76,21.6,22.8,23.3,23.2,22.5,22.1,6.3,4.8,7.2,3.2,5.8,5.6
24-02-24,Khulna,0,0,0,0,0,0,63,74,70,75,76,69,21.9,22.6,23.8,24.3,23.8,22.4,5.2,4.7,7.3,2.8,6,5.9
25-02-24,Khulna,0,0,0,0,0,0,71,75,79,74,74,77,20,21.2,21.7,22,21.6,19.4,0.9,1.3,0.2,1.1,1,1.7
26-02-24,Khulna,0,0,0,0,0,0,68,77,68,67,70,67,20.3,21.9,22.2,22.7,22,20.7,8.3,7,8.9,7.7,8.6,8.1
27-02-24,Khulna,0,0,0,0,0,0,72,67,63,64,71,70,21.3,22.9,23.1,23.3,22.8,21.2,6.8,6.1,9.2,8,7.7,5.6
28-02-24,Khulna,0,0,0,0,0,0,70,75,73,73,74,68,21.7,23.5,24.2,24.8,24,22.5,6.9,6.4,9.3,7.1,9,7.5
29-02-24,Khulna,0,0,0,0,0,0,71,72,65,73,71,68,21.6,22.8,24.2,24.3,23.8,22.4,9.6,7.7,9.4,,9.3,8.6
1/3/2024,Khulna,0,0,0,0,0,0,72,69,67,67,71,66,21.5,23.3,24.1,24.5,23.5,22.3,9.3,4.6,9.3,8.9,9.7,8.3
2/3/2024,Khulna,0,0,0,0,0,0,73,69,66,70,69,67,21.9,23.1,24.1,24.7,24.1,22.8,9.4,7.7,10,9.9,9.4,7.7
3/3/2024,Khulna,0,0,0,0,0,0,70,69,74,80,75,67,23.8,24.6,25,25.9,24.9,24.3,7.5,7.2,7.9,7.3,4.1,6.7
4/3/2024,Khulna,2,0,0,0,0,1,80,77,69,72,73,83,24,24.3,25.6,25.8,25.4,23.1,5.6,4.2,4.5,5.2,5.5,4.2
5/3/2024,Khulna,3,0,0,0,0,1,81,70,69,73,73,71,22.8,24.7,25.1,25.8,25.3,23.8,9.2,8,9.5,9.4,9.5,8.2
6/3/2024,Khulna,0,0,0,0,0,0,77,68,63,67,70,62,20.7,23.8,23.8,23.8,23.2,21.1,10,7.6,10.2,9.1,10,8.9
7/3/2024,Khulna,0,0,0,0,0,0,76,70,63,65,71,60,20.8,21.6,23.1,23.2,21.8,21.7,6.9,1.5,5.7,4.8,3,8.5
8/3/2024,Khulna,0,0,0,0,0,0,78,63,62,59,62,60,21.4,22.9,23.7,23.8,23.1,22.2,10,8.3,10.1,10,10.2,8.7
9/3/2024,Khulna,0,0,0,0,0,0,65,63,64,62,61,59,21.1,23,23.1,23.5,22.8,22,10,8.6,10.3,9.3,10.4,8.4
10/3/2024,Khulna,0,0,0,0,0,0,64,66,62,61,62,62,20.9,23,23.4,23.2,22.9,21.7,9.8,8.2,10.2,10.2,9.9,8.8
11/3/2024,Khulna,0,0,0,0,0,0,60,66,62,63,61,56,22.4,23.1,23.9,24,24.4,22.7,9.8,8.7,10.5,9.5,10,8.5
12/3/2024,Khulna,0,0,0,0,0,0,67,76,80,84,81,60,24.8,26.8,26.5,26.8,26.9,25.3,9.2,6.4,7.8,2.8,4.7,8
13-03-24,Khulna,0,0,0,0,0,0,66,68,68,74,69,62,26.6,27,28.8,28.5,28.4,26.2,7.1,6.2,7.1,7.4,5.5,7.2
14-03-24,Khulna,0,0,0,0,0,0,82,78,80,85,81,77,26.9,27.8,27.7,28.3,28.7,26.2,4.6,2.2,4.7,3,2.2,3
15-03-24,Khulna,0,0,18,0,0,18,66,66,75,75,75,73,27.8,28,28.7,28.7,28.6,26.9,7.9,6.9,9,7.1,7.7,6.5
16-03-24,Khulna,0,0,0,0,7,0,70,77,76,77,81,72,26.3,26.3,27.6,27.9,26.8,25.3,7.4,6.4,6,7.2,6.6,6.2
17-03-24,Khulna,0,17,0,0,5,12,71,73,75,75,81,71,25.9,26.2,26.6,26.8,25.6,25.9,7.4,7.2,7.4,6.3,5.3,7.4
18-03-24,Khulna,0,0,0,0,0,0,76,80,83,82,87,74,26.6,26,26.6,27,25.9,26.6,3.7,1.5,3.1,2.2,2,3.2
19-03-24,Khulna,0,0,0,0,0,0,67,76,79,82,80,70,26.9,27.1,26.7,26.2,26.1,26.5,2.8,3.4,1.4,0.9,0.9,2.6
20-03-24,Khulna,4,6,1,1,7,4,94,89,85,80,92,95,19.6,21.1,22.8,23.9,20.9,20.4,0,6.4,0,1.3,0.1,0
21-03-24,Khulna,12,7,1,1,5,7,81,77,77,79,84,76,21.6,23,22.9,22.8,22.2,22,4.3,5.1,5.9,5.2,7.5,5.4
22-03-24,Khulna,0,3,3,10,2,0,74,73,76,80,78,73,22.9,23.4,24.3,24.6,23.8,23.1,9.3,8.2,9.5,8.6,8.8,6.9
23-03-24,Khulna,0,0,0,0,0,0,75,73,72,78,75,69,25.9,25.9,27.3,27.5,27.5,25.9,9,8.1,10,9.8,9.2,7.9
24-03-24,Khulna,0,0,0,0,0,0,75,76,75,80,77,72,28,27.6,29.1,28.9,29,27.4,6.7,6.6,9.8,9.7,8.9,6.1
25-03-24,Khulna,0,0,0,0,0,0,74,76,72,75,70,81,27,29,29.1,27.9,28.6,26.5,4.7,2.5,8.4,7.7,8,2.6
26-03-24,Khulna,0,0,0,0,0,6,72,65,64,68,72,70,25.8,27.8,28.1,27.7,27.2,26.4,8.8,8.1,9.6,9.8,7.6,7.4
27-03-24,Khulna,0,0,0,0,0,0,81,78,72,78,81,81,27,27.3,29.3,28.8,28.2,26.6,2.3,4.2,8.1,7.6,7.1,2.2
28-03-24,Khulna,0,8,0,1,1,0,74,79,75,80,78,73,27.8,27.3,28.7,29.4,29,27.2,6.1,4.2,5.5,8.7,5.5,6.6
29-03-24,Khulna,0,11,0,0,0,0,81,78,75,81,76,84,28.4,29.6,30,29.8,30.4,27,3,4.8,4.5,6.9,9,0.7
30-03-24,Khulna,0,0,0,0,0,10,76,76,78,84,82,79,30.1,30.3,30.2,29.6,30.2,29.8,5.4,7.5,6.6,5.3,6.1,5
31-03-24,Khulna,2,7,0,0,0,6,73,73,74,78,76,75,28.9,29.4,29.9,29.7,30.2,28.6,8.7,7.3,8.4,7.4,9.3,7
1/4/2024,Khulna,0,0,0,0,0,1,61,60,65,72,68,61,29.6,31.3,31.5,31.2,31.5,29.7,10,6.8,9.9,9.5,9.9,7.8
2/4/2024,Khulna,0,0,0,0,0,0,59,70,71,81,71,54,29.6,30.1,31,30.4,31.1,29.8,10,6,9,7.5,8.8,7.9
3/4/2024,Khulna,0,0,0,0,0,0,50,71,70,80,73,55,30.3,30.6,31.2,30.9,31.2,30,9.7,7.7,8.9,7.3,8.9,8
4/4/2024,Khulna,0,0,0,0,0,0,71,76,77,82,76,68,31.1,30.8,30.7,30.2,30.9,30.8,9.1,7.3,8.6,6.8,8.2,7.4
5/4/2024,Khulna,0,0,0,0,0,0,78,83,79,84,80,76,31.3,30.1,30.7,30.7,30.9,30.7,8.5,5,6.3,6.3,6,5.1
6/4/2024,Khulna,0,0,0,0,0,0,65,69,75,80,74,63,32.3,32.4,31.7,31.3,31.8,32.1,9,7.3,9,8.5,9.3,7.2
7/4/2024,Khulna,0,0,0,0,0,0,74,84,87,84,88,78,28.4,26.7,27.1,27.4,26.3,28.2,1.2,0.3,0,0,0.2,0.3
8/4/2024,Khulna,0,0,7,11,29,0,70,79,75,71,74,79,24.6,25.8,27.5,28.6,27,24.7,0.1,1.5,6.3,6.4,4.2,0
9/4/2024,Khulna,0,0,0,0,0,0,69,70,69,74,74,73,27.1,28.2,28.5,28.7,27.9,27.5,6,4.9,7.9,7,6.9,3.8
10/4/2024,Khulna,0,0,0,0,0,0,71,72,74,75,78,71,27.6,29.2,28,29,27.6,27.9,1.8,1.6,2.3,2.5,0.8,1.5
11/4/2024,Khulna,0,0,0,0,0,0,73,74,71,78,78,69,27,27.1,28.4,28.2,27.2,28,0.3,1,2.4,0.1,1.2,1.2
12/4/2024,Khulna,0,0,0,0,0,0,64,66,61,65,65,63,28.9,30.1,29.8,30,29,29.3,8.6,4.2,8.2,8.4,8,6.9
13-04-24,Khulna,0,0,0,0,0,0,62,69,63,68,67,65,29.6,30.3,30.2,29.9,29.7,29.8,8.7,5.2,9.2,8.8,9.2,6.9
14-04-24,Khulna,0,0,0,0,0,0,53,66,63,69,65,59,31,30.1,30.9,30.1,30.2,30.6,9.4,6.5,10.4,11,10.8,4.6
15-04-24,Khulna,0,0,0,0,0,0,61,63,60,65,62,57,31.5,31.5,31.9,31.4,31.9,31.4,9.8,7,10.6,10.9,10.1,7.4
16-04-24,Khulna,0,0,0,0,0,0,62,68,66,72,70,65,32,32.6,32.6,32.6,32.9,30.7,9,7.5,10,10,10.3,6
17-04-24,Khulna,0,0,0,0,0,0,57,69,72,77,71,62,32.5,33.4,33,32.7,33.3,32.4,9.5,7.9,10.1,8.1,9.5,7.9
18-04-24,Khulna,0,0,0,0,0,0,55,63,71,75,64,67,30.9,32.2,32.4,32.2,32.5,30.9,9.3,8.3,9.3,8.5,9.5,8.5
19-04-24,Khulna,0,0,0,0,0,0,48,62,66,72,62,66,32.9,32.2,33.1,32.8,33.1,31.8,10.7,8.8,10.6,10.2,10.3,8.8
20-04-24,Khulna,0,0,0,0,0,0,57,61,65,69,68,65,33.7,33.9,33.4,33.4,32.9,33.6,10.6,8.8,11,11.1,10.8,8.9
21-04-24,Khulna,0,0,0,0,0,0,56,68,71,79,71,65,33.8,33.4,32.8,32.7,32.9,33.5,10.2,8.1,8.3,8.7,10,8.5
22-04-24,Khulna,0,0,0,0,0,0,53,62,67,75,66,57,31.5,32.4,32.9,32.8,32.5,32.1,6,5.9,7,5.3,6.4,6
23-04-24,Khulna,0,0,0,0,0,0,49,59,58,65,58,48,31.9,32.9,33.3,33.1,33.3,32,9,8.1,9.9,10.1,8.7,7.4
24-04-24,Khulna,2,0,0,0,0,0,50,55,56,67,55,51,32.4,33.1,33.4,33.4,33.5,32.7,10.5,8.3,11.2,11.4,10.7,8.6
25-04-24,Khulna,0,0,0,0,0,0,48,55,61,71,54,51,32,33.1,33.7,33.1,34,32.8,11,9.3,11,11,11,8.9
26-04-24,Khulna,0,0,0,0,0,0,56,66,71,77,73,59,33.6,33.2,32.9,32.6,33,33.6,11,9,10.7,9.7,10.4,8.9
27-04-24,Khulna,0,0,0,0,0,0,64,65,72,79,71,65,34,33.5,32.8,32.6,33.1,33.1,9.4,8.8,10.5,10.7,10.3,6.3
28-04-24,Khulna,0,0,0,0,0,0,54,64,70,74,64,54,34.1,34.3,33.6,33.3,34.2,33.6,9.6,8.4,10.2,10,9.6,8.8
29-04-24,Khulna,0,0,0,0,0,0,46,57,62,68,56,50,33.9,34.5,34.3,33.7,34.5,33.3,11,10.3,10.7,10.8,10.7,8.7
30-04-24,Khulna,0,0,0,0,0,0,46,59,62,70,58,53,34.7,35.2,34.7,33.9,34.9,33.9,10.9,8.7,10.5,10.3,10.7,9
1/5/2024,Khulna,0,0,0,0,0,0,45,56,60,70,50,56,34,34.9,34.2,33.4,34.9,33.9,10.3,8.9,10.4,13.7,10.4,9.1
2/5/2024,Khulna,0,0,0,0,0,0,47,62,71,77,69,59,32.3,33.5,32.7,32.3,32.9,32.2,10.6,8.4,8.7,7,7.6,9
3/5/2024,Khulna,0,0,0,0,0,0,44,56,68,75,62,61,31.5,33.8,33.2,33,33.5,30.4,11.2,9.1,10.2,7.3,10,7.9
4/5/2024,Khulna,0,0,0,1,0,0,62,67,69,74,72,67,32.5,32.8,32.6,32.5,32.6,31.8,5.4,6.1,7.5,7.7,7.7,5.6
5/5/2024,Khulna,0,0,0,0,0,0,63,66,72,74,69,66,33.1,32.9,32.3,32.4,32.7,32.2,7.6,8.4,10.3,10.4,9.7,7.9
6/5/2024,Khulna,0,0,0,0,0,0,75,76,79,81,78,78,27.5,28,28.7,29,29,26.5,2.5,3.5,5.8,7.2,5.7,2.8
7/5/2024,Khulna,26,25,75,29,67,1,73,73,77,77,74,71,27.4,28,28.4,28.8,28.5,26.9,6.7,6,7,7.8,7.3,6.3
8/5/2024,Khulna,15,34,16,21,36,28,81,77,79,79,78,81,26.5,27.2,27.1,27.1,26.9,25.9,5,5.4,4.5,3.7,6.4,5.4
9/5/2024,Khulna,0,0,0,0,0,0,81,80,79,83,84,78,26.3,26.4,26.9,27.1,26,25.2,4.7,6,4.6,3.4,3,4.4
10/5/2024,Khulna,4,1,1,7,4,8,79,66,71,80,79,74,27.8,29.8,29.3,28.4,27.8,28.1,9.8,5,8,9.4,6.4,7
11/5/2024,Khulna,0,0,0,4,2,0,81,84,90,93,86,80,27,26.7,26.1,25.9,26.5,26.9,4.8,3.2,2.1,3.6,2.5,5.5
12/5/2024,Khulna,1,15,15,60,17,1,73,79,83,86,79,71,28.5,28,28,28.6,28.8,28.2,10.2,5.6,6.6,10,9,8.8
13-05-24,Khulna,0,10,1,1,0,0,72,73,76,82,72,71,30.3,30.6,30.6,29.9,31.1,29.5,9.7,8.2,8.5,9.6,10.8,6.8
14-05-24,Khulna,0,0,0,0,0,0,69,70,72,82,72,67,31.1,32,31.4,30.1,31.2,31.3,9.5,8.5,10.4,9.6,8.5,7.2
15-05-24,Khulna,0,0,0,1,0,0,70,68,71,79,69,70,31,32.1,31.9,31.3,31.8,31.3,11.3,8.7,11.5,10.4,10.8,9
16-05-24,Khulna,0,0,0,0,0,0,65,70,68,76,68,69,31.1,32.2,32.8,32.1,32.8,31.3,10.9,6.6,10.6,7.9,10.3,9.2
17-05-24,Khulna,0,0,0,0,0,0,66,72,74,78,70,66,33.3,32.7,32.8,32.2,32.7,33,7.9,8.4,10.5,10.6,9.8,6.9
18-05-24,Khulna,0,0,0,0,0,0,77,75,75,82,71,82,31.2,32.3,31.9,31.4,31.9,30,0.5,2.4,6.4,4.5,5.1,1.3
19-05-24,Khulna,0,0,0,1,0,0,69,73,79,83,76,72,31.5,31.5,31,30.8,31.4,30.3,5.8,4.2,3.4,4.9,3.3,2.5
20-05-24,Khulna,0,0,0,0,2,0,83,84,85,90,82,78,28.1,28.4,28.5,28.1,28.8,28.1,4.7,3.6,4.7,3.1,4.4,4.2
21-05-24,Khulna,1,19,3,36,1,0,70,72,74,81,75,68,30.8,30.8,31.4,30.6,31.1,30.5,8.2,7.2,7.3,9.9,9,8
22-05-24,Khulna,0,0,0,0,0,0,71,76,72,80,73,80,30.2,30,31.8,31,31.6,29.2,7,6.6,11.1,7.8,9.4,3.3
23-05-24,Khulna,0,0,0,0,0,3,66,71,68,79,70,66,32,31.7,32.3,31.2,32.2,32.6,9.1,9,11.2,8.9,11.1,9.3
24-05-24,Khulna,0,0,0,0,0,0,65,65,66,75,68,67,33.2,33.1,33.3,32.9,33.3,32.6,9.1,9,11.8,11.8,11.3,9.3
25-05-24,Khulna,0,0,0,0,0,0,64,69,72,77,71,67,33.7,32.6,32.2,31.8,32.3,33.1,9.6,7.9,8.6,10.1,6.7,9.4
26-05-24,Khulna,0,0,1,0,1,0,73,81,80,88,83,79,30.1,29.2,29,28.5,28.8,29.5,0.2,0.1,0,0,0,0.9
27-05-24,Khulna,18,53,65,67,91,16,95,97,95,96,91,96,25.7,26,26.7,27,27.2,25.8,0,0,0,0,0,0
28-05-24,Khulna,66,54,125,137,91,60,79,80,81,85,79,78,30.5,29.8,30.3,30.3,31,30.1,5.7,3.3,2.4,0.2,2.3,0
29-05-24,Khulna,0,0,0,0,0,0,83,80,80,85,80,82,31.6,31.8,31.9,31.4,32,31.2,1.5,3,5,3.1,3.1,2.7
30-05-24,Khulna,0,0,0,0,0,0,79,79,77,81,78,80,30.9,31.9,31.4,31.3,31.6,31.1,6.6,5.1,4.5,5.1,6.4,3.9
31-05-24,Khulna,0,7,3,0,31,0,87,84,82,82,86,80,28.2,28.3,29.3,29.2,28.2,28.6,3.1,2.4,3.8,0.9,2.1,2.2
1/6/2024,Khulna,9,1,0,0,1,0,76,76,79,79,78,75,30.4,31.5,32,32,31.8,31,6.7,8.7,7.6,9.4,8.7,8.2
2/6/2024,Khulna,1,0,0,0,0,0,80,76,80,85,78,75,31.3,31,30.9,29.4,32.1,31.1,5,4.8,6.3,3.7,6.7,4.7
3/6/2024,Khulna,0,0,3,28,0,0,74,77,83,85,75,77,31.4,31.3,30.3,30,31.7,30.9,7.8,5.7,3.3,2,4.4,7.5
4/6/2024,Khulna,0,0,1,9,0,0,77,76,78,80,76,77,30.6,32,31.8,31.3,32.1,30.1,6.6,8.1,8.9,4.4,9.4,4.5
5/6/2024,Khulna,12,0,0,0,0,1,76,71,75,80,70,76,31.1,32.6,32.7,32.3,32.9,30.7,7.2,7.5,7.2,8.6,9.7,5.5
6/6/2024,Khulna,0,0,0,0,0,0,79,77,72,79,69,76,31.4,32.4,32.6,31.9,32.4,30.5,6.9,3.3,8.8,6.4,7.8,4.8
7/6/2024,Khulna,0,0,0,0,0,0,72,71,75,80,74,79,31.6,32.8,32.7,32.3,32.5,29.5,10,8.5,8.6,7.2,9.9,3.4
8/6/2024,Khulna,0,0,0,0,0,0,75,72,75,81,75,73,32.3,32.9,32.3,32.3,32.4,32.2,3.9,6.4,7.4,6.9,8.6,6.5
9/6/2024,Khulna,0,0,0,0,0,0,74,75,79,84,75,83,33.5,33.5,32.9,32.5,33,31.8,5.6,6.3,4.4,3.7,7.8,1.3
10/6/2024,Khulna,0,0,0,0,0,0,79,74,77,81,71,83,31.1,33,32.7,32.9,32.8,30.5,7.9,6.6,7.4,7.4,9.9,2.1
11/6/2024,Khulna,42,1,0,0,0,0,79,74,74,79,75,74,31.6,32.7,32.7,32.6,32.5,31.9,9.3,7.2,8.5,6.5,8.7,8.7
12/6/2024,Khulna,0,0,0,0,0,0,77,77,77,82,76,78,31.7,32.1,32.4,32,32.5,31.8,6.2,4.5,3.8,0,5.1,5.1
13-06-24,Khulna,0,0,0,0,0,0,76,76,74,78,76,76,31.6,31.7,32.6,32.4,32.7,32.2,8.9,5.9,5.7,4.9,9.1,3.5
14-06-24,Khulna,0,7,0,0,0,0,76,74,75,78,74,81,32.2,32.7,33,32.4,32.9,31.1,6.5,5.9,7.2,2.9,5.1,3.7
15-06-24,Khulna,0,0,0,0,0,0,74,77,79,81,76,81,33.1,32.8,32.6,32.3,32.9,32.2,2,4.3,4.2,1.9,4.4,1.5
16-06-24,Khulna,0,0,0,0,0,0,75,75,79,81,75,76,32.3,32.7,32.7,32.4,33.2,32.5,0.5,1.8,2.5,1.6,5.1,0.4
17-06-24,Khulna,0,0,0,0,0,0,77,77,77,80,75,80,32.3,32.5,32.7,32.4,33.1,32,1.7,0.3,0,1.1,0.9,0
18-06-24,Khulna,0,0,0,0,0,0,79,77,78,81,79,81,32.4,32.4,32.5,32.4,32.7,31.9,0,0,0,0,0,0
19-06-24,Khulna,0,0,0,0,0,0,81,88,93,95,88,87,30,29.6,27.9,27.6,29,29,0,0,0,0,0,0
20-06-24,Khulna,0,2,10,46,1,4,89,90,93,95,90,87,27.8,27.6,27.7,27.7,28.5,27.5,0,0,1.2,0,1,1.9
21-06-24,Khulna,1,14,32,85,22,0,81,86,82,90,84,81,29.5,29.5,30,29,29.4,29.7,1.1,2,0.3,1.4,2.6,1.6
22-06-24,Khulna,0,0,0,0,0,21,89,83,81,85,80,87,28.9,30.4,30.6,30.5,31.1,29.1,0.6,1.6,1.6,4.5,5.1,0.9
23-06-24,Khulna,6,5,0,0,0,8,74,77,80,86,82,77,31.8,31.1,31.4,30.5,30.9,31.1,8.9,5.9,7.3,3.4,6,8.5
24-06-24,Khulna,0,0,0,0,0,0,74,76,78,86,78,76,31.7,31.7,31.8,30.8,31.9,31.5,10,8.1,10.8,3.3,10.5,10.4
25-06-24,Khulna,0,0,0,10,0,0,70,70,80,84,75,73,32.6,32.5,31.5,31.2,32,31.8,9.7,8.6,6.7,2.5,7.4,8.9
26-06-24,Khulna,0,0,0,1,0,0,72,77,81,88,78,78,31.9,31.4,31.2,30,31.6,30.9,6.8,3.3,2.9,0,5.9,5.2
27-06-24,Khulna,0,0,0,0,0,0,78,86,86,94,87,79,30.7,29.6,30,29,29.5,30.4,4.3,2.6,2.3,0.3,1.4,4.6
28-06-24,Khulna,1,3,5,18,1,0,83,84,89,92,91,85,30.1,30.4,29.8,29.5,29.3,29.2,6.6,2.5,3.4,0,2.6,2.2
29-06-24,Khulna,0,12,2,33,9,1,90,84,91,94,90,92,29.1,30.4,29.3,28.9,29.8,28.6,0,2.7,1.1,0,0.7,1.5
30-06-24,Khulna,29,6,10,65,5,57,92,91,95,95,92,94,28.8,29.1,28.1,28.5,29.2,27.9,0,0.6,0,0,0.6,0
1/7/2024,Khulna,7,22,28,87,16,62,87,90,91,95,88,90,28.9,29.1,29.5,28.8,29.8,28.4,0.6,0,0,0,0,0
2/7/2024,Khulna,6,13,1,3,0,12,89,91,93,94,92,90,28.2,28,28,28,28,27.7,0,0,0,0,0,0
3/7/2024,Khulna,2,35,63,24,14,23,90,93,92,93,90,89,27.8,27.3,28.2,27.8,28.1,27.7,0.4,0,0,0.1,0,1.4
4/7/2024,Khulna,1,44,4,5,4,9,87,87,96,95,92,93,29,29.1,27.7,27.7,28.5,27.9,1.8,0,0,0,0.7,0.8
5/7/2024,Khulna,4,1,50,18,7,6,86,86,91,96,87,90,29.6,29.5,29.2,28,30,28.2,0.3,0,1.4,0,0.7,0.7
6/7/2024,Khulna,0,0,0,3,0,0,89,92,92,92,89,88,28.6,27.6,28.2,28.9,29.4,28,0.2,1,4.8,4.5,2.5,1.8
7/7/2024,Khulna,1,120,23,12,10,3,86,82,84,90,88,82,29.4,30.2,30.4,29.7,29.4,29,6.2,5.1,5.4,3.2,6.8,6.6
8/7/2024,Khulna,27,0,0,1,3,0,84,81,83,83,82,79,29.6,30.7,30.9,30.3,30.3,30.2,6.2,4.1,4.1,6.3,4.6,7.6
9/7/2024,Khulna,8,2,0,0,0,0,81,81,85,86,81,80,30.1,31,30.2,30.2,30.9,30.2,2.3,4,2.3,0.6,3.8,4.7
10/7/2024,Khulna,0,0,1,0,0,1,77,80,78,84,76,81,31.3,30.9,31.6,30.8,31.7,30.5,8.2,5.9,7.1,4.9,8.9,6.6
11/7/2024,Khulna,0,1,0,0,0,1,84,86,87,87,80,90,30.1,30.2,30.7,30.7,31.4,28.8,0,1.1,5.8,2.9,3.9,0
12/7/2024,Khulna,3,50,34,1,31,111,89,90,93,91,91,90,28.1,28,28,28.5,27.8,27.4,0.2,0.4,0,0.3,0,1.1
13-07-24,Khulna,3,16,63,17,28,3,80,85,82,87,84,82,30.5,30,30.9,30.2,30.2,29.8,9.9,2.5,10.5,5.6,5.6,6
14-07-24,Khulna,0,6,0,51,0,0,79,81,87,82,82,80,30.9,30.7,30.2,31.1,30.8,30.6,10.4,7.3,7.2,10,7.8,8
15-07-24,Khulna,0,0,14,0,1,0,80,82,83,87,86,80,30.4,30.2,30.7,29.5,30.2,30.5,5.8,5.7,6.3,5.4,3.4,5.7
16-07-24,Khulna,3,0,5,3,12,1,83,84,86,89,85,86,30.4,30.2,30.5,30.1,30.5,29.4,4.9,4.8,2.9,4.6,4.6,3.3
17-07-24,Khulna,0,4,2,2,2,0,77,80,84,82,80,80,31.2,31.2,31,31.2,31.3,30.8,9.6,3.2,7.7,6.6,6.2,7.8
18-07-24,Khulna,0,0,4,0,0,0,75,83,79,79,77,76,32.2,30.8,31.6,31.2,31.7,31.4,20.2,8.1,11,7.6,6.6,9.3
19-07-24,Khulna,0,1,0,0,12,0,73,80,85,88,88,77,31.5,30.7,30.1,29.4,29.8,30.9,10.4,7.3,5.1,5.1,7.4,8
20-07-24,Khulna,0,1,11,10,2,0,80,84,89,87,83,80,30.2,30.1,29.6,29.9,30.4,29.8,5.9,2.9,5,5.6,6.3,7.3
21-07-24,Khulna,1,15,16,6,4,0,85,82,88,90,88,80,29.5,30.3,29.6,29.3,29.7,29.8,4.4,3.6,5.1,2.7,2.2,7.1
22-07-24,Khulna,5,2,39,36,4,0,86,89,93,94,89,88,28.9,29.1,28.9,28.5,29,28.3,3.3,0.6,2.3,0.5,0.8,2.9
23-07-24,Khulna,0,16,10,18,13,12,83,85,91,93,86,84,30,30.1,29.5,28.9,30.2,29.7,5.6,4.1,4.7,0,5.4,4.7
24-07-24,Khulna,1,8,10,9,1,5,84,84,88,92,83,87,30.1,30.3,29.9,29.4,30.3,29.5,4.6,2.4,3.3,2.2,2.9,3.2
25-07-24,Khulna,0,2,3,10,0,6,78,79,85,87,90,79,31.1,31.2,30.6,30.5,29.9,30.7,9.1,4.9,3.3,6.9,3.5,8.1
26-07-24,Khulna,0,0,2,26,23,0,79,89,85,87,85,74,31,29.2,29.9,30,30.2,31.4,9.3,6.2,4.1,5,3.8,10
27-07-24,Khulna,2,6,10,14,53,0,83,83,84,87,89,80,30.3,30.5,30.3,30,29.6,30.3,5,5.2,7.2,3.6,3.7,5.6
28-07-24,Khulna,3,12,4,20,28,3,79,86,88,91,87,80,30.8,29.5,29.7,29.6,29.8,30.4,8.8,3.4,4.5,3.9,5.6,7.8
29-07-24,Khulna,0,8,15,7,2,2,85,82,84,91,86,84,29.9,30.4,30.2,29.5,30,29.6,5.9,4,7.4,3.6,7.6,4.4
30-07-24,Khulna,7,14,4,7,6,17,86,87,83,90,83,87,29.8,30.3,31,29.8,30.7,29.2,1.4,0.7,4.5,0.3,5.2,0.5
31-07-24,Khulna,1,0,0,0,1,2,83,87,89,92,95,87,30,29.6,29.5,29.3,28.1,29.3,3.9,3.2,0.5,1.8,1.1,3.9
1/8/2024,Khulna,14,108,42,53,129,28,92,94,94,98,95,94,27.8,27.4,27.7,27.2,27.8,26.9,0.8,0,0,0,0,0
2/8/2024,Khulna,105,63,35,182,49,34,95,94,96,96,96,96,27.1,27,27.1,27.4,27.2,26.4,0,1.6,0,0,0,0
3/8/2024,Khulna,26,58,72,65,87,10,95,91,93,93,91,94,27.2,28.1,28.2,28.4,28.6,26.5,0.1,0.2,0,0,0.2,0.6
4/8/2024,Khulna,21,6,7,4,14,37,89,84,87,94,88,90,28.8,29.8,29.5,28.2,29.7,27.8,4.1,3.9,2.6,0,3.2,1.1
5/8/2024,Khulna,7,0,0,13,0,13,91,88,88,89,90,91,28.7,28.9,29.4,29.1,29.3,28,0.5,0.2,1.2,1.8,0.8,1.1
6/8/2024,Khulna,24,27,1,5,2,0,87,81,86,88,85,83,29.4,30.4,29.6,29.2,29.9,29.7,5.3,4,5.3,4.2,5.4,5.9
7/8/2024,Khulna,8,0,0,0,0,6,83,80,84,88,85,85,29.4,29.8,29.7,28.6,29.5,28.8,7.6,6.6,7.8,2.2,5.1,6
8/8/2024,Khulna,2,0,0,6,1,12,84,83,96,95,92,80,29.1,29.5,27.6,27.4,28.2,29.5,8.1,1.6,0,0,0,6.1
9/8/2024,Khulna,2,1,10,44,5,2,90,84,91,96,92,90,28.5,29.8,28.5,27.6,28.8,27.8,0.3,3.4,1.1,0.6,0.1,0
10/8/2024,Khulna,3,1,3,32,3,41,93,88,91,96,90,89,28.2,29.3,28.5,28.3,29,28.3,1.4,0.3,2.1,1.2,1.8,4.4
11/8/2024,Khulna,28,28,2,46,26,79,90,88,89,95,91,90,29.1,29.1,29,28.8,29,28.2,0.8,0.7,0.4,1,0,0
12/8/2024,Khulna,15,18,0,1,5,0,88,86,86,94,84,84,29.3,30.2,30,28.9,30.3,29.5,4,0.8,4.9,2.3,5.8,1.7
13-08-24,Khulna,12,0,0,81,0,0,85,85,91,94,91,84,29.6,29.7,29.1,28.5,29.3,29.4,3.1,1.6,2.5,2.2,1.6,2.2
14-08-24,Khulna,0,54,21,2,52,0,85,84,86,92,88,81,29.6,30,29.9,28.8,30,30.2,5.7,4.1,5,2.1,2.9,6.4
15-08-24,Khulna,0,0,13,20,2,0,84,82,87,91,85,81,30.3,30.6,29.7,28.8,30.2,30.4,8.3,7.9,7.3,0.4,5.6,5.7
16-08-24,Khulna,4,0,0,0,6,0,83,86,83,87,89,84,29.8,29.1,29.9,29,29,29.2,6.9,3.1,4.5,1.1,4.2,3.2
17-08-24,Khulna,0,6,0,0,4,5,79,80,82,79,78,82,29.6,29.5,29.3,29.8,30.4,29,10,7.2,9.1,9.1,9.9,8.5
18-08-24,Khulna,5,4,10,0,0,3,94,93,93,93,95,91,27.2,27.5,27.6,28.2,27.3,28,0,0,0.8,0.3,0,0
19-08-24,Khulna,33,59,30,32,61,0,88,90,94,96,97,86,28.5,28,27.8,27.7,27.6,27.8,1.9,0.2,0,0,0,1.4
20-08-24,Khulna,1,8,12,92,61,132,88,83,92,94,91,89,28.5,29.7,28.4,28,28.9,27.7,5.6,4.1,0.5,0.7,0.1,4.1
21-08-24,Khulna,34,0,2,37,1,2,87,85,87,94,85,89,29.4,29.9,29.6,29.1,30.2,28.3,2.9,0,0,0.3,0.3,0
22-08-24,Khulna,0,0,1,13,0,36,89,89,95,93,93,89,28.4,28.4,28.1,29,28.5,28.4,0.3,0,0,0,0,0
23-08-24,Khulna,11,48,63,60,66,20,91,86,91,94,92,91,28.2,28.8,28,27.6,27.8,28,0.3,0.2,0,0.2,0,1.3
24-08-24,Khulna,0,4,1,2,14,1,87,87,89,94,92,87,28.5,28.2,28.2,28.1,27.7,28.5,3.3,0.9,0.7,1,3.1,3.5
25-08-24,Khulna,0,2,30,34,16,8,91,93,97,98,94,89,27.7,27.3,26.6,26.5,27.5,27.6,0.3,0,0,0,0,0.5
26-08-24,Khulna,59,144,72,112,34,13,94,92,94,97,90,91,26.5,27.2,27.2,27.5,27.7,26.5,0,0,1.6,0,0,0
27-08-24,Khulna,22,84,22,10,22,15,92,89,92,93,92,90,27.4,28.2,27.8,28.3,27.8,27.4,0.3,0,0.4,3.5,0,2.9
28-08-24,Khulna,11,12,8,10,4,0,80,81,83,90,82,82,29.7,29.8,29.5,28.8,30.1,29.3,8.6,2.8,5.9,1.7,9.2,5.7
29-08-24,Khulna,0,0,0,0,0,0,81,79,77,81,79,79,30.4,30.6,30.9,30.5,30.8,30.4,10.7,7.4,9.5,10.2,10.2,8
30-08-24,Khulna,0,0,0,0,0,5,84,80,80,80,76,82,30.4,30.6,30.7,30.8,31.1,30.3,7.4,4.6,9.9,11.1,10.5,6.3
31-08-24,Khulna,1,0,11,0,0,0,82,78,79,83,79,82,29.9,30.5,30.5,30.1,30.7,30.2,7.4,4.5,10.4,8.2,8.5,7
1/9/2024,Khulna,0,2,0,0,0,0,87,86,84,85,83,83,28.9,29.4,29.9,29.6,30.4,29.5,1.9,1.8,4.5,4.2,4.9,2.6
2/9/2024,Khulna,0,7,7,1,5,0,78,80,81,87,82,78,30.4,30.6,30.3,29.7,30.5,30.5,9.9,1.9,6.7,2.6,9.4,8
3/9/2024,Khulna,0,0,0,0,0,0,87,88,83,87,84,87,29,29,30.1,29.5,30.3,28.6,3,2.2,1.9,1.5,5.1,2.8
4/9/2024,Khulna,0,20,0,0,1,3,85,83,77,85,74,85,29.1,30.2,31.3,30.1,31.4,29.1,5.1,3.8,11,9.5,9.6,4.8
5/9/2024,Khulna,1,1,0,0,0,9,84,78,79,85,77,83,29.2,31.2,30.8,29.8,31.2,28.9,4.7,7.5,9.3,5.6,8.5,6.2
6/9/2024,Khulna,25,0,0,0,0,30,84,85,78,85,82,83,30,29.4,31,30,31.1,29.5,6,2.1,5.3,6.4,6.6,5.5
7/9/2024,Khulna,0,0,0,0,0,0,87,81,86,82,77,80,30.1,30.8,29.9,30.9,31.7,30.9,5.9,5.6,5.5,6.1,7.9,4.9
8/9/2024,Khulna,4,0,17,0,0,0,80,79,80,86,80,78,30.8,30.9,30.7,29.8,30.7,31,9.9,6.6,8.7,2.5,7,7.9
9/9/2024,Khulna,0,0,0,13,2,0,82,80,82,85,83,81,29.9,30.6,30.4,30.1,30.2,29.8,7.7,6,8,7.7,5.4,7.3
10/9/2024,Khulna,0,0,1,9,14,2,84,81,82,85,83,82,29.5,30.7,30.7,30.2,30.6,29.9,5.9,3.7,5.4,6.9,0,6.1
11/9/2024,Khulna,7,0,4,0,0,0,81,84,84,87,83,82,31,30.8,30.9,30.7,31.1,30.1,8.8,5.7,4.5,4.1,6.1,5
12/9/2024,Khulna,0,12,0,0,0,0,83,87,92,96,91,78,30.3,29.9,28.8,28.3,29.6,31.5,5.1,0.4,0,0.1,0,7.5
13-09-24,Khulna,0,10,4,24,12,0,88,84,89,93,89,80,28.4,28.5,28.7,28.2,28.3,30.3,1.1,0.5,1.1,0.9,0.2,5.6
14-09-24,Khulna,35,57,80,70,44,0,95,93,94,97,96,97,25.7,26.3,26.9,26.6,26.4,25.5,0,0,9.7,0,0,0.2
15-09-24,Khulna,60,81,64,98,94,90,96,95,96,96,96,97,25.5,25.7,26.4,26.5,26.5,25.8,0,0,0,0,0,0
16-09-24,Khulna,108,109,154,87,59,82,96,94,91,91,95,95,25.5,25.9,27.8,28.3,26.6,25.9,0,0,0,0,0,0
17-09-24,Khulna,35,21,26,17,42,86,83,80,81,86,84,84,29.3,29.9,30.2,29.6,29.7,29.2,9.3,7.5,9.7,7.3,8.1,7.8
18-09-24,Khulna,0,0,0,1,0,0,83,83,81,81,81,80,29.8,30.1,30.7,30.4,30.5,30.3,8.8,7,8.5,9.1,10.2,7.5
19-09-24,Khulna,0,0,0,0,0,0,82,81,82,87,81,78,30.9,31.4,31.8,31.3,31.5,31.5,9.9,6.9,6.6,3.6,6.5,8.1
20-09-24,Khulna,0,0,1,0,0,0,81,80,80,85,80,77,31.7,32.1,31.9,31.2,32.3,32,7.7,6.9,10.2,8.6,10.1,8.2
21-09-24,Khulna,0,0,27,25,8,0,81,78,80,88,83,84,29.6,31.3,30.4,29.2,30,29.5,5.4,6.2,6.1,2.6,3.8,6.4
22-09-24,Khulna,1,0,14,3,0,9,83,80,76,82,79,82,31,31.4,31.4,30.8,31.8,30.7,8.8,8,10.3,9.8,10.1,7.2
23-09-24,Khulna,0,0,0,0,0,0,85,85,85,91,81,84,30,31.6,30.9,30.3,31.2,31.6,2.1,9.4,0,0,1.6,2.7
24-09-24,Khulna,0,0,0,0,0,0,85,82,85,89,86,85,29.3,30,29.1,28.7,29.3,29.4,3.3,7,5.6,1.2,2.8,2.1
25-09-24,Khulna,2,0,9,30,9,7,94,90,94,96,94,92,26.6,27.8,27.7,27.2,27.3,27,0,0.9,0,0,0,0.5
26-09-24,Khulna,71,77,56,57,46,104,95,93,96,97,96,93,26.3,26.8,26.3,26.4,26.5,26.8,0,0,0,0,0,0
27-09-24,Khulna,12,24,48,88,53,8,88,87,87,89,87,88,28,28.5,29,29,28.7,27.8,3.1,4.7,6.4,6,7.1,2.3
28-09-24,Khulna,7,10,0,0,18,13,84,82,84,87,81,82,29.7,30.1,30.1,29.7,30.5,29.5,9.1,8.1,9.2,5.5,8.6,7.9
29-09-24,Khulna,0,2,0,0,0,0,84,83,80,86,81,85,29.9,30.8,31.5,30.6,31.1,29.4,1.9,4.4,8,7.6,7.9,3
30-09-24,Khulna,0,0,0,0,0,0,83,83,80,85,81,86,30.5,31.6,32,31.6,31.7,29.7,2.6,5,8.4,7.8,0,0
1/10/2024,Khulna,3,1,0,0,0,11,88,87,86,87,84,90,29.2,29.6,31.2,31.1,31.3,28.4,1.3,1.9,3.6,1.8,2.4,0.8
2/10/2024,Khulna,0,2,0,0,0,3,90,87,83,92,84,89,28.3,29.7,30.5,29.5,30.1,28.4,0.2,0,0.1,0,0,1.5
3/10/2024,Khulna,19,0,1,10,0,23,95,90,95,92,90,95,26.6,28.2,28.2,28.4,28.7,26.6,0,0,0,0,0,0
4/10/2024,Khulna,55,0,15,0,4,40,94,91,91,95,88,94,26.6,27.6,28.3,27.5,28.8,26.3,0,0,0.7,0,0,0.3
5/10/2024,Khulna,24,11,31,61,60,31,90,90,91,93,88,91,27.6,27.2,28,27.8,28.1,27.3,0.9,0,1.1,0,0.6,0.7
6/10/2024,Khulna,0,25,0,0,28,19,90,86,89,93,90,87,27.8,28.5,28.8,27.9,28.2,27.6,2.6,0.5,5,2.7,0.9,1.2
7/10/2024,Khulna,0,2,2,1,7,1,84,80,85,90,82,86,29.2,29.7,29.3,28.6,29.7,28.8,17.9,7.4,2.7,2.8,8.7,6.1
8/10/2024,Khulna,0,0,0,0,0,0,87,83,83,90,81,83,28,29.4,29.4,28.1,30.1,28,5.1,4.3,4.6,5.5,7.2,7.6
9/10/2024,Khulna,23,0,1,31,0,36,88,86,84,89,85,88,26.8,28.1,28.9,28.3,28.4,26.3,8,5.1,7.1,6.1,7.2,6.2
10/10/2024,Khulna,24,7,9,11,31,54,85,85,84,86,85,86,28,28.5,29.6,29.2,29.2,27.9,4.4,3.8,8.6,7.1,7.1,4
11/10/2024,Khulna,0,2,1,16,1,0,85,84,79,85,80,85,28.9,29.3,30.6,29.9,30.3,28.6,5.5,4.6,8.1,8.8,9,5.6
12/10/2024,Khulna,0,0,0,0,0,0,86,84,81,86,82,87,28.7,29.2,30.5,30.2,30.3,27.9,3.6,2.5,7.2,8.5,6.7,5.8
13-10-24,Khulna,0,0,0,0,0,0,83,82,83,85,80,82,28.6,29.9,30.2,30.1,30.2,28.8,7.7,4.6,6.2,5.7,7.5,7.1
14-10-24,Khulna,0,0,0,0,0,0,81,83,80,82,78,81,28.1,29.2,29.9,29.6,30.1,28.1,17,5.3,8.6,4.2,8.5,5.3
15-10-24,Khulna,0,0,0,0,0,0,81,79,77,81,78,82,27.9,29.2,30,29.4,29.9,28.2,3.6,4.6,8.8,6,8.3,4.1
16-10-24,Khulna,0,0,0,0,0,0,85,86,84,90,83,81,28.2,28.7,29,28.6,28.7,28.7,1.8,0,2.4,0.6,1.8,4.6
17-10-24,Khulna,0,0,0,0,0,0,85,83,84,87,83,89,27.9,28.4,28.7,28.8,29,27.3,0.5,0,5.3,0.5,3.1,0.6
18-10-24,Khulna,4,2,24,0,0,0,89,89,88,88,93,92,27.1,26.1,27.7,28.2,27,26.2,1.8,2.7,4.5,3.4,1.2,0
19-10-24,Khulna,1,115,13,4,30,6,84,87,93,91,93,84,26.8,27.3,26.2,27.1,26.5,27.1,3.6,3.5,0.4,0.9,0.4,5.9
20-10-24,Khulna,0,0,56,29,49,0,83,86,82,84,85,83,27.1,27.4,28,27.8,27.7,27.3,6.9,6,8.7,8,8.2,7.2
21-10-24,Khulna,0,0,0,0,0,0,83,82,82,85,82,85,26.6,27.8,28.1,27.9,28,26.9,7.5,4.7,9,7.4,8.3,5.7
22-10-24,Khulna,0,0,0,0,0,0,81,81,78,84,80,83,27.6,28.3,29.4,29.2,28.9,27.8,8.8,6.7,9.3,8,7.4,8
23-10-24,Khulna,0,0,0,0,0,0,89,91,87,90,88,88,26.1,26.4,27.5,27.5,27,26.1,0.5,0,0.1,0.1,0.4,1
24-10-24,Khulna,9,12,10,10,37,13,92,94,95,96,93,91,24.4,24.6,25,24.7,25.3,24.6,0.2,0,0,0,0,0.2
25-10-24,Khulna,38,24,65,76,28,4,96,93,88,92,91,93,24.1,25.3,27.6,27.3,27.1,25.3,0,0,0.7,0,0,0
26-10-24,Khulna,100,30,9,13,16,22,86,84,82,85,81,87,27.6,28,28.9,29.1,29,27.5,4.5,6.4,9.2,6.7,9.3,4.4
27-10-24,Khulna,0,0,6,0,0,9,82,84,81,88,85,81,27.7,28,29.3,28.4,28.6,28,8.4,5.6,9.2,3.9,6.3,7
28-10-24,Khulna,0,0,0,0,0,0,84,82,82,81,81,81,27.9,28.4,29.2,29.2,29.1,28.4,8,5,9.4,8.8,8.3,7.8
29-10-24,Khulna,0,0,0,0,0,0,84,83,82,84,82,81,27.9,28.6,29.3,28.6,28.9,28.4,6.7,6.3,8.8,7.4,6.8,6.6
30-10-24,Khulna,0,0,0,0,0,0,82,83,80,85,82,82,28.6,28.8,29.5,29.2,29.3,28.6,8.2,5.7,9.1,9,8.5,6.9
31-10-24,Khulna,0,0,0,0,0,0,86,84,81,87,83,87,28.1,29.1,30,29.4,29.6,26.9,5.8,5,9.2,8.4,8,3
1/11/2024,Khulna,0,0,0,0,0,11,84,85,78,86,82,81,27.5,27.7,29,28.5,28.8,27.6,6.9,5.5,8.9,3.9,9,6.3
2/11/2024,Khulna,0,0,0,0,0,0,83,83,80,86,82,84,26.8,27.7,28.3,28.3,28.1,27.3,6.1,6.5,7.2,4.9,8.8,3.4
3/11/2024,Khulna,0,0,0,0,0,0,88,86,81,85,81,86,26,27.2,28.1,28,28.2,26.6,2,4.1,5.5,6.6,8.1,2
4/11/2024,Khulna,0,0,0,0,0,0,83,83,78,84,83,81,25.8,27.3,28,27.6,27.8,26.8,6.1,4.6,6.4,6.9,8.1,5.7
5/11/2024,Khulna,0,0,0,0,0,0,81,82,81,84,80,83,25.6,26.6,28,27.7,28.1,27,6.1,0,3.3,8,6.9,6.3
6/11/2024,Khulna,0,0,0,0,0,0,79,79,75,82,80,81,26.7,26.8,27.6,26.8,27.6,26.9,8,6.5,8.2,7.7,7,7
7/11/2024,Khulna,0,0,0,0,0,0,84,84,82,81,81,83,25.7,26.8,27.2,26.9,27.6,25.9,6.1,5.9,8.3,7.7,7.7,6.8
8/11/2024,Khulna,0,0,0,0,0,0,83,83,78,82,83,80,25.7,26.5,27.2,26.4,27,25.9,9.3,7.2,8.5,8.6,9.3,7.4
9/11/2024,Khulna,0,0,0,0,0,0,82,82,77,78,78,81,25.4,25.8,26.9,26.5,26.6,25.6,7.9,7.4,9.7,9.9,10,7.3
10/11/2024,Khulna,0,0,0,0,0,0,81,80,76,78,79,79,25,26.1,27,26.4,26.5,25.9,9,7.5,9.8,10,10,7.2
11/11/2024,Khulna,0,0,0,0,0,0,76,81,80,82,82,77,25,25.7,27.3,26.9,26.2,25.6,8.9,7.2,4,0.8,0.7,7.9
12/11/2024,Khulna,0,0,0,0,0,0,79,80,76,82,77,79,24.2,25.7,26.6,26.7,26.1,24.7,7.6,5.5,7.1,4.4,7,7.4
13-11-24,Khulna,0,0,0,0,0,0,83,83,74,76,78,81,24.1,24.5,26.1,26.6,25.9,24.3,5.5,5.1,9.1,9.5,9.1,5.1
14-11-24,Khulna,0,0,0,0,0,0,84,82,78,81,78,82,23.1,24.5,25.1,25.7,24.9,23.9,5.3,2.4,6.6,4,7.8,5
15-11-24,Khulna,0,0,0,0,0,0,80,80,81,86,76,83,22.7,23.9,24.5,24.7,23.9,23.4,6.4,5.3,6.1,0.1,8.3,3.2
16-11-24,Khulna,0,0,0,0,0,0,82,78,73,79,74,80,21.1,23.1,23.7,23.7,23,22.1,8.6,7.4,8.3,8,9.1,6.3
17-11-24,Khulna,0,0,0,0,0,0,79,81,70,75,73,80,20.3,21.9,23.3,23.1,23,21.4,6,5.6,7.7,7.7,8.1,5.6
18-11-24,Khulna,0,0,0,0,0,0,79,80,74,80,80,78,20.1,20.8,23.2,23,22.4,21.3,7.5,4.3,5.5,2.6,7.8,5.7
19-11-24,Khulna,0,0,0,0,0,0,81,81,77,79,76,78,21.4,20.9,22.9,22.9,22.8,22,8,5.9,8.5,7.9,8.5,6.2
20-11-24,Khulna,0,0,0,0,0,0,75,81,74,76,77,77,22.6,21.6,23.5,23,23.3,22.6,8.7,6.9,8.6,8.8,9,6.8
21-11-24,Khulna,0,0,0,0,0,0,80,82,72,74,75,77,21.8,21.7,23.9,23.4,23.5,21.9,8,5.2,8.3,8.8,8.3,6
22-11-24,Khulna,0,0,0,0,0,0,82,82,77,79,76,81,21.6,21.9,23.4,23.8,23,21.7,7.4,5.6,6.8,6.3,7.7,5.5
23-11-24,Khulna,0,0,0,0,0,0,79,79,75,76,73,81,20.4,21.8,23,22.8,22.6,21.3,3.9,5.6,6.2,4.7,7,5.2
24-11-24,Khulna,0,0,0,0,0,0,80,80,78,77,76,80,20.2,20.7,21.9,22.1,21.7,20.4,3.1,4.6,1.7,2.1,5.5,3.4
25-11-24,Khulna,0,0,0,0,0,0,82,81,74,77,76,78,18.9,20.2,21.7,21.6,20.9,20,10.5,4.7,1.6,3.9,6.6,3.1
26-11-24,Khulna,0,0,0,0,0,0,82,83,78,82,80,82,19.4,20.2,21.8,21.2,21,20.7,5.3,2.9,3.9,4.7,7,6
27-11-24,Khulna,0,0,0,0,0,0,79,81,78,81,80,79,20.7,21.1,22.2,22.2,21.9,21.3,8.7,5.7,6.8,5.2,7.5,6.8
28-11-24,Khulna,0,0,0,0,0,0,78,78,74,76,78,78,21,22,23.6,23.4,22.9,21.3,8.7,6.1,6.1,6,7.1,6.6
29-11-24,Khulna,0,0,0,0,0,0,78,78,70,76,74,78,22,23,24.7,24.7,24,21.5,8,3,3.9,2,3.8,6
30-11-24,Khulna,0,0,0,0,0,0,86,88,86,83,84,79,20.8,20.4,21.7,22.5,20.9,21.7,1,0,0,0.1,0,3.1
1/12/2024,Khulna,0,1,3,1,2,0,75,78,74,78,73,72,21.4,22.7,23.7,23.7,23.4,22.1,6.3,5.2,4.6,5.9,4,7.4
2/12/2024,Khulna,0,0,0,1,0,0,77,79,73,75,72,74,20.7,21.6,23.2,23.2,22.6,21.5,4.1,7.9,1.3,1.9,0.9,6.5
3/12/2024,Khulna,0,0,0,0,0,0,76,83,73,78,75,75,20.8,21.4,23,23,22.3,20.9,8.5,6.1,6.8,8.1,6.7,7.3
4/12/2024,Khulna,0,0,0,0,0,0,81,83,75,76,75,81,19.3,21,22,22.2,21.7,20.2,7.8,0,6.6,7.8,8.2,2.9
5/12/2024,Khulna,0,0,0,0,0,0,78,78,75,79,76,76,20.1,20.1,21.9,22.1,21.7,20.2,8.6,0,6,5.5,7.9,5.6
6/12/2024,Khulna,0,0,0,0,0,0,75,75,73,72,74,72,18.4,20.5,21,21.5,20.7,18.7,9.1,0,8,7.8,8.4,6
7/12/2024,Khulna,0,0,0,0,0,0,75,74,69,72,74,74,17.5,19.3,20.1,20.6,20.1,17.8,8.7,0,8.6,8.1,8.8,6.3
8/12/2024,Khulna,0,0,0,0,0,0,76,79,74,74,71,76,16.5,18.1,19.6,19.8,19.8,18,8.5,0,8,7.4,8.7,5.5
9/12/2024,Khulna,0,0,0,0,0,0,89,82,75,71,72,84,17.5,18.5,21.5,21.8,21.2,18,0,0,3.6,3.1,6.2,0
10/12/2024,Khulna,0,0,0,0,0,0,88,81,81,77,82,84,17.2,19.7,20.6,21.3,20.5,17.9,5.3,0,4.2,0,6.6,3.9
11/12/2024,Khulna,0,0,0,0,0,0,84,84,77,77,85,86,15.7,17.2,18.8,19.1,18.2,16.3,4.8,0,5.2,3.8,8.1,2.8
12/12/2024,Khulna,0,0,0,0,0,0,88,86,83,79,77,93,15.2,16.1,17,18.5,18.3,14.1,5.8,1.7,6.4,6.3,6.2,0
13-12-24,Khulna,0,0,0,0,0,0,79,80,77,85,76,81,15.5,16.5,18.1,18.7,17.9,16.2,7.9,4.9,6.1,7,8.3,6.2
14-12-24,Khulna,0,0,0,0,0,0,77,77,72,76,74,76,15.5,16.7,18.2,19.1,18.1,17,7.2,3.7,6.5,6,9,5.7
15-12-24,Khulna,0,0,0,0,0,0,76,78,74,75,72,74,16.5,16.9,18.6,18.9,18,17.8,8.4,7.4,6.9,7.7,9.1,6.4
16-12-24,Khulna,0,0,0,0,0,0,80,79,77,83,79,77,17,17.5,18.9,19.4,18.5,18,8.5,8.2,6.8,7.4,8.2,6.6
17-12-24,Khulna,0,0,0,0,0,0,81,79,71,76,75,78,17.4,18.8,21.7,20.9,20.7,18.4,6.9,8.4,4.8,0.7,8.4,5.7
18-12-24,Khulna,0,0,0,0,0,0,80,79,72,77,75,79,17.3,18.1,21.6,21.1,20.1,17.8,8.3,8.1,6.3,0.5,7.1,6.2
19-12-24,Khulna,0,0,0,0,0,0,83,82,79,78,81,81,17.4,18.3,20.2,20.5,19.4,18.1,7.6,5,4.3,3.9,7.5,5.3
20-12-24,Khulna,0,0,0,0,0,0,80,79,77,80,74,77,18.3,19,21.2,20.8,21.2,18.2,5.5,7.3,2.2,1.6,5.1,4
21-12-24,Khulna,0,0,0,0,0,0,85,92,94,93,90,83,17.6,17.4,19.3,19.7,19.4,17.3,1.7,7.7,0,0,0,0.8
22-12-24,Khulna,0,1,2,3,5,0,87,85,80,79,83,88,17.6,18.4,20.7,20.9,20.6,17.5,4.7,3.4,5.8,5.1,8,2.8
23-12-24,Khulna,0,0,0,0,0,0,80,77,74,72,73,80,17.7,18.4,20.5,20.7,20.6,18.1,8.6,7.7,6.4,7.2,8.7,6.2
24-12-24,Khulna,0,0,0,0,0,0,77,77,73,73,71,76,17.9,19.2,21.2,21.3,21.1,18.4,8.4,8.1,3.7,1.8,7.9,6.9
25-12-24,Khulna,0,0,0,0,0,0,80,82,76,76,77,77,18.7,18.8,21.3,21.6,21.3,18.6,6.8,7.8,1.9,0.2,1.8,5.7
26-12-24,Khulna,0,0,0,0,0,0,82,78,70,69,73,76,18.6,20,21.6,21.8,21.1,19.1,7.6,6.4,6.8,7,8.1,6.6
27-12-24,Khulna,0,0,0,0,0,0,80,78,76,74,71,76,18.2,19.2,20.2,20.6,20,18.8,7.9,8.2,6.7,7.2,9.2,6.9
28-12-24,Khulna,0,0,0,0,0,0,79,75,76,81,75,75,18.2,19.1,20.5,20.3,19.7,19.3,9,8.3,8,7.9,8.9,6.9
29-12-24,Khulna,0,0,0,0,0,0,80,79,76,74,77,75,18.5,19.4,20.9,21.1,20.6,19.3,8.2,7.6,7.1,7.5,8.3,6.4
30-12-24,Khulna,0,0,0,0,0,0,85,82,80,75,78,80,18.5,20,21.4,21.5,21.4,19.3,3.1,2.9,5.4,3.9,6.4,2.9
31-12-24,Khulna,0,0,0,0,0,0,85,81,81,82,81,85,16.5,17.8,18.8,19.1,18.4,17.1,3.7,0,4.7,3.5,5.4,3.6
