,,,,,,,,,,,,,,,,,,,,,,,,,,,,,,,,,
                                        Bangladesh Meteorological Department,,,,,,,,,,,,,,,,,,,,,,,,,,,,,,,,,
                                                Climate Division,,,,,,,,,,,,,,,,,,,,,,,,,,,,,,,,,
                                                Agargaon,Dhaka-1207,,,,,,,,,,,,,,,,,,,,,,,,,,,,,,,,
,,,,,,,,,,,,,,,,,,,,,,,,,,,,,,,,,
,,,,,,,,,,,,,,,,,,,,,,,,,,,,,,,,,
          Daily  totalRainfall  data  in  Millimeter  ,,,,,,,,,,,,,,,,,,,,,,,,,,,,,,,,,
Stati,Year,Month,1,2,3,4,5,6,7,8,9,10,11,12,13,14,15,16,17,18,19,20,21,22,23,24,25,26,27,28,29,30,31
Dhaka       ,2022,1,0,0,0,0,0,0,0,0,0,0,0,1,0,0,0,0,0,0,0,0,0,0,0,7,0,0,4,0,0,0,0
Dhaka       ,2022,2,0,0,0,0,16,0,0,0,0,0,0,0,0,0,0,0,0,0,0,0,4,0,0,0,0,0,0,0,,,
Dhaka       ,2022,3,0,0,0,0,0,0,0,0,0,0,0,0,0,0,0,0,0,0,0,0,0,0,0,0,0,0,0,9,0,5,0
Dhaka       ,2022,4,0,0,0,0,0,0,0,0,0,0,0,0,0,0,0,0,0,0,0,0,60,0,41,0,0,0,0,0,1,4,
Dhaka       ,2022,5,1,6,1,14,1,0,4,0,25,1,37,0,0,1,0,0,0,0,0,0,42,14,0,0,0,39,0,0,0,0,31
Dhaka       ,2022,6,0,19,2,12,0,0,0,0,0,64,0,0,0,2,0,1,2,34,3,0,12,0,0,1,0,0,0,0,0,16,
Dhaka       ,2022,7,5,3,0,9,0,0,0,0,0,0,0,0,0,0,2,3,0,0,0,2,2,0,0,2,6,0,1,9,7,0,0
Dhaka       ,2022,8,10,0,0,3,1,10,14,0,0,0,0,0,5,4,37,0,0,0,1,2,0,0,26,7,0,0,0,0,10,0,0
Dhaka       ,2022,9,0,0,22,16,1,18,14,1,23,0,0,13,32,53,66,0,1,1,1,0,0,0,0,0,0,0,20,0,0,0,
Dhaka       ,2022,10,0,2,12,15,0,0,0,0,0,0,5,0,2,0,0,0,0,0,0,0,0,0,0,5,255,1,0,0,0,0,0
Dhaka       ,2022,11,0,0,0,0,0,0,0,0,0,0,0,0,0,0,0,0,0,0,0,0,0,0,0,0,0,0,0,0,0,0,
Dhaka       ,2022,12,0,0,0,0,0,0,0,0,0,0,0,0,0,0,0,0,0,0,0,0,0,0,0,0,0,0,0,4,0,0,0
Dhaka       ,2023,1,0,0,0,0,0,0,0,0,0,0,0,0,0,0,0,0,0,0,0,0,0,0,0,0,0,0,0,0,0,0,0
Dhaka       ,2023,2,0,0,0,0,0,0,0,0,0,0,0,0,0,0,0,0,0,0,0,0,0,0,0,0,2,0,0,0,,,
Dhaka       ,2023,3,0,0,0,0,0,0,0,0,0,0,0,0,0,0,0,2,1,0,0,18,0,0,0,0,19,2,0,0,0,4,28
Dhaka       ,2023,4,15,1,0,0,0,0,0,0,0,0,0,0,0,0,0,0,0,0,0,0,0,0,1,0,0,0,0,3,0,10,
Dhaka       ,2023,5,2,0,0,7,1,0,12,0,0,0,0,0,0,0,0,0,3,50,4,0,0,27,0,29,0,0,1,9,0,0,0
Dhaka       ,2023,6,0,0,0,0,0,0,0,0,2,47,1,0,39,0,0,0,36,42,3,3,5,0,0,14,0,1,4,15,115,36,
Dhaka       ,2023,7,91,80,10,2,1,3,11,11,0,1,3,0,1,1,6,1,0,0,0,0,0,0,0,0,0,0,5,4,12,0,1
Dhaka       ,2023,8,5,5,19,5,55,5,18,54,7,38,60,5,56,21,7,24,46,0,1,2,0,0,2,0,18,14,0,6,0,1,0
Dhaka       ,2023,9,13,2,55,34,1,0,8,5,0,0,0,43,29,0,0,0,0,22,21,12,24,122,2,11,0,1,0,0,0,8,
Dhaka       ,2023,10,0,0,7,18,43,65,125,0,0,0,0,0,0,0,0,0,0,7,0,0,0,0,2,59,0,0,0,0,0,0,0
Dhaka       ,2023,11,0,0,0,0,0,0,0,0,0,0,0,0,0,0,0,0,2,30,0,0,0,0,0,0,0,0,0,0,0,0,
Dhaka       ,2023,12,0,0,0,0,0,0,10,46,1,0,0,0,0,0,0,0,0,0,0,0,0,0,0,0,0,0,0,0,0,0,0
Dhaka       ,2024,1,0,0,0,0,0,0,0,0,0,0,0,0,0,0,0,0,0,0,0,0,0,0,0,0,0,0,0,0,0,0,0
Dhaka       ,2024,2,0,0,0,0,0,0,0,0,0,0,0,0,0,0,0,0,0,0,0,0,0,0,16,0,0,0,0,0,0,,
Dhaka       ,2024,3,0,0,0,0,0,0,0,0,0,0,0,0,0,0,12,0,2,0,0,13,4,16,0,28,8,0,0,1,2,0,0
Dhaka       ,2024,4,5,0,0,0,0,0,0,0,0,0,0,0,0,0,0,0,12,7,0,0,0,0,0,0,0,0,0,0,0,0,
Dhaka       ,2024,5,0,0,10,0,0,36,2,2,10,0,0,87,0,5,0,0,0,0,0,0,0,0,4,8,0,1,9,224,1,0,0
Dhaka       ,2024,6,0,0,0,1,0,1,0,9,0,0,1,0,0,56,0,0,0,0,0,1,1,0,15,0,0,7,64,1,23,35,
Dhaka       ,2024,7,43,47,29,15,15,8,0,0,0,1,0,1,131,0,5,0,0,0,0,0,0,4,16,1,12,0,2,0,0,0,16
Dhaka       ,2024,8,23,55,60,29,0,3,1,12,2,1,2,16,7,4,0,0,12,44,3,1,62,42,5,6,39,3,0,44,0,64,2
Dhaka       ,2024,9,0,3,31,81,11,0,11,4,0,21,0,5,0,10,32,138,1,0,0,0,0,7,0,7,2,44,70,11,0,1,
Dhaka       ,2024,10,13,2,44,12,69,30,0,6,3,4,1,20,28,0,0,0,0,3,18,0,0,0,0,3,15,0,0,0,0,0,0
Dhaka       ,2024,11,0,0,0,0,0,22,0,0,0,0,0,0,0,0,0,0,0,0,0,0,0,0,0,0,0,0,0,0,0,0,
Dhaka       ,2024,12,0,0,0,0,0,0,0,0,0,0,0,0,0,0,0,0,0,0,0,0,0,0,0,0,0,0,0,0,0,0,0
Tangail     ,2022,1,0,0,0,0,0,0,0,0,0,0,0,8,7,0,0,0,0,0,0,0,0,0,0,0,0,0,1,0,0,0,0
Tangail     ,2022,2,0,0,0,4,32,0,0,0,0,0,4,0,0,0,0,0,0,0,0,0,0,0,0,0,2,0,0,0,,,
Tangail     ,2022,3,0,0,0,0,0,0,0,0,0,0,0,0,0,0,0,0,0,0,0,0,0,0,0,0,0,0,0,0,0,0,0
Tangail     ,2022,4,0,0,0,0,0,0,0,0,0,0,0,0,0,0,0,0,0,0,0,12,51,0,38,0,0,0,0,4,0,0,
Tangail     ,2022,5,0,0,0,37,0,0,64,9,0,0,57,7,1,2,1,0,0,17,0,57,36,2,0,0,0,4,0,0,10,1,0
Tangail     ,2022,6,8,0,1,0,2,0,78,0,15,20,0,0,0,1,0,0,2,65,6,4,11,0,0,0,0,0,8,0,6,7,
Tangail     ,2022,7,11,4,0,2,0,5,6,0,0,0,0,0,0,0,0,0,0,0,2,0,0,3,6,3,44,0,4,0,0,0,1
Tangail     ,2022,8,24,77,0,24,1,0,47,2,1,0,1,0,0,7,8,1,0,0,4,0,0,0,19,8,0,0,0,0,0,7,0
Tangail     ,2022,9,1,43,1,0,2,9,0,0,57,0,8,17,16,98,5,2,0,0,0,0,0,0,0,0,0,0,19,0,7,3,
Tangail     ,2022,10,0,0,28,4,0,0,1,0,0,0,0,14,4,1,0,0,0,0,0,0,0,0,0,1,251,2,0,0,0,0,0
Tangail     ,2022,11,0,0,0,0,0,0,0,0,0,0,0,0,0,0,0,0,0,0,0,0,0,0,0,0,0,0,0,0,0,0,
Tangail     ,2022,12,0,0,0,0,0,0,0,0,0,0,0,0,0,0,0,0,0,0,0,0,0,0,0,0,0,0,6,3,0,0,0
Tangail     ,2023,1,0,0,0,0,0,0,0,0,0,0,0,0,0,0,0,0,0,0,0,0,0,0,0,0,0,0,0,0,0,0,0
Tangail     ,2023,2,0,0,0,0,0,0,0,0,0,0,0,0,0,0,0,0,0,0,0,0,0,0,0,0,0,0,0,0,,,
Tangail     ,2023,3,0,0,0,0,0,0,0,0,0,0,0,0,0,0,0,1,1,5,6,14,10,0,0,0,0,0,0,0,0,7,64
Tangail     ,2023,4,21,1,0,0,0,0,0,0,0,0,0,0,0,0,0,0,0,0,0,0,0,0,0,0,0,0,0,4,0,5,
Tangail     ,2023,5,6,1,0,0,37,0,0,0,0,0,0,4,0,0,0,0,5,46,0,0,0,50,0,39,0,11,0,5,0,0,0
Tangail     ,2023,6,0,0,0,0,0,0,0,0,0,84,3,0,8,13,0,1,15,22,9,0,2,19,1,7,1,1,2,4,14,18,
Tangail     ,2023,7,31,74,33,1,0,0,14,29,2,21,13,0,4,6,145,3,3,1,0,0,0,0,4,0,0,0,2,0,0,0,56
Tangail     ,2023,8,44,2,0,10,18,29,2,140,48,0,13,0,48,10,0,0,16,1,0,4,0,0,19,1,42,20,0,4,0,0,0
Tangail     ,2023,9,0,0,44,0,0,0,3,56,10,0,0,5,0,0,0,0,0,0,0,10,1,12,5,7,4,5,0,0,0,4,
Tangail     ,2023,10,3,0,8,5,16,230,2,0,0,0,0,0,0,0,0,0,0,0,0,0,0,0,0,8,0,0,0,0,0,0,0
Tangail     ,2023,11,0,0,0,0,0,0,0,0,0,0,0,0,0,0,0,0,2,1,0,0,0,0,0,0,0,0,0,0,0,0,
Tangail     ,2023,12,0,0,0,0,0,1,3,39,2,0,0,0,0,0,0,0,0,0,0,0,0,0,0,0,0,0,0,0,0,0,0
Tangail     ,2024,1,0,0,0,0,0,0,0,0,0,0,0,0,0,0,0,0,0,0,0,0,0,0,0,0,0,0,0,0,0,0,0
Tangail     ,2024,2,0,0,0,0,0,0,0,0,0,0,0,0,0,0,0,0,0,0,0,0,0,0,2,0,0,8,0,0,0,,
Tangail     ,2024,3,0,0,0,3,0,0,0,0,0,0,0,0,0,0,0,0,0,0,0,17,19,1,0,0,0,3,0,0,0,0,0
Tangail     ,2024,4,5,0,0,0,0,0,0,0,0,0,0,0,0,0,0,0,0,0,0,0,0,0,0,0,0,0,0,0,0,0,
Tangail     ,2024,5,0,0,0,0,0,9,0,15,3,0,49,38,0,0,0,0,0,0,3,5,0,0,0,0,0,8,3,107,1,0,0
Tangail     ,2024,6,0,0,0,0,0,47,12,25,0,0,0,0,0,39,0,0,0,0,0,0,20,0,108,0,0,0,0,0,3,0,
Tangail     ,2024,7,27,26,24,8,19,11,23,4,0,0,1,105,14,16,0,0,0,0,3,0,0,0,1,4,0,9,0,0,0,0,8
Tangail     ,2024,8,17,81,69,18,0,19,3,0,0,55,2,9,0,1,0,31,5,1,14,2,53,2,4,15,31,1,0,0,0,0,3
Tangail     ,2024,9,0,1,17,41,10,0,3,10,1,0,0,11,0,8,17,72,22,0,0,0,0,5,0,8,3,55,57,16,0,5,
Tangail     ,2024,10,0,1,5,48,178,33,13,16,0,6,0,0,0,0,0,0,0,23,8,0,0,0,0,33,7,0,0,0,0,0,0
Tangail     ,2024,11,0,0,0,0,0,0,0,0,0,0,0,0,0,0,0,0,0,0,0,0,0,0,0,0,0,0,0,0,0,0,
Tangail     ,2024,12,0,0,0,0,0,0,0,0,0,0,0,0,0,0,0,0,0,0,0,0,0,0,0,0,0,0,0,0,0,0,0
Mymensingh  ,2022,1,0,0,0,0,0,0,0,0,0,0,0,6,3,0,0,0,0,0,0,0,0,0,0,0,0,0,0,0,0,0,0
Mymensingh  ,2022,2,0,0,0,2,13,0,0,0,0,0,0,0,0,0,0,0,0,0,0,0,0,0,0,0,0,0,0,0,,,
Mymensingh  ,2022,3,0,0,0,0,0,0,0,0,0,0,0,0,0,0,0,0,0,0,0,0,0,0,0,0,0,0,0,0,0,0,0
Mymensingh  ,2022,4,0,0,0,1,0,0,0,0,0,0,0,18,0,0,0,0,0,0,0,0,16,0,24,0,0,0,0,0,0,1,
Mymensingh  ,2022,5,0,0,0,30,0,0,0,1,0,3,21,5,0,59,9,0,0,19,50,23,32,5,40,0,0,0,0,7,0,0,0
Mymensingh  ,2022,6,2,0,1,14,26,1,1,53,0,59,10,0,1,1,0,0,18,127,38,26,1,9,40,0,5,14,13,2,5,2,
Mymensingh  ,2022,7,6,1,0,0,0,9,3,0,3,1,0,0,0,0,0,11,0,0,2,4,1,1,1,40,2,16,0,3,0,14,0
Mymensingh  ,2022,8,18,97,0,13,0,3,17,7,3,1,0,0,0,0,1,0,0,0,0,9,0,1,3,2,0,0,0,0,4,59,0
Mymensingh  ,2022,9,0,10,36,53,0,2,0,0,0,0,42,1,8,42,45,44,0,0,33,0,0,0,7,0,0,19,0,0,0,1,
Mymensingh  ,2022,10,0,0,46,25,0,0,0,0,2,0,0,10,0,26,0,0,0,0,0,0,0,0,0,0,131,0,0,0,0,0,0
Mymensingh  ,2022,11,0,0,0,0,0,0,0,0,0,0,0,0,0,0,0,0,0,0,0,0,0,0,0,0,0,0,0,0,0,0,
Mymensingh  ,2022,12,0,0,0,0,0,0,0,0,0,0,0,0,0,0,0,0,0,0,0,0,0,0,0,0,0,0,0,0,0,0,0
Mymensingh  ,2023,1,0,0,0,0,0,0,0,0,0,0,0,0,0,0,0,0,0,0,0,0,0,0,0,0,0,0,0,0,0,0,0
Mymensingh  ,2023,2,0,0,0,0,0,0,0,0,0,0,0,0,0,0,0,0,0,0,0,0,0,0,11,0,0,0,0,0,,,
Mymensingh  ,2023,3,0,0,0,0,0,0,0,0,0,0,0,0,0,0,0,5,0,1,22,23,24,0,1,0,5,0,0,0,15,0,6
Mymensingh  ,2023,4,2,4,0,0,0,0,0,0,0,0,0,0,0,0,0,0,0,0,0,0,8,0,0,0,0,0,0,0,0,2,
Mymensingh  ,2023,5,2,0,0,0,68,0,0,0,0,0,0,53,0,0,0,21,2,31,3,9,0,23,0,25,0,7,0,0,0,0,0
Mymensingh  ,2023,6,0,0,0,0,0,0,0,0,0,7,2,0,0,0,27,43,29,11,1,19,0,60,0,1,0,0,3,2,42,14,
Mymensingh  ,2023,7,74,123,58,4,4,0,2,2,0,2,28,17,7,0,1,0,1,0,0,0,0,1,1,0,0,0,0,17,6,0,0
Mymensingh  ,2023,8,0,3,3,17,0,18,14,22,43,5,0,12,61,28,5,1,33,1,0,0,0,3,0,33,15,74,1,2,0,0,0
Mymensingh  ,2023,9,0,0,13,3,1,0,3,14,11,0,0,22,7,0,0,0,0,0,0,11,5,33,17,24,33,0,0,0,0,0,
Mymensingh  ,2023,10,23,0,4,7,47,378,10,4,0,0,5,0,0,0,0,0,0,0,0,0,0,0,0,0,0,0,0,0,0,0,0
Mymensingh  ,2023,11,0,0,0,0,0,0,0,0,0,0,0,0,0,0,0,0,3,0,0,0,0,0,0,0,0,0,0,0,0,0,
Mymensingh  ,2023,12,0,0,0,0,0,0,1,24,2,0,0,0,0,0,0,0,0,0,0,0,0,0,0,0,0,0,0,0,0,0,0
Mymensingh  ,2024,1,0,0,0,0,0,0,0,0,0,0,0,0,0,0,0,0,0,0,0,0,0,0,0,0,0,0,0,0,0,0,0
Mymensingh  ,2024,2,0,0,0,0,0,0,0,0,0,0,0,0,0,0,0,0,0,0,0,0,0,0,12,0,0,5,0,0,0,,
Mymensingh  ,2024,3,0,0,0,2,0,0,0,0,0,0,0,0,0,0,0,0,4,0,0,2,5,0,0,18,0,0,0,0,0,0,6
Mymensingh  ,2024,4,36,0,0,0,0,0,0,0,0,0,0,0,0,0,0,0,0,0,0,0,0,0,0,0,0,0,0,0,0,0,
Mymensingh  ,2024,5,0,0,0,0,83,20,1,0,0,3,5,2,0,0,0,0,0,0,14,0,0,0,0,0,0,2,0,136,0,19,1
Mymensingh  ,2024,6,0,0,1,6,6,37,4,15,47,55,2,0,19,2,23,1,0,0,59,64,16,0,4,0,0,0,2,1,1,15,
Mymensingh  ,2024,7,33,34,31,4,2,32,21,0,34,4,10,48,19,1,2,2,1,0,0,0,0,0,2,5,0,0,0,0,1,0,32
Mymensingh  ,2024,8,11,15,64,57,0,52,0,0,9,9,3,15,0,1,4,41,1,0,1,20,139,65,33,0,3,2,1,0,0,0,0
Mymensingh  ,2024,9,0,0,6,7,2,6,3,6,1,0,0,0,0,0,0,4,0,0,0,0,0,1,0,36,0,56,35,9,2,1,
Mymensingh  ,2024,10,0,16,3,40,112,17,2,0,22,0,0,25,0,0,0,1,0,3,1,0,0,0,0,4,2,0,0,0,0,2,0
Mymensingh  ,2024,11,0,0,0,0,0,0,0,0,0,0,0,0,0,0,0,0,0,0,0,0,0,0,0,0,0,0,0,0,0,0,
Mymensingh  ,2024,12,0,0,0,0,0,0,0,0,0,0,0,0,0,0,0,0,0,0,0,0,0,0,0,0,0,0,0,0,0,0,0
Faridpur    ,2022,1,0,0,0,0,0,0,0,0,0,0,0,1,0,0,1,0,0,0,0,0,0,0,0,5,0,0,0,0,0,0,0
Faridpur    ,2022,2,0,0,0,0,18,0,0,0,0,0,0,0,0,0,0,0,0,0,0,0,9,0,0,0,9,0,0,1,,,
Faridpur    ,2022,3,0,0,0,0,0,0,0,0,0,0,0,0,0,0,0,0,0,0,0,0,0,0,0,0,0,0,0,0,0,0,0
Faridpur    ,2022,4,0,0,0,0,0,0,0,0,0,0,0,0,0,0,0,0,0,0,0,0,22,0,13,0,0,0,0,0,0,1,
Faridpur    ,2022,5,2,1,0,21,57,1,0,0,0,0,51,7,5,0,0,0,0,0,0,4,3,21,0,0,11,33,19,0,17,3,0
Faridpur    ,2022,6,18,2,1,0,0,0,4,0,0,64,0,0,1,12,0,0,0,34,12,4,2,0,39,0,0,7,0,0,0,23,
Faridpur    ,2022,7,4,11,0,1,16,0,1,0,0,3,0,0,0,0,0,0,0,6,0,9,4,0,0,1,29,0,5,10,0,11,0
Faridpur    ,2022,8,17,8,5,7,0,0,2,0,0,3,0,1,2,1,33,0,0,0,40,20,1,0,89,8,2,0,0,0,5,0,0
Faridpur    ,2022,9,0,0,2,13,0,11,21,2,0,0,0,13,2,60,47,3,0,0,2,0,1,1,0,0,0,0,3,0,0,0,
Faridpur    ,2022,10,0,0,34,14,3,0,5,0,0,0,2,0,15,7,0,0,0,0,0,0,0,0,0,3,213,0,0,0,0,0,0
Faridpur    ,2022,11,0,0,0,0,0,0,0,0,0,0,0,0,0,0,0,0,0,0,0,0,0,0,0,0,0,0,0,0,0,0,
Faridpur    ,2022,12,0,0,0,0,0,0,0,0,0,0,0,0,0,0,0,0,0,0,0,0,0,0,0,0,0,0,0,2,0,0,0
Faridpur    ,2023,1,0,0,0,0,0,0,0,0,0,0,0,0,0,0,0,0,0,0,0,0,0,0,0,0,0,0,0,0,0,0,0
Faridpur    ,2023,2,0,0,0,0,0,0,0,0,0,0,0,0,0,0,0,0,0,0,0,0,0,0,0,0,0,0,0,0,,,
Faridpur    ,2023,3,0,0,0,0,0,0,0,0,0,0,0,0,0,0,0,0,0,0,0,7,0,0,0,0,0,8,1,0,0,17,0
Faridpur    ,2023,4,13,0,0,0,0,0,0,0,0,0,0,0,0,0,0,0,0,0,0,0,0,0,0,0,0,0,0,32,0,73,
Faridpur    ,2023,5,0,1,0,2,0,0,1,0,0,0,25,0,0,0,0,0,2,16,5,1,0,3,0,36,0,0,10,34,0,0,0
Faridpur    ,2023,6,0,0,0,0,0,0,0,0,0,13,0,0,0,0,0,1,3,0,0,0,15,0,0,0,0,2,8,8,55,17,
Faridpur    ,2023,7,28,26,0,0,0,0,40,4,0,4,0,0,0,4,41,7,1,0,0,0,0,0,0,1,0,0,7,0,1,19,2
Faridpur    ,2023,8,8,19,3,3,3,7,4,12,1,29,40,0,6,8,0,7,44,1,0,21,0,0,2,43,12,18,2,0,0,0,0
Faridpur    ,2023,9,0,15,10,7,0,8,1,8,0,0,0,0,0,0,0,0,0,1,3,33,8,10,20,5,20,39,0,0,0,2,
Faridpur    ,2023,10,2,3,1,14,5,232,4,0,0,0,15,0,8,0,0,0,0,0,0,0,0,0,0,2,0,0,0,0,0,0,0
Faridpur    ,2023,11,0,0,0,0,0,0,0,0,0,0,0,0,0,0,0,0,3,2,0,0,0,0,0,0,0,0,0,0,0,0,
Faridpur    ,2023,12,0,0,0,0,0,0,17,55,1,0,0,0,0,0,0,0,0,0,0,0,0,0,0,0,0,0,0,0,0,0,0
Faridpur    ,2024,1,0,0,0,0,0,0,0,0,0,0,0,0,0,0,0,0,0,0,0,0,0,0,0,0,1,0,0,0,0,0,0
Faridpur    ,2024,2,0,4,0,0,0,0,0,0,0,0,0,0,0,0,0,0,0,0,0,0,0,0,2,0,0,0,0,0,0,,
Faridpur    ,2024,3,0,0,0,0,0,0,0,0,0,0,0,0,0,0,7,0,3,0,0,1,1,0,0,0,0,0,0,0,0,0,0
Faridpur    ,2024,4,5,0,0,0,0,0,0,1,0,0,0,0,0,0,0,0,23,0,0,0,0,0,0,0,0,0,0,0,0,0,
Faridpur    ,2024,5,0,0,0,0,0,0,6,28,0,17,0,0,0,0,0,0,0,0,0,0,2,0,19,0,0,0,29,56,1,0,0
Faridpur    ,2024,6,0,0,0,0,11,0,0,0,0,0,0,0,0,0,0,0,0,0,0,1,8,0,0,0,0,0,0,0,10,2,
Faridpur    ,2024,7,3,36,24,32,38,24,17,20,1,0,0,24,54,8,0,0,15,0,0,2,1,9,19,5,11,0,0,1,0,14,16
Faridpur    ,2024,8,24,29,31,5,0,7,1,2,1,1,2,1,0,0,0,0,5,14,27,1,3,58,15,3,8,12,4,0,0,1,3
Faridpur    ,2024,9,0,4,0,1,2,0,1,2,0,0,0,2,10,6,126,130,18,0,0,0,0,1,0,0,3,64,44,2,0,8,
Faridpur    ,2024,10,4,6,60,6,42,7,0,0,12,17,3,4,2,0,0,0,0,1,8,0,0,0,0,20,16,3,0,0,0,0,0
Faridpur    ,2024,11,0,0,0,0,0,1,0,0,0,0,0,0,1,1,0,0,0,0,0,0,0,0,0,0,0,0,0,0,0,0,
Faridpur    ,2024,12,1,0,0,0,0,0,0,0,0,0,0,0,0,0,0,0,0,0,0,0,0,0,0,0,0,0,0,0,0,0,0
Madaripur   ,2022,1,0,0,0,0,0,0,0,0,0,0,0,0,0,0,1,0,0,0,0,0,0,0,0,5,0,0,12,0,0,0,0
Madaripur   ,2022,2,0,0,0,0,55,0,0,0,0,0,0,0,0,0,0,0,0,0,0,0,2,0,0,0,0,0,0,1,,,
Madaripur   ,2022,3,0,0,0,0,0,0,0,0,0,0,0,0,0,0,0,0,0,0,0,0,0,0,0,0,0,0,0,0,0,0,0
Madaripur   ,2022,4,0,0,0,0,0,0,0,0,0,0,0,0,0,0,0,0,0,0,0,0,5,0,22,0,0,0,0,0,0,0,
Madaripur   ,2022,5,3,25,0,14,65,0,0,0,0,17,26,5,3,6,0,0,0,0,0,0,0,41,0,0,0,73,3,0,0,49,9
Madaripur   ,2022,6,1,0,1,0,9,0,0,0,0,22,0,0,0,0,8,22,64,2,13,19,0,7,96,35,0,5,0,4,10,6,
Madaripur   ,2022,7,1,0,0,9,0,0,15,4,0,0,1,3,0,0,0,0,5,13,10,2,0,0,0,17,1,0,0,0,0,6,0
Madaripur   ,2022,8,0,0,1,25,0,0,26,0,6,28,1,5,0,7,69,0,0,0,12,1,0,0,11,0,12,0,0,0,0,0,0
Madaripur   ,2022,9,0,0,7,5,34,0,14,0,0,0,63,41,48,61,54,5,0,0,3,0,11,1,3,0,0,21,3,6,0,0,
Madaripur   ,2022,10,0,1,16,40,31,0,2,0,0,0,0,0,5,14,0,0,0,0,0,0,0,0,0,13,315,0,0,0,0,0,0
Madaripur   ,2022,11,0,0,0,0,0,0,0,0,0,0,0,0,0,0,0,0,0,0,0,0,0,0,0,0,0,0,0,0,0,0,
Madaripur   ,2022,12,0,0,0,0,0,0,0,0,0,0,0,0,0,0,0,0,0,0,0,0,0,0,0,0,0,0,0,0,0,0,0
Madaripur   ,2023,1,0,0,0,0,0,0,0,0,0,0,0,0,0,0,0,0,0,0,0,0,0,0,0,0,0,0,0,0,0,0,0
Madaripur   ,2023,2,0,0,0,0,0,0,0,0,0,0,0,0,0,0,0,0,0,0,0,0,0,0,0,0,0,0,0,0,,,
Madaripur   ,2023,3,0,0,0,0,0,0,0,0,0,0,0,0,0,0,0,3,3,0,0,24,16,15,0,0,0,6,25,0,0,25,0
Madaripur   ,2023,4,77,0,0,0,0,0,0,0,0,0,0,0,0,0,0,0,0,0,0,0,0,0,0,0,0,0,0,42,0,3,
Madaripur   ,2023,5,0,1,0,3,0,4,0,0,0,0,0,0,0,0,0,2,13,4,18,0,0,31,0,45,0,0,1,41,0,0,0
Madaripur   ,2023,6,0,0,0,0,0,0,0,0,6,3,0,0,29,0,5,0,0,0,13,0,46,43,0,3,0,7,4,46,19,31,
Madaripur   ,2023,7,4,3,2,11,0,9,15,20,1,0,23,0,21,1,6,1,14,0,0,0,0,0,0,0,0,0,18,13,0,14,2
Madaripur   ,2023,8,0,29,9,0,43,23,120,54,0,4,20,1,6,51,0,0,56,0,2,1,0,0,2,19,2,8,13,2,8,0,0
Madaripur   ,2023,9,0,14,5,3,0,7,18,5,3,0,0,5,3,8,10,1,0,4,39,43,20,5,13,22,23,1,0,0,0,0,
Madaripur   ,2023,10,18,17,7,27,29,16,1,4,0,0,5,0,0,0,0,0,0,0,0,0,0,0,0,1,0,0,0,0,0,0,0
Madaripur   ,2023,11,0,0,0,0,0,0,0,0,0,0,0,0,0,0,0,0,43,63,0,0,0,0,0,0,0,0,0,0,0,0,
Madaripur   ,2023,12,0,0,0,0,0,0,2,36,0,0,0,0,0,0,0,0,0,0,0,0,0,0,0,0,0,0,0,0,0,0,0
Madaripur   ,2024,1,0,0,0,0,0,0,0,0,0,0,0,0,0,0,0,0,0,0,2,0,0,0,0,0,2,0,0,0,0,0,1
Madaripur   ,2024,2,0,3,0,0,0,0,0,0,0,0,0,0,0,0,0,0,0,0,0,0,0,1,48,0,0,0,0,0,0,,
Madaripur   ,2024,3,0,0,0,0,0,0,0,0,0,0,0,0,0,0,22,0,0,0,0,1,2,9,0,0,34,0,0,6,0,0,0
Madaripur   ,2024,4,8,0,0,0,0,0,0,3,0,0,0,0,0,0,0,0,0,0,0,0,0,0,0,0,0,0,0,0,0,0,
Madaripur   ,2024,5,0,0,0,0,0,0,97,18,4,0,0,3,2,0,0,0,0,0,0,1,0,0,0,0,0,0,26,205,0,0,0
Madaripur   ,2024,6,0,0,0,0,37,0,3,0,0,0,0,0,0,0,0,0,0,0,0,2,76,12,2,2,0,0,0,0,2,34,
Madaripur   ,2024,7,94,1,36,10,7,1,0,0,6,1,5,15,2,0,0,0,1,0,0,8,8,3,10,11,5,3,1,7,3,3,2
Madaripur   ,2024,8,8,53,71,10,2,4,0,0,4,2,0,0,37,5,0,0,0,27,33,23,0,32,2,0,59,44,5,0,4,0,0
Madaripur   ,2024,9,0,3,1,5,7,0,2,9,1,0,0,4,25,48,166,31,0,0,0,0,7,0,0,0,16,47,42,5,0,0,
Madaripur   ,2024,10,29,0,42,7,162,8,0,0,0,10,0,0,0,0,0,0,0,0,0,2,0,0,0,3,41,1,3,0,0,0,0
Madaripur   ,2024,11,3,0,0,0,0,6,0,0,0,0,0,0,0,0,0,0,0,0,0,0,0,0,0,0,0,0,0,0,0,0,
Madaripur   ,2024,12,4,0,0,0,0,0,0,0,0,0,0,0,0,0,0,0,0,0,0,0,0,2,0,0,0,0,0,0,0,0,0
Srimangal   ,2022,1,0,0,0,0,0,0,0,0,0,0,0,1,0,0,1,0,0,0,0,0,0,0,0,1,0,0,17,1,0,0,0
Srimangal   ,2022,2,0,3,0,0,20,0,0,0,0,0,0,0,0,0,0,0,0,0,0,0,4,0,0,0,0,0,0,0,,,
Srimangal   ,2022,3,0,0,0,0,0,0,0,0,0,0,0,0,0,0,0,0,0,0,0,0,0,0,0,0,0,0,3,3,17,0,7
Srimangal   ,2022,4,0,0,0,0,0,0,0,0,0,0,53,3,0,0,0,0,0,23,4,4,13,0,0,0,0,0,2,0,0,0,
Srimangal   ,2022,5,0,0,0,30,5,9,0,0,5,3,46,24,19,163,7,7,0,37,104,35,42,8,0,45,0,0,7,0,0,17,0
Srimangal   ,2022,6,17,1,5,0,19,40,0,104,18,10,5,0,1,25,45,59,6,55,33,45,0,4,8,0,0,10,0,6,6,31,
Srimangal   ,2022,7,1,30,1,8,1,37,2,1,3,10,1,2,3,15,2,0,0,0,1,9,0,6,8,7,20,2,4,0,82,0,1
Srimangal   ,2022,8,9,15,21,2,9,105,49,22,2,0,0,0,25,17,4,28,12,20,1,21,0,12,3,13,0,0,14,0,0,0,7
Srimangal   ,2022,9,1,10,41,62,4,32,10,0,0,30,21,3,1,20,12,0,0,0,25,1,0,0,4,0,26,0,0,1,0,0,
Srimangal   ,2022,10,2,50,2,15,54,1,0,1,51,53,30,66,16,39,0,0,0,0,0,0,0,0,0,7,58,1,0,0,0,0,0
Srimangal   ,2022,11,0,0,0,0,0,0,0,0,0,0,0,0,0,0,0,0,0,0,0,0,0,0,0,0,0,0,0,0,0,0,
Srimangal   ,2022,12,0,0,0,0,0,0,0,0,0,0,0,0,0,0,0,0,0,0,0,0,0,0,0,0,0,0,0,1,0,0,0
Srimangal   ,2023,1,0,0,0,0,0,0,0,0,0,0,0,0,0,0,0,0,0,0,0,0,0,0,0,0,0,0,0,0,0,0,0
Srimangal   ,2023,2,0,0,0,0,0,0,0,0,0,0,0,0,0,0,0,0,0,0,0,0,0,0,0,0,1,0,0,0,,,
Srimangal   ,2023,3,0,0,0,0,0,0,0,0,0,0,0,0,0,0,0,0,0,2,0,19,7,13,1,7,0,9,0,0,0,30,26
Srimangal   ,2023,4,0,21,33,0,0,17,0,0,0,0,0,0,0,0,0,0,0,0,0,0,1,9,0,17,0,0,0,0,0,0,
Srimangal   ,2023,5,0,0,0,0,2,0,0,0,0,0,0,0,0,0,0,0,0,40,4,18,0,13,0,2,1,44,0,59,4,0,0
Srimangal   ,2023,6,0,0,8,1,0,0,0,0,20,45,27,7,15,2,73,38,81,40,42,23,42,39,2,11,0,1,16,17,40,51,
Srimangal   ,2023,7,13,37,0,0,60,38,1,2,0,0,1,0,0,15,0,0,2,0,18,0,24,18,0,54,10,0,0,4,2,9,1
Srimangal   ,2023,8,13,21,8,4,9,10,14,17,34,14,12,47,0,1,12,102,0,2,0,0,3,0,1,0,0,11,15,20,19,0,0
Srimangal   ,2023,9,1,0,0,8,0,0,10,2,7,0,0,5,7,2,5,0,0,6,43,33,13,12,29,1,0,49,0,0,0,0,
Srimangal   ,2023,10,0,1,11,19,13,26,50,1,0,5,0,1,0,0,0,0,0,0,0,0,0,0,0,0,0,19,8,0,0,0,0
Srimangal   ,2023,11,0,0,0,0,0,0,0,0,0,0,0,0,0,0,0,0,6,105,0,0,0,0,0,0,0,0,0,0,0,0,
Srimangal   ,2023,12,0,0,0,0,0,0,2,36,1,0,0,0,0,0,0,0,0,0,0,0,0,0,0,0,0,0,0,0,0,0,0
Srimangal   ,2024,1,0,0,0,0,0,0,0,0,0,0,0,0,0,0,0,0,0,0,0,0,0,0,0,0,0,0,0,0,0,0,0
Srimangal   ,2024,2,0,0,0,0,0,0,0,0,0,0,0,0,0,0,0,0,0,0,0,0,0,1,71,1,0,0,0,0,0,,
Srimangal   ,2024,3,0,0,0,0,0,0,0,0,0,0,0,0,0,0,0,0,0,0,0,1,0,0,0,21,1,4,0,0,0,7,12
Srimangal   ,2024,4,2,0,3,4,0,0,0,0,0,0,0,0,0,0,0,0,0,22,21,0,0,0,0,0,0,0,3,0,18,0,
Srimangal   ,2024,5,24,0,0,12,11,124,20,0,0,0,1,51,0,0,0,0,0,32,9,0,0,20,0,0,0,21,11,217,54,0,122
Srimangal   ,2024,6,2,0,11,18,143,0,1,0,23,39,15,9,14,21,34,15,0,2,136,43,2,1,8,7,0,8,26,17,16,2,
Srimangal   ,2024,7,50,45,52,0,1,1,2,19,3,0,7,0,0,8,18,53,10,1,1,10,16,2,0,9,0,27,15,1,3,12,3
Srimangal   ,2024,8,1,32,14,10,72,3,13,13,0,0,4,0,7,107,5,6,9,4,10,154,22,116,2,17,1,1,22,0,0,1,4
Srimangal   ,2024,9,19,2,16,0,1,1,0,14,0,1,0,0,0,0,0,0,0,0,0,0,0,8,0,0,20,48,7,1,0,12,
Srimangal   ,2024,10,0,0,12,0,22,1,8,1,2,2,0,24,1,0,0,0,0,0,0,3,0,0,5,6,8,0,0,0,0,0,0
Srimangal   ,2024,11,17,0,0,0,0,3,0,0,0,0,0,0,0,0,0,0,0,0,0,0,0,0,0,0,0,0,0,0,0,0,
Srimangal   ,2024,12,0,0,0,0,0,0,0,0,0,0,0,0,0,0,0,0,0,0,0,0,0,0,0,0,0,0,0,0,0,0,0
Sylhet      ,2022,1,0,0,0,0,0,0,0,0,0,0,0,1,10,2,0,0,0,0,0,0,0,0,0,0,0,0,3,0,0,0,0
Sylhet      ,2022,2,0,0,0,0,15,0,0,0,0,0,0,0,0,0,0,0,0,0,0,0,1,3,0,0,5,0,0,0,,,
Sylhet      ,2022,3,0,0,0,0,0,0,0,0,0,0,0,0,0,0,0,0,0,0,0,0,0,0,0,0,30,0,11,2,0,11,25
Sylhet      ,2022,4,7,0,0,1,0,0,0,0,0,0,15,23,2,6,13,0,11,50,3,27,1,0,1,7,40,18,13,11,0,38,
Sylhet      ,2022,5,1,1,31,23,0,0,0,0,0,69,119,78,61,128,62,2,34,32,16,47,112,11,0,0,0,11,0,7,3,54,0
Sylhet      ,2022,6,35,0,67,61,144,99,32,17,51,25,27,3,57,92,20,58,67,109,304,22,22,14,3,0,0,0,1,5,110,40,
Sylhet      ,2022,7,14,6,5,16,2,91,35,8,4,37,35,14,1,0,0,15,163,48,77,13,3,3,10,36,4,10,47,1,31,4,45
Sylhet      ,2022,8,46,0,0,3,23,1,11,77,4,0,0,0,0,33,4,0,24,0,0,15,0,0,39,0,0,0,18,31,54,0,78
Sylhet      ,2022,9,29,11,17,116,14,133,1,0,0,0,67,1,38,36,7,57,27,0,6,2,0,76,51,49,3,0,0,0,1,2,
Sylhet      ,2022,10,0,6,63,11,15,0,0,16,34,11,4,109,19,7,1,0,0,1,0,0,0,0,0,0,37,0,0,0,0,0,0
Sylhet      ,2022,11,0,0,0,0,0,0,0,0,0,0,0,0,0,0,0,0,0,0,0,0,0,0,0,0,0,0,0,0,0,0,
Sylhet      ,2022,12,0,0,0,0,0,0,0,0,0,0,0,0,0,0,0,0,0,0,0,0,0,0,0,0,0,0,8,0,0,0,0
Sylhet      ,2023,1,0,0,0,0,0,0,0,0,0,0,0,0,0,0,0,0,0,0,0,0,0,0,0,0,0,0,0,0,0,0,0
Sylhet      ,2023,2,0,0,0,0,0,0,0,0,0,0,0,0,0,0,0,0,0,0,0,0,0,0,5,0,2,0,0,0,,,
Sylhet      ,2023,3,0,0,0,0,0,0,0,0,0,0,0,0,0,0,22,7,0,20,0,36,36,1,12,10,0,0,2,0,51,5,1
Sylhet      ,2023,4,0,41,12,0,78,6,0,0,0,0,0,0,0,0,0,0,0,0,0,16,0,11,0,53,0,0,0,57,0,11,
Sylhet      ,2023,5,0,0,0,1,21,0,39,0,0,0,20,2,0,0,0,1,100,19,10,32,34,3,0,3,0,24,0,20,0,0,0
Sylhet      ,2023,6,0,5,40,0,0,0,0,0,0,45,33,76,3,47,272,135,116,92,112,125,48,2,3,0,1,0,2,26,53,31,
Sylhet      ,2023,7,100,111,307,86,1,24,49,41,5,1,22,0,16,73,3,3,4,1,7,0,6,41,42,14,30,1,41,6,27,0,0
Sylhet      ,2023,8,0,0,4,10,9,15,85,49,27,21,7,15,33,26,31,0,0,9,4,20,0,162,97,20,16,60,46,160,0,0,0
Sylhet      ,2023,9,1,94,0,20,0,0,0,4,15,0,19,18,23,48,0,0,0,26,82,12,35,27,13,5,0,11,0,0,0,0,
Sylhet      ,2023,10,5,5,46,3,10,51,358,107,48,46,0,7,4,0,0,0,0,0,0,0,0,0,0,0,1,0,0,0,0,0,0
Sylhet      ,2023,11,0,0,0,0,0,0,0,0,0,0,0,0,0,0,0,0,1,71,0,0,0,0,0,0,0,0,0,0,0,0,
Sylhet      ,2023,12,0,0,0,0,0,0,2,37,1,0,0,0,0,0,0,0,0,0,0,0,0,0,0,0,2,0,0,0,0,0,0
Sylhet      ,2024,1,0,0,0,0,0,0,0,0,0,0,0,0,0,0,0,0,0,0,0,0,0,0,0,0,0,0,0,0,0,0,0
Sylhet      ,2024,2,0,3,1,0,0,0,0,0,0,0,0,0,0,0,0,0,0,0,0,0,25,0,31,0,0,0,0,0,0,,
Sylhet      ,2024,3,0,0,0,0,0,0,0,0,0,0,0,0,0,0,1,0,0,0,0,1,0,3,0,14,1,63,0,0,0,0,6
Sylhet      ,2024,4,88,8,41,22,78,42,0,4,0,0,0,0,0,0,0,0,6,9,13,1,0,56,0,0,0,0,84,16,0,0,
Sylhet      ,2024,5,53,0,0,4,34,2,63,0,2,23,0,21,0,0,2,0,0,108,15,0,1,0,0,0,0,1,17,249,146,19,61
Sylhet      ,2024,6,7,7,227,52,143,14,1,0,257,44,141,161,5,202,62,67,174,153,100,110,20,2,0,4,57,6,39,32,15,22,
Sylhet      ,2024,7,40,294,25,18,26,22,6,17,28,48,114,22,91,17,13,33,3,0,78,52,2,6,6,21,5,0,0,3,10,1,74
Sylhet      ,2024,8,21,25,28,38,24,54,18,3,13,18,9,34,67,0,4,61,13,5,12,208,37,45,3,3,40,1,4,0,0,0,38
Sylhet      ,2024,9,0,3,7,0,25,0,0,1,0,2,4,0,0,0,0,0,0,0,0,5,0,15,0,0,27,40,4,2,32,123,
Sylhet      ,2024,10,142,22,0,8,109,74,0,0,8,2,24,0,5,0,0,0,0,1,13,0,0,0,1,5,3,0,0,0,0,0,11
Sylhet      ,2024,11,0,0,0,0,1,3,0,0,0,0,0,0,0,0,0,0,0,0,0,0,0,0,0,0,0,0,0,0,0,0,
Sylhet      ,2024,12,0,0,0,0,0,0,0,0,0,0,0,0,0,0,0,0,0,0,0,0,0,0,0,0,0,0,0,0,0,0,0
Bogra       ,2022,1,0,0,0,0,0,0,0,0,0,0,0,0,16,0,0,0,0,0,0,0,0,0,0,1,0,0,0,0,0,0,0
Bogra       ,2022,2,0,0,0,1,31,0,0,0,0,0,8,0,0,0,0,0,0,0,0,0,0,0,0,0,0,0,0,0,,,
Bogra       ,2022,3,0,0,0,0,0,0,0,0,0,0,0,0,0,0,0,0,0,0,0,0,0,0,0,0,0,0,0,0,0,0,0
Bogra       ,2022,4,0,0,0,14,0,0,0,0,0,0,0,0,0,0,0,0,0,0,0,21,2,0,4,0,0,0,0,5,0,11,
Bogra       ,2022,5,0,0,0,20,0,0,55,2,0,0,10,12,1,25,6,0,27,2,0,52,36,1,0,0,0,11,0,0,11,0,0
Bogra       ,2022,6,0,0,2,30,31,0,40,9,0,25,0,0,0,0,0,0,9,66,0,75,30,0,0,0,0,5,9,0,0,0,
Bogra       ,2022,7,0,27,0,0,0,0,0,0,0,0,0,0,0,0,18,0,0,0,5,0,0,0,8,49,19,29,8,2,0,47,0
Bogra       ,2022,8,22,13,1,4,2,0,8,1,1,0,0,0,0,0,17,0,0,0,2,8,0,0,2,9,0,0,0,0,41,0,0
Bogra       ,2022,9,0,15,2,49,4,0,5,0,37,0,1,0,41,117,18,52,0,0,0,1,2,0,18,0,0,0,12,0,14,10,
Bogra       ,2022,10,0,0,2,8,15,0,2,0,0,0,0,33,0,3,0,0,0,0,0,0,0,0,0,0,39,1,0,0,0,0,0
Bogra       ,2022,11,0,0,0,0,0,0,0,0,0,0,0,0,0,0,0,0,0,0,0,0,0,0,0,0,0,0,0,0,0,0,
Bogra       ,2022,12,0,0,0,0,0,0,0,0,0,0,0,0,0,0,0,0,0,0,0,0,0,0,0,0,0,0,3,0,0,0,0
Bogra       ,2023,1,0,0,0,0,0,0,0,0,0,0,0,0,0,0,0,0,0,0,0,0,0,0,0,0,0,0,0,0,0,0,0
Bogra       ,2023,2,0,0,0,0,0,0,0,0,0,0,0,0,0,0,0,0,0,0,0,0,0,0,0,0,0,0,0,0,,,
Bogra       ,2023,3,0,0,0,0,0,0,0,0,0,0,0,0,0,0,0,0,8,0,15,16,32,0,0,0,0,0,0,0,0,0,28
Bogra       ,2023,4,1,0,0,0,0,0,0,0,0,0,0,0,0,0,0,0,0,0,0,0,0,0,0,0,2,0,0,0,0,13,
Bogra       ,2023,5,5,0,0,1,10,0,0,0,0,0,0,51,0,0,0,0,2,44,0,1,0,19,0,20,0,38,0,2,0,0,0
Bogra       ,2023,6,0,0,0,0,0,0,0,0,0,1,0,1,3,2,4,0,7,12,1,1,0,30,1,0,0,1,5,5,30,3,
Bogra       ,2023,7,18,11,46,31,0,0,1,4,11,5,1,0,6,0,0,0,3,0,0,0,0,27,1,0,0,0,0,1,0,4,0
Bogra       ,2023,8,0,0,0,9,20,8,21,213,32,1,0,15,49,3,66,0,6,18,0,0,0,0,55,3,82,17,0,0,0,0,3
Bogra       ,2023,9,0,1,0,0,0,0,0,7,25,0,0,0,0,0,0,3,0,0,1,27,0,40,4,10,50,9,0,0,0,0,
Bogra       ,2023,10,33,0,10,12,27,134,3,36,0,2,1,0,1,0,0,0,0,0,0,0,0,0,0,0,0,0,0,0,0,0,0
Bogra       ,2023,11,0,0,0,0,0,0,0,0,0,0,0,0,0,0,0,0,0,0,0,0,0,0,0,0,0,0,0,0,0,0,
Bogra       ,2023,12,0,0,0,0,0,0,2,27,0,0,0,0,0,0,0,0,0,0,0,0,0,0,0,0,0,0,0,0,0,0,0
Bogra       ,2024,1,0,0,0,0,0,0,0,0,0,0,0,0,0,0,0,0,0,0,0,0,0,0,0,0,0,0,0,0,0,0,0
Bogra       ,2024,2,0,0,0,0,0,0,0,0,0,0,0,0,0,0,0,0,0,0,0,0,0,0,3,0,28,3,0,0,0,,
Bogra       ,2024,3,0,0,0,1,0,0,0,0,0,0,0,0,0,0,0,0,0,0,0,5,17,0,0,0,0,0,0,0,0,0,0
Bogra       ,2024,4,0,0,0,0,0,0,0,0,0,0,0,0,0,0,0,0,0,0,0,0,0,0,0,0,0,0,0,0,0,0,
Bogra       ,2024,5,0,0,0,0,10,0,0,23,3,0,44,1,16,0,16,0,1,0,0,42,9,0,80,0,0,8,7,85,0,0,0
Bogra       ,2024,6,0,0,53,0,15,48,5,0,1,1,4,0,0,0,4,0,0,0,1,2,13,0,2,0,0,0,0,0,52,48,
Bogra       ,2024,7,5,24,9,11,8,7,0,0,0,0,0,73,1,0,5,0,0,0,5,0,5,0,12,48,12,0,0,0,0,0,2
Bogra       ,2024,8,0,34,51,36,14,41,4,3,7,6,9,42,31,0,0,2,0,4,0,5,1,0,37,0,11,0,0,0,4,0,0
Bogra       ,2024,9,0,3,1,20,0,4,0,0,0,0,0,0,0,2,7,22,5,0,0,0,0,32,0,17,14,66,76,6,5,9,
Bogra       ,2024,10,0,0,6,6,0,13,7,6,6,0,1,0,0,0,0,0,1,27,0,0,0,0,0,9,2,5,14,0,0,0,0
Bogra       ,2024,11,0,0,0,0,0,0,0,0,0,0,0,0,0,0,0,0,0,0,0,0,0,0,0,0,0,0,0,0,0,0,
Bogra       ,2024,12,0,0,0,0,0,0,0,0,0,0,0,0,0,0,0,0,0,0,0,0,0,0,0,0,0,0,0,0,0,0,0
Dinajpur    ,2022,1,0,0,0,0,0,0,0,0,0,0,0,0,18,0,0,0,0,0,0,0,0,0,0,0,0,0,0,0,0,0,0
Dinajpur    ,2022,2,0,0,0,7,52,2,0,0,0,0,0,0,0,0,0,0,0,0,0,0,0,0,0,0,0,0,0,0,,,
Dinajpur    ,2022,3,0,0,0,0,0,0,0,0,0,0,0,0,0,0,0,0,0,0,0,0,0,0,0,0,0,0,0,0,0,0,0
Dinajpur    ,2022,4,0,0,0,39,0,0,0,0,0,0,12,0,1,0,0,0,0,0,0,17,2,0,4,0,0,0,0,0,0,2,
Dinajpur    ,2022,5,0,0,0,0,0,21,32,0,3,22,0,0,3,200,1,16,26,0,0,42,15,4,0,7,0,4,0,0,0,0,17
Dinajpur    ,2022,6,0,0,7,47,8,46,35,1,11,14,0,27,20,20,2,7,5,33,1,36,0,34,0,0,0,4,0,0,60,7,
Dinajpur    ,2022,7,0,15,1,1,0,0,0,0,0,0,0,0,0,0,0,2,0,0,0,6,0,9,0,25,16,1,3,20,0,1,82
Dinajpur    ,2022,8,14,10,1,24,0,0,10,0,0,0,1,0,0,2,5,0,0,0,24,9,0,0,0,64,0,0,0,63,1,1,8
Dinajpur    ,2022,9,6,15,0,2,12,24,0,0,10,0,0,7,12,6,44,56,0,0,10,8,0,0,0,0,0,0,1,14,0,0,
Dinajpur    ,2022,10,0,0,0,4,10,0,43,0,8,0,0,0,32,0,0,0,0,0,0,0,0,0,0,0,0,0,0,0,0,0,0
Dinajpur    ,2022,11,0,0,0,0,0,0,0,0,0,0,0,0,0,0,0,0,0,0,0,0,0,0,0,0,0,0,0,0,0,0,
Dinajpur    ,2022,12,0,0,0,0,0,0,0,0,0,0,0,0,0,0,0,0,0,0,0,0,0,0,0,0,0,0,0,0,0,0,0
Dinajpur    ,2023,1,0,0,0,0,0,0,0,0,0,0,0,0,0,0,0,0,0,0,0,0,0,0,0,0,0,0,0,0,0,0,0
Dinajpur    ,2023,2,0,0,0,0,0,0,0,0,0,0,0,0,0,0,0,0,0,0,0,0,0,0,0,0,0,0,0,0,,,
Dinajpur    ,2023,3,0,0,0,0,0,0,0,0,0,0,0,0,0,0,0,0,0,0,14,30,36,0,0,0,0,0,0,0,0,0,0
Dinajpur    ,2023,4,3,38,0,0,0,0,0,0,0,0,0,0,0,0,0,0,0,0,0,0,0,0,0,0,0,0,0,0,0,0,
Dinajpur    ,2023,5,22,0,0,4,1,0,0,0,0,0,0,0,0,0,0,10,3,13,2,0,0,0,0,19,0,0,0,0,0,0,0
Dinajpur    ,2023,6,0,0,0,0,0,0,0,2,0,0,0,1,16,49,0,0,0,0,4,35,1,3,0,0,0,0,4,0,39,45,
Dinajpur    ,2023,7,61,5,60,12,0,10,2,13,0,1,0,98,0,55,2,3,0,0,0,0,0,0,0,0,0,0,0,2,32,0,0
Dinajpur    ,2023,8,0,0,0,8,22,0,0,31,55,0,0,13,50,10,0,0,0,14,3,0,0,0,3,78,9,11,151,0,0,0,0
Dinajpur    ,2023,9,0,0,4,0,0,0,9,2,37,0,8,0,0,1,0,0,0,0,24,41,14,20,23,159,191,0,0,0,0,0,
Dinajpur    ,2023,10,3,0,21,13,71,22,2,0,0,58,13,10,0,0,0,0,0,0,0,0,0,0,0,0,0,0,0,0,0,0,0
Dinajpur    ,2023,11,0,0,0,0,0,0,0,0,0,0,0,0,0,0,0,0,0,0,0,0,0,0,0,0,0,0,0,0,0,0,
Dinajpur    ,2023,12,0,0,0,0,0,0,4,11,0,0,0,0,0,0,0,0,0,0,0,0,0,0,0,0,0,0,0,0,0,0,0
Dinajpur    ,2024,1,0,0,0,0,0,0,0,0,0,0,0,0,0,0,0,0,0,0,0,0,0,0,0,0,0,0,0,0,0,0,0
Dinajpur    ,2024,2,0,0,0,0,0,0,0,0,0,0,0,0,0,0,0,0,0,0,0,0,0,2,0,0,0,0,0,0,0,,
Dinajpur    ,2024,3,0,0,0,0,0,0,0,0,0,0,0,0,0,0,0,0,3,0,0,30,27,22,0,0,0,0,8,0,0,0,0
Dinajpur    ,2024,4,0,0,0,0,0,0,0,0,0,0,0,0,0,0,0,0,0,0,0,0,0,0,0,0,0,0,0,0,0,0,
Dinajpur    ,2024,5,0,0,0,0,0,0,0,4,1,15,1,0,0,0,0,0,0,0,0,61,4,1,2,0,0,0,0,7,0,12,12
Dinajpur    ,2024,6,1,1,0,113,2,47,2,51,0,1,0,0,5,3,1,11,4,2,13,63,2,0,0,0,0,0,0,0,1,1,
Dinajpur    ,2024,7,5,30,127,16,36,22,27,1,0,0,13,88,37,3,2,0,4,0,0,1,3,0,10,3,0,0,0,0,0,0,0
Dinajpur    ,2024,8,0,21,52,68,0,2,3,6,1,19,4,7,24,1,4,0,0,0,0,0,0,0,7,0,0,0,0,0,12,0,0
Dinajpur    ,2024,9,46,39,0,4,6,11,0,2,0,0,0,0,0,15,1,4,2,0,0,0,0,11,0,0,35,23,197,46,28,0,
Dinajpur    ,2024,10,0,11,0,2,5,0,0,0,0,0,0,0,0,0,2,14,0,0,0,0,0,0,0,0,5,2,3,0,0,0,0
Dinajpur    ,2024,11,0,0,0,0,0,0,0,0,0,0,0,0,0,0,0,0,0,0,0,0,0,0,0,0,0,0,0,0,0,0,
Dinajpur    ,2024,12,0,0,0,0,0,0,0,0,0,0,0,0,0,0,0,0,0,0,0,0,0,0,0,0,0,0,0,0,0,0,0
Ishurdi     ,2022,1,0,0,0,0,0,0,0,0,0,0,0,7,8,0,0,0,0,0,0,0,0,0,0,3,0,0,5,0,0,0,0
Ishurdi     ,2022,2,0,0,0,6,24,0,0,0,0,1,11,0,0,0,0,0,0,0,0,0,0,0,0,0,4,0,0,0,,,
Ishurdi     ,2022,3,0,0,0,0,0,0,0,0,0,0,0,0,0,0,0,0,0,0,0,0,0,0,0,0,0,0,0,0,0,0,0
Ishurdi     ,2022,4,0,0,0,0,0,0,0,0,0,0,0,0,0,0,0,0,0,0,0,24,2,0,2,0,0,0,0,0,0,0,
Ishurdi     ,2022,5,0,2,0,53,0,0,3,0,0,10,24,8,0,29,0,0,0,0,0,0,23,0,0,14,9,0,2,0,6,0,0
Ishurdi     ,2022,6,21,0,5,0,0,0,0,0,0,11,0,0,0,0,0,0,0,23,4,2,0,3,0,0,11,5,0,0,0,19,
Ishurdi     ,2022,7,2,0,0,10,0,0,0,0,0,0,0,0,0,0,6,0,0,0,3,0,0,0,0,0,9,0,0,0,25,0,0
Ishurdi     ,2022,8,19,83,0,0,0,0,3,0,0,0,1,1,0,0,8,7,0,0,41,4,5,0,9,22,5,0,0,0,2,0,0
Ishurdi     ,2022,9,17,0,9,12,12,47,2,0,0,0,0,7,72,65,2,10,0,0,0,1,0,0,0,0,0,29,0,0,0,5,
Ishurdi     ,2022,10,0,1,5,34,2,0,2,0,0,0,0,51,0,8,0,0,0,0,0,0,0,0,0,0,41,0,0,0,0,0,0
Ishurdi     ,2022,11,0,0,0,0,0,0,0,0,0,0,0,0,0,0,0,0,0,0,0,0,0,0,0,0,0,0,0,0,0,0,
Ishurdi     ,2022,12,0,0,0,0,0,0,0,0,0,0,0,0,0,0,0,0,0,0,0,0,0,0,0,0,0,0,0,0,0,0,0
Ishurdi     ,2023,1,0,0,0,0,0,0,0,0,0,0,0,0,0,0,0,0,0,0,0,0,0,0,0,0,0,0,0,0,0,0,0
Ishurdi     ,2023,2,0,0,0,0,0,0,0,0,0,0,0,0,0,0,0,0,0,0,0,0,0,0,0,0,0,0,0,0,,,
Ishurdi     ,2023,3,0,0,0,0,0,0,0,0,0,0,0,4,0,0,0,0,1,3,7,23,0,0,0,0,0,0,2,0,0,0,0
Ishurdi     ,2023,4,15,0,1,0,0,0,0,0,0,0,0,0,0,0,0,0,0,0,0,0,0,0,0,0,0,0,17,11,0,4,
Ishurdi     ,2023,5,39,1,0,0,5,0,0,0,0,0,0,0,0,0,0,0,6,20,0,0,0,13,0,32,0,10,0,6,0,0,0
Ishurdi     ,2023,6,0,0,0,0,0,0,0,0,0,0,0,0,2,0,0,0,0,3,2,0,0,1,30,0,0,6,5,37,21,58,
Ishurdi     ,2023,7,50,84,0,13,1,1,8,0,20,0,0,2,0,3,2,2,0,0,0,0,0,1,0,0,0,0,1,5,1,42,0
Ishurdi     ,2023,8,2,0,13,18,24,0,1,51,13,3,1,14,11,24,0,12,20,0,0,0,0,0,21,5,9,7,7,18,0,0,0
Ishurdi     ,2023,9,0,0,3,28,2,6,0,25,9,0,0,5,5,5,1,0,0,0,18,2,53,9,28,25,25,0,0,17,0,5,
Ishurdi     ,2023,10,0,0,10,14,61,66,0,0,0,0,0,0,0,0,0,0,0,0,0,0,0,0,0,0,2,0,0,0,0,0,0
Ishurdi     ,2023,11,0,0,0,0,0,0,0,0,0,0,0,0,0,0,0,0,1,0,0,0,0,0,0,0,0,0,0,0,0,0,
Ishurdi     ,2023,12,0,0,0,0,0,0,9,28,1,0,0,0,0,0,0,0,0,0,0,0,0,0,0,0,0,0,0,0,0,0,0
Ishurdi     ,2024,1,0,0,0,0,0,0,0,0,0,0,0,0,0,0,0,0,0,0,0,0,0,0,0,0,0,0,0,0,0,0,0
Ishurdi     ,2024,2,0,0,0,0,0,0,0,0,0,0,0,0,0,0,1,0,0,0,0,0,0,0,8,0,3,0,0,0,0,,
Ishurdi     ,2024,3,0,0,0,2,1,0,0,0,0,0,0,0,0,0,0,0,4,0,1,2,11,0,0,0,0,3,0,0,0,2,2
Ishurdi     ,2024,4,0,0,0,0,0,0,0,0,0,0,0,0,0,0,0,0,0,0,0,0,0,0,0,0,0,0,0,0,0,0,
Ishurdi     ,2024,5,0,0,0,0,0,0,0,11,0,2,0,0,0,0,0,0,0,0,0,0,0,0,4,0,0,19,12,68,0,0,0
Ishurdi     ,2024,6,2,0,0,0,1,0,0,5,0,0,0,0,0,4,0,10,0,0,0,3,0,0,5,0,0,0,0,2,1,8,
Ishurdi     ,2024,7,21,8,58,1,5,3,24,0,0,3,0,23,3,0,0,0,0,0,0,0,3,0,6,2,3,0,2,0,0,0,1
Ishurdi     ,2024,8,10,57,62,23,10,31,0,0,10,8,5,2,83,0,0,0,0,1,3,0,3,0,164,61,3,10,8,2,0,0,0
Ishurdi     ,2024,9,0,0,0,38,24,14,0,3,0,1,2,6,0,41,68,65,50,0,0,0,0,8,0,0,18,87,28,22,0,2,
Ishurdi     ,2024,10,17,0,8,52,2,4,1,0,14,19,0,0,0,0,0,0,25,4,1,0,0,0,0,14,15,42,2,0,0,0,0
Ishurdi     ,2024,11,0,0,0,0,0,0,0,0,0,0,0,0,0,0,0,0,0,0,0,0,0,0,0,0,0,0,0,0,0,0,
Ishurdi     ,2024,12,0,0,0,0,0,0,0,0,0,0,0,0,0,0,0,0,0,0,0,0,0,0,0,0,0,0,0,0,0,0,0
Rajshahi    ,2022,1,0,0,0,0,0,0,0,0,0,0,0,1,1,0,0,0,0,0,0,0,0,0,0,1,0,0,0,0,0,0,0
Rajshahi    ,2022,2,0,0,0,1,30,0,0,0,0,1,2,0,0,0,0,0,0,0,0,0,1,0,0,0,4,0,0,0,,,
Rajshahi    ,2022,3,0,0,0,0,0,0,0,0,0,0,0,0,0,0,0,0,0,0,0,0,0,0,0,0,0,0,0,0,0,0,0
Rajshahi    ,2022,4,0,0,0,1,0,0,0,0,0,0,0,0,0,0,0,0,0,0,0,18,0,0,1,0,0,0,0,0,0,0,
Rajshahi    ,2022,5,0,18,41,31,0,0,0,0,0,0,9,38,0,10,0,0,2,0,0,9,19,0,0,12,0,1,23,0,9,0,0
Rajshahi    ,2022,6,0,0,0,0,0,0,0,0,0,18,0,0,0,14,0,0,2,21,0,9,0,2,0,0,0,4,0,0,0,0,
Rajshahi    ,2022,7,0,0,0,1,0,0,0,0,0,0,0,0,0,0,3,2,0,1,0,7,0,1,1,0,0,30,0,10,0,1,3
Rajshahi    ,2022,8,25,65,0,28,0,0,4,0,0,0,0,10,0,0,2,13,0,0,45,0,27,0,0,16,0,0,0,0,0,28,0
Rajshahi    ,2022,9,70,16,39,6,4,0,7,19,0,0,0,19,54,14,8,69,0,0,0,2,0,0,0,0,0,0,0,0,1,1,
Rajshahi    ,2022,10,0,0,0,10,1,0,0,0,0,0,0,44,0,0,0,0,0,0,0,0,0,0,0,0,2,0,0,0,0,0,0
Rajshahi    ,2022,11,0,0,0,0,0,0,0,0,0,0,0,0,0,0,0,0,0,0,0,0,0,0,0,0,0,0,0,0,0,0,
Rajshahi    ,2022,12,0,0,0,0,0,0,0,0,0,0,0,0,0,0,0,0,0,0,0,0,0,0,0,0,0,0,1,0,0,0,0
Rajshahi    ,2023,1,0,0,0,0,0,0,0,0,0,0,0,0,0,0,0,0,0,0,0,0,0,0,0,0,0,0,0,0,0,0,0
Rajshahi    ,2023,2,0,0,0,0,0,0,0,0,0,0,0,0,0,0,0,0,0,0,0,0,0,0,0,0,0,0,0,0,,,
Rajshahi    ,2023,3,0,0,0,0,0,0,0,0,0,0,0,1,0,0,0,0,3,0,0,19,0,0,0,0,0,0,2,0,0,0,0
Rajshahi    ,2023,4,7,0,6,0,0,0,0,0,0,0,0,0,0,0,0,0,0,0,0,0,0,0,0,0,35,0,0,0,0,0,
Rajshahi    ,2023,5,23,0,0,0,4,0,0,0,0,0,0,0,0,0,0,0,12,20,0,0,0,23,0,13,0,2,0,6,0,0,0
Rajshahi    ,2023,6,0,0,0,0,0,0,0,0,0,0,0,0,1,0,0,0,0,2,14,0,3,23,0,0,0,0,10,30,2,0,
Rajshahi    ,2023,7,30,6,5,44,0,0,7,2,10,0,5,0,11,0,1,0,9,2,0,0,0,1,0,0,0,0,4,0,0,0,0
Rajshahi    ,2023,8,0,0,0,0,0,0,6,9,11,0,0,33,25,7,0,3,0,0,0,0,0,0,34,3,6,39,3,0,0,0,0
Rajshahi    ,2023,9,0,0,0,30,0,18,6,31,3,1,0,1,1,11,0,0,0,0,43,17,4,5,22,3,45,18,0,0,0,8,
Rajshahi    ,2023,10,14,0,1,11,166,81,2,0,0,0,0,0,0,0,0,0,0,0,0,0,0,0,0,0,0,0,0,0,0,0,0
Rajshahi    ,2023,11,0,0,0,0,0,0,0,0,0,0,0,0,0,0,0,0,3,0,0,0,0,0,0,0,0,0,0,0,0,0,
Rajshahi    ,2023,12,0,0,0,0,0,1,7,30,0,0,0,0,0,0,0,0,0,0,0,0,0,0,0,0,0,0,0,0,0,0,0
Rajshahi    ,2024,1,0,0,0,0,0,0,0,0,0,0,0,0,0,0,0,0,0,0,0,0,0,0,0,0,0,0,0,0,0,0,0
Rajshahi    ,2024,2,0,0,0,0,0,0,0,0,0,0,0,0,0,0,2,0,0,0,0,0,0,0,8,0,0,13,0,0,0,,
Rajshahi    ,2024,3,0,0,0,1,0,0,0,0,0,0,0,0,0,0,0,0,0,0,6,5,10,0,0,0,0,0,0,0,0,0,1
Rajshahi    ,2024,4,0,0,0,0,0,0,0,0,0,0,0,0,0,0,0,0,0,0,0,0,0,0,0,0,0,0,0,0,0,0,
Rajshahi    ,2024,5,0,0,0,0,0,0,0,51,0,2,0,0,0,0,0,0,3,0,0,0,16,1,2,6,0,5,11,56,0,0,0
Rajshahi    ,2024,6,3,0,0,0,0,0,0,1,0,0,0,0,0,0,0,0,0,0,0,0,0,0,0,0,0,0,0,0,2,9,
Rajshahi    ,2024,7,32,15,57,5,11,65,1,0,0,14,0,135,1,0,0,0,1,0,1,0,0,0,4,3,2,0,0,0,0,0,3
Rajshahi    ,2024,8,26,20,33,37,2,16,2,8,1,49,11,0,2,0,9,0,0,0,8,3,1,0,17,26,1,3,6,10,0,0,0
Rajshahi    ,2024,9,5,5,0,18,21,0,0,0,0,0,0,0,0,8,10,42,6,0,0,0,0,2,0,1,1,10,11,20,0,0,
Rajshahi    ,2024,10,9,0,0,31,0,6,35,0,6,12,0,0,0,0,0,0,0,13,9,0,0,0,0,9,30,38,3,0,0,0,0
Rajshahi    ,2024,11,0,0,0,0,0,0,14,0,0,0,0,0,0,0,0,0,0,0,0,0,0,0,0,0,0,0,0,0,0,0,
Rajshahi    ,2024,12,0,0,0,0,0,0,0,0,0,0,0,0,0,0,0,0,0,0,0,0,0,0,0,0,0,0,0,0,0,0,0
Rangpur     ,2022,1,0,0,0,0,0,0,0,0,0,0,0,0,8,0,0,0,0,0,0,0,0,0,0,0,0,0,0,0,0,0,0
Rangpur     ,2022,2,0,0,0,0,55,9,0,0,0,0,0,0,0,0,0,0,0,0,0,0,0,0,0,0,18,0,0,0,,,
Rangpur     ,2022,3,0,0,0,0,0,0,0,0,0,0,0,0,0,0,0,0,0,0,0,0,0,0,0,0,0,0,0,0,0,0,0
Rangpur     ,2022,4,9,0,6,14,0,0,0,0,0,16,5,3,2,14,0,0,0,0,0,60,5,0,33,0,0,0,7,0,0,4,
Rangpur     ,2022,5,9,3,5,0,0,0,1,0,0,2,1,2,0,92,3,33,25,1,19,33,45,2,0,0,0,0,0,0,0,0,0
Rangpur     ,2022,6,0,0,0,1,21,36,40,18,62,10,31,48,36,40,12,29,109,19,2,38,1,6,1,0,0,0,0,0,18,7,
Rangpur     ,2022,7,0,17,0,0,0,0,0,0,0,0,0,0,0,0,0,0,0,0,0,2,1,0,0,58,13,4,9,0,0,96,46
Rangpur     ,2022,8,82,1,0,0,0,10,11,0,1,0,0,0,0,43,0,0,0,0,10,6,1,0,0,10,0,0,0,106,10,0,18
Rangpur     ,2022,9,15,35,9,37,5,0,0,0,0,0,4,8,3,10,6,1,0,0,0,1,0,0,0,22,0,1,0,0,0,7,
Rangpur     ,2022,10,0,0,1,0,1,0,1,0,11,0,1,0,38,10,0,0,0,0,0,0,0,0,0,0,8,2,0,0,0,0,0
Rangpur     ,2022,11,0,0,0,0,0,0,0,0,0,0,0,0,0,0,0,0,0,0,0,0,0,0,0,0,0,0,0,0,0,0,
Rangpur     ,2022,12,0,0,0,0,0,0,0,0,0,0,0,0,0,0,0,0,0,0,0,0,0,0,0,0,0,0,0,0,0,0,0
Rangpur     ,2023,1,0,0,0,0,0,0,0,0,0,0,0,0,0,0,0,0,0,0,0,0,0,0,0,0,0,0,0,0,0,0,0
Rangpur     ,2023,2,0,0,0,0,0,0,0,0,0,0,0,0,0,0,0,0,0,0,0,0,0,0,0,0,0,0,0,0,,,
Rangpur     ,2023,3,0,0,0,0,0,0,0,0,0,0,0,0,0,0,0,0,0,1,7,26,17,0,0,0,0,0,0,0,0,0,0
Rangpur     ,2023,4,12,33,0,0,0,0,0,0,0,0,0,0,0,0,0,0,0,0,0,0,0,0,0,0,0,0,0,0,0,0,
Rangpur     ,2023,5,4,0,0,1,1,0,0,0,0,0,0,0,0,0,0,2,58,18,26,17,0,0,17,16,0,36,0,2,0,0,0
Rangpur     ,2023,6,0,0,0,0,13,0,0,0,0,50,1,2,0,50,3,24,1,27,50,29,44,42,2,0,0,0,0,4,76,5,
Rangpur     ,2023,7,45,16,23,9,7,0,0,1,10,4,0,10,0,37,5,1,0,0,0,0,0,0,0,0,3,0,0,3,20,2,0
Rangpur     ,2023,8,0,3,1,2,3,6,4,78,28,9,0,85,38,11,0,0,6,1,2,0,0,0,5,74,10,22,106,1,0,0,0
Rangpur     ,2023,9,0,0,14,0,0,0,5,0,4,0,0,0,1,0,0,0,0,0,0,37,23,20,32,108,138,0,3,3,0,0,
Rangpur     ,2023,10,0,6,6,10,57,10,5,11,1,51,7,0,0,0,0,0,0,0,0,0,0,0,0,0,0,0,0,0,0,0,0
Rangpur     ,2023,11,0,0,0,0,0,0,0,0,0,0,0,0,0,0,0,0,4,0,0,0,0,0,0,0,0,0,0,0,0,0,
Rangpur     ,2023,12,0,0,0,0,0,0,2,11,0,0,0,0,0,0,0,0,0,0,0,0,0,0,0,0,0,0,0,0,0,0,0
Rangpur     ,2024,1,0,0,0,0,0,0,0,0,0,0,0,0,0,0,0,0,0,0,0,0,0,0,0,0,0,0,0,0,0,0,0
Rangpur     ,2024,2,0,0,0,0,0,0,0,0,0,0,0,0,0,0,0,0,0,0,0,0,0,2,2,0,0,0,0,0,0,,
Rangpur     ,2024,3,0,0,0,0,0,0,0,0,0,0,0,0,0,0,0,0,0,0,0,12,22,4,0,18,0,30,11,0,0,0,0
Rangpur     ,2023,4,0,0,0,0,0,0,0,0,0,0,0,0,0,0,0,0,0,0,0,0,0,0,0,0,0,0,0,0,0,0,
Rangpur     ,2024,5,0,0,0,0,0,0,0,1,0,0,0,0,0,0,0,0,0,0,8,24,4,0,9,0,0,0,0,21,1,11,28
Rangpur     ,2024,6,2,1,9,19,20,15,0,0,0,1,0,0,27,2,41,63,47,62,121,17,21,0,0,11,0,0,33,3,1,35,
Rangpur     ,2024,7,8,100,17,7,12,132,12,10,0,35,8,38,36,1,0,6,2,0,0,0,0,4,2,22,2,0,0,0,0,0,0
Rangpur     ,2024,8,1,18,54,32,0,31,3,45,2,1,35,4,0,1,0,0,0,0,3,3,7,0,9,0,0,0,0,0,0,0,0
Rangpur     ,2024,9,2,6,0,8,5,62,0,0,0,0,0,13,0,13,0,2,0,0,0,0,0,7,0,2,6,19,131,41,10,0,
Rangpur     ,2024,10,0,0,1,13,46,19,0,0,1,0,3,0,0,1,0,0,0,0,0,0,0,0,0,1,9,1,2,0,0,0,0
Rangpur     ,2024,11,0,0,0,0,0,0,0,0,0,0,0,0,0,0,0,0,0,0,0,0,0,0,0,0,0,0,0,0,0,0,
Rangpur     ,2024,12,0,0,0,0,0,0,0,0,0,0,0,0,0,0,0,0,0,0,0,0,0,0,0,0,0,0,0,0,0,0,0
sydpur      ,2022,1,0,0,0,0,0,0,0,0,0,0,0,0,12,0,0,0,0,0,0,0,0,0,0,0,0,0,0,0,0,0,0
sydpur      ,2022,2,0,0,0,1,35,0,0,0,0,0,0,0,0,0,0,0,0,0,0,0,0,1,0,0,34,0,0,0,,,
sydpur      ,2022,3,0,0,0,0,0,0,0,0,0,0,0,0,0,0,0,0,0,0,0,0,0,0,0,0,0,0,0,0,0,0,0
sydpur      ,2022,4,2,0,0,14,0,0,0,0,0,51,7,0,41,1,0,0,0,0,0,51,1,0,2,0,0,0,9,0,0,17,
sydpur      ,2022,5,4,0,0,0,0,2,1,0,0,0,0,0,98,34,3,25,35,0,7,25,47,5,0,0,4,0,0,0,0,0,0
sydpur      ,2022,6,0,0,0,9,14,0,3,18,59,12,0,45,21,32,45,24,7,5,1,36,0,8,0,0,0,0,0,1,24,12,
sydpur      ,2022,7,6,51,0,0,1,0,0,0,0,0,0,0,0,0,0,0,0,0,0,1,2,0,14,5,14,1,3,0,0,9,14
sydpur      ,2022,8,9,0,0,28,34,4,4,0,4,0,0,0,0,10,4,0,0,0,19,2,0,0,0,19,0,0,0,43,5,0,6
sydpur      ,2022,9,6,67,24,6,46,1,4,0,2,0,2,0,28,12,45,1,0,2,0,0,0,0,0,0,4,0,0,0,1,0,
sydpur      ,2022,10,0,0,0,5,26,0,0,0,1,0,0,5,30,0,0,0,0,0,0,0,0,0,0,0,3,0,0,0,0,0,0
sydpur      ,2022,11,0,0,0,0,0,0,0,0,0,0,0,0,0,0,0,0,0,0,0,0,0,0,0,0,0,0,0,0,0,0,
sydpur      ,2022,12,0,0,0,0,0,0,0,0,0,0,0,0,0,0,0,0,0,0,0,0,0,0,0,0,0,0,0,0,0,0,0
sydpur      ,2023,1,0,0,0,0,0,0,0,0,0,0,0,0,0,0,0,0,0,0,0,0,0,0,0,0,0,0,0,0,0,0,0
sydpur      ,2023,2,0,0,0,0,0,0,0,0,0,0,0,0,0,0,0,0,0,0,0,0,0,0,0,0,0,0,0,0,,,
sydpur      ,2023,3,0,0,0,0,0,0,0,0,0,0,0,0,0,0,0,0,0,0,5,36,60,0,0,0,0,0,0,0,0,0,0
sydpur      ,2023,4,22,23,0,0,0,0,0,0,0,0,0,0,0,0,0,0,0,0,0,0,0,0,0,0,0,0,0,0,0,0,
sydpur      ,2023,5,14,0,0,1,0,0,0,0,0,0,0,0,0,0,0,0,16,27,0,14,0,5,0,24,0,7,0,0,0,0,0
sydpur      ,2023,6,0,0,0,0,0,0,0,14,0,5,0,23,1,44,3,0,0,16,21,35,4,27,10,0,0,0,0,3,28,5,
sydpur      ,2023,7,20,10,25,11,23,66,0,12,1,1,43,11,8,53,25,0,0,0,0,0,0,0,0,0,0,0,1,1,7,2,0
sydpur      ,2023,8,0,34,2,20,33,0,8,27,29,1,1,1,63,24,0,0,1,1,0,0,0,0,5,52,2,40,92,0,0,0,0
sydpur      ,2023,9,0,0,0,0,0,0,0,0,6,0,0,0,0,0,0,0,0,0,21,27,11,74,57,179,259,0,0,0,0,0,
sydpur      ,2023,10,0,0,17,5,35,13,0,0,12,101,27,0,0,0,0,0,0,0,0,0,0,0,0,0,0,0,0,0,0,0,0
sydpur      ,2023,11,0,0,0,0,0,0,0,0,0,0,0,0,0,0,0,0,0,0,0,0,0,0,0,0,0,0,0,0,0,0,
sydpur      ,2023,12,0,0,0,0,0,0,2,4,0,0,0,0,0,0,0,0,0,0,0,0,0,0,0,0,0,0,0,0,0,0,0
sydpur      ,2024,1,0,0,0,0,0,0,0,0,0,0,0,0,0,0,0,0,0,0,0,0,0,0,0,0,0,0,0,0,0,0,0
sydpur      ,2024,2,0,0,0,0,0,0,0,0,0,0,0,0,0,0,0,0,0,0,0,0,0,0,1,0,0,0,0,0,0,,
sydpur      ,2024,3,0,0,0,0,0,0,0,0,0,0,0,0,0,0,0,0,0,0,0,6,23,0,0,13,0,0,0,0,0,0,0
sydpur      ,2024,4,0,0,0,0,0,0,0,0,0,0,0,0,0,0,0,0,0,0,0,0,0,0,0,0,0,0,0,0,0,0,
sydpur      ,2024,5,0,0,0,0,0,0,0,1,1,0,3,0,0,0,0,0,0,0,3,62,2,0,29,0,0,1,0,5,0,21,26
sydpur      ,2024,6,1,5,0,35,0,46,0,0,0,2,0,6,1,21,23,49,32,24,36,40,6,0,0,0,0,0,3,1,3,18,
sydpur      ,2024,7,2,112,13,3,16,63,68,3,0,30,5,31,106,5,0,7,1,0,0,1,0,0,5,25,1,0,0,1,0,0,0
sydpur      ,2024,8,0,14,21,28,0,0,3,12,0,1,14,2,1,9,6,17,0,0,0,0,0,1,1,0,0,0,0,0,0,1,0
sydpur      ,2024,9,2,8,0,20,10,26,0,0,7,0,0,0,0,35,1,1,1,0,0,0,0,0,0,0,27,43,183,62,6,0,
sydpur      ,2024,10,0,0,0,19,19,1,0,0,0,0,0,0,0,0,0,0,0,0,0,0,0,0,0,15,6,3,0,0,0,4,0
sydpur      ,2024,11,0,0,0,0,0,0,0,0,0,0,0,0,0,0,0,0,0,0,0,0,0,0,0,0,0,0,0,0,0,0,
sydpur      ,2024,12,0,0,0,0,0,0,0,0,0,0,0,0,0,0,0,0,0,0,0,0,0,0,0,0,0,0,0,0,0,0,0
chuadanga   ,2022,1,0,0,0,0,0,0,0,0,0,0,0,9,3,0,0,0,0,0,0,0,0,0,0,3,0,0,2,0,0,0,0
chuadanga   ,2022,2,0,0,0,2,23,0,0,0,0,1,3,0,0,0,0,0,0,0,0,0,12,0,0,0,18,0,0,18,,,
chuadanga   ,2022,3,0,0,0,0,0,0,0,0,0,0,0,0,0,0,0,0,0,0,0,0,0,0,0,0,0,0,0,0,0,0,0
chuadanga   ,2022,4,0,0,0,0,0,0,0,0,0,0,0,0,0,0,10,0,0,0,0,0,0,0,0,0,0,0,0,0,0,5,
chuadanga   ,2022,5,0,5,0,40,0,7,0,0,0,5,48,24,7,15,0,0,0,0,0,0,7,0,0,0,0,3,0,0,14,0,2
chuadanga   ,2022,6,6,0,0,0,0,0,0,0,0,5,0,0,0,0,0,0,0,76,0,3,6,2,0,0,0,5,0,1,0,0,
chuadanga   ,2022,7,34,2,0,3,0,0,3,0,0,0,1,2,0,0,0,0,0,0,0,2,0,34,6,4,5,0,12,0,46,0,14
chuadanga   ,2022,8,0,12,0,10,1,0,0,0,0,6,12,9,1,0,4,11,0,0,34,11,5,0,27,30,3,0,0,0,0,0,0
chuadanga   ,2022,9,1,4,27,10,0,49,44,0,8,17,3,20,20,121,19,11,8,32,0,0,0,0,0,0,0,0,3,11,11,0,
chuadanga   ,2022,10,0,3,7,7,3,5,0,0,6,0,0,0,2,4,0,0,0,0,0,0,0,0,0,0,27,0,0,0,0,0,0
chuadanga   ,2022,11,0,0,0,0,0,0,0,0,0,0,0,0,0,0,0,0,0,0,0,0,0,0,0,0,0,0,0,0,0,0,
chuadanga   ,2022,12,0,0,0,0,0,0,0,0,0,0,0,0,0,0,0,0,0,0,0,0,0,0,0,0,0,0,0,0,0,0,0
chuadanga   ,2023,1,0,0,0,0,0,0,0,0,0,0,0,0,0,0,0,0,0,0,0,0,0,0,0,0,0,0,0,0,0,0,0
chuadanga   ,2023,2,0,0,0,0,0,0,0,0,0,0,0,0,0,0,0,0,0,0,0,0,0,0,0,0,0,0,0,0,,,
chuadanga   ,2023,3,0,0,0,0,0,0,0,0,0,0,0,0,0,0,0,0,4,0,0,0,4,1,0,0,0,0,5,0,0,0,0
chuadanga   ,2023,4,7,0,0,0,0,0,0,0,0,0,0,0,0,0,0,0,0,0,0,0,0,0,0,0,7,0,3,12,0,12,
chuadanga   ,2023,5,7,2,0,0,1,0,0,0,0,0,0,0,0,0,0,0,8,35,0,1,0,2,0,15,0,21,7,4,0,0,0
chuadanga   ,2023,6,0,0,0,0,0,0,0,0,0,0,0,0,0,0,12,1,0,6,9,3,0,3,54,0,0,1,7,8,8,22,
chuadanga   ,2023,7,15,8,0,37,0,11,4,2,13,0,0,0,8,0,0,6,7,1,0,0,0,0,2,0,0,3,6,0,1,0,0
chuadanga   ,2023,8,6,4,7,2,0,2,0,28,1,0,0,5,15,0,0,0,20,0,2,0,0,1,0,0,19,85,13,0,0,0,0
chuadanga   ,2023,9,0,2,0,17,0,12,0,2,3,0,0,8,13,0,0,0,0,0,0,10,35,38,25,2,0,4,0,0,0,14,
chuadanga   ,2023,10,6,7,0,6,169,7,0,0,0,0,0,0,0,0,0,0,0,0,0,0,0,0,0,0,0,0,0,0,0,0,0
chuadanga   ,2023,11,0,0,0,0,0,0,0,0,0,0,0,0,0,0,0,0,2,0,0,0,0,0,0,0,0,0,0,0,0,0,
chuadanga   ,2023,12,0,0,0,0,0,0,13,45,0,0,0,0,0,0,0,0,0,0,0,0,0,0,0,0,0,0,0,0,0,0,0
chuadanga   ,2024,1,0,0,0,0,0,0,0,0,0,0,0,0,0,0,0,0,0,0,20,0,0,0,0,0,0,0,0,0,0,0,0
chuadanga   ,2024,2,0,1,0,0,0,0,0,0,0,0,0,0,0,0,0,0,0,0,0,0,0,2,0,0,0,0,0,0,0,,
chuadanga   ,2024,3,0,0,0,2,3,0,0,0,0,0,0,0,0,0,0,0,0,0,0,4,12,0,0,0,0,0,0,0,0,0,2
chuadanga   ,2024,4,0,0,0,0,0,0,0,0,0,0,0,0,0,0,0,0,0,0,0,0,0,0,0,2,0,0,0,0,0,0,
chuadanga   ,2024,5,0,0,0,0,0,0,26,15,0,4,0,1,0,0,0,0,0,0,0,0,1,0,0,0,0,0,18,66,0,0,0
chuadanga   ,2024,6,9,1,0,0,12,0,0,0,0,0,42,0,0,0,0,0,0,0,0,0,1,0,6,0,0,0,0,1,0,29,
chuadanga   ,2024,7,7,6,2,1,4,0,1,27,8,0,0,3,3,0,0,3,0,0,0,0,1,5,0,1,0,0,2,3,0,7,1
chuadanga   ,2024,8,14,105,26,21,7,24,8,2,2,3,28,15,12,0,0,4,0,5,33,1,34,0,11,0,0,59,22,11,0,0,1
chuadanga   ,2024,9,0,0,0,0,1,25,0,4,0,0,7,0,0,35,60,108,35,0,0,0,0,1,0,0,2,71,12,7,0,0,
chuadanga   ,2024,10,3,0,19,55,24,0,0,0,23,24,0,0,0,0,0,0,0,4,1,0,0,0,0,9,38,100,0,0,0,0,0
chuadanga   ,2024,11,0,0,0,0,0,0,0,0,0,0,0,0,0,0,0,0,0,0,0,0,0,0,0,0,0,0,0,0,0,0,
chuadanga   ,2024,12,0,0,0,0,0,0,0,0,0,0,0,0,0,0,0,0,0,0,0,0,0,0,0,0,0,0,0,0,0,0,0
Jessore     ,2022,1,0,0,0,0,0,0,0,0,0,0,0,2,0,0,0,1,0,0,0,0,0,0,0,4,0,0,0,0,0,0,0
Jessore     ,2022,2,0,0,0,0,10,0,0,0,0,0,0,0,0,0,0,0,0,0,0,0,7,0,6,0,2,0,0,13,,,
Jessore     ,2022,3,0,0,0,0,0,0,0,0,0,0,0,0,0,0,0,0,0,0,0,0,0,0,0,0,0,0,0,0,0,0,0
Jessore     ,2022,4,0,0,0,0,0,0,0,0,0,0,0,0,0,0,0,0,0,0,0,0,0,0,19,0,0,0,0,0,0,0,
Jessore     ,2022,5,7,0,0,39,0,6,0,0,0,24,19,25,0,0,0,0,0,0,0,0,0,11,0,0,0,4,0,0,22,21,4
Jessore     ,2022,6,9,7,0,0,2,0,0,0,0,7,0,0,0,0,0,0,0,13,4,2,0,0,22,0,0,0,1,0,0,5,
Jessore     ,2022,7,1,7,0,15,0,1,10,0,6,0,1,0,0,0,0,0,0,0,2,5,0,3,1,3,6,0,0,0,0,11,2
Jessore     ,2022,8,3,0,20,72,0,0,0,7,0,6,11,15,4,3,13,13,0,0,10,2,18,1,5,5,0,0,0,0,7,0,0
Jessore     ,2022,9,0,0,0,6,0,64,0,0,0,0,8,13,21,21,17,2,0,0,0,0,3,0,0,0,0,0,7,0,0,0,
Jessore     ,2022,10,0,0,4,7,14,0,0,0,0,0,0,0,12,0,0,0,0,0,0,0,0,0,0,4,69,0,0,0,0,0,0
Jessore     ,2022,11,0,0,0,0,0,0,0,0,0,0,0,0,0,0,0,0,0,0,0,0,0,0,0,0,0,0,0,0,0,0,
Jessore     ,2022,12,0,0,0,0,0,0,0,0,0,0,0,0,0,0,0,0,0,0,0,0,0,0,0,0,0,0,0,0,0,0,0
Jessore     ,2023,1,0,0,0,0,0,0,0,0,0,0,0,0,0,0,0,0,0,0,0,0,0,0,0,0,0,0,0,0,0,0,0
Jessore     ,2023,2,0,0,0,0,0,0,0,0,0,0,0,0,0,0,0,0,0,0,0,0,0,0,0,0,0,0,1,0,,,
Jessore     ,2023,3,0,0,0,0,0,0,0,0,0,0,0,0,0,0,0,2,4,0,0,15,0,0,0,0,0,1,10,0,0,26,0
Jessore     ,2023,4,15,0,0,0,0,0,0,0,0,0,0,0,0,0,0,0,0,0,0,0,0,0,0,0,7,0,0,9,0,31,
Jessore     ,2023,5,4,0,0,51,1,0,0,0,0,0,0,0,0,0,0,14,19,23,25,17,0,0,0,46,0,15,3,2,0,0,0
Jessore     ,2023,6,0,0,0,0,0,0,0,0,0,0,0,0,0,0,2,0,0,14,1,0,1,0,26,3,0,5,17,21,72,0,
Jessore     ,2023,7,41,7,0,1,0,6,0,6,2,0,5,0,1,0,1,0,0,0,0,0,0,0,0,0,0,0,11,4,0,0,0
Jessore     ,2023,8,22,17,0,1,4,19,22,16,23,0,0,0,34,5,0,3,17,3,8,0,0,0,0,10,65,39,0,1,0,0,0
Jessore     ,2023,9,7,2,0,7,4,2,0,12,0,0,0,0,0,0,3,2,0,0,2,6,30,13,40,13,22,4,0,0,0,2,
Jessore     ,2023,10,5,24,0,3,35,119,0,0,0,0,0,0,0,0,0,0,0,0,0,0,0,0,0,14,0,0,0,0,0,0,0
Jessore     ,2023,11,0,0,0,0,0,0,0,0,0,0,0,0,0,0,0,0,10,5,0,0,0,0,0,0,0,0,0,0,0,0,
Jessore     ,2023,12,0,0,0,0,0,1,26,77,0,0,0,0,0,0,0,0,0,0,0,0,0,0,0,0,0,0,0,0,0,0,0
Jessore     ,2024,1,0,0,0,0,0,0,0,0,0,0,0,0,0,0,0,0,0,4,19,0,0,0,0,0,2,0,0,0,0,0,6
Jessore     ,2024,2,0,2,0,0,0,0,0,0,0,0,0,0,0,0,0,8,0,0,0,0,0,2,2,0,0,0,0,0,0,,
Jessore     ,2024,3,0,0,0,0,0,0,0,0,0,0,0,0,0,0,0,0,17,0,0,6,7,3,0,0,0,0,0,8,11,0,7
Jessore     ,2024,4,0,0,0,0,0,0,0,0,0,0,0,0,0,0,0,0,0,0,0,0,0,0,0,0,0,0,0,0,0,0,
Jessore     ,2024,5,0,0,0,0,0,0,25,34,0,1,0,15,10,0,0,0,0,0,0,0,19,0,0,0,0,0,53,54,0,0,7
Jessore     ,2024,6,1,0,0,0,0,0,0,0,0,0,1,0,0,7,0,0,0,0,0,2,14,0,5,0,0,0,0,3,12,6,
Jessore     ,2024,7,22,13,35,44,1,0,120,0,2,0,1,50,16,6,0,0,4,0,1,1,15,2,16,8,2,0,6,12,8,14,0
Jessore     ,2024,8,108,63,58,6,0,27,0,0,1,1,28,18,0,54,0,0,6,4,59,8,0,0,48,4,2,144,84,12,0,0,0
Jessore     ,2024,9,2,7,0,20,1,0,0,0,0,0,0,12,10,57,81,109,21,0,0,0,0,0,0,0,0,77,24,10,2,0,
Jessore     ,2024,10,1,2,0,0,11,25,2,0,0,7,2,0,0,0,0,0,0,2,115,0,0,0,0,12,24,30,0,0,0,0,0
Jessore     ,2024,11,0,0,0,0,0,0,0,0,0,0,0,0,0,0,0,0,0,0,0,0,0,0,0,0,0,0,0,0,0,0,
Jessore     ,2024,12,1,0,0,0,0,0,0,0,0,0,0,0,0,0,0,0,0,0,0,0,0,1,0,0,0,0,0,0,0,0,0
Khulna      ,2022,1,0,0,0,0,0,0,0,0,0,0,0,0,0,0,0,0,0,0,0,0,0,0,0,4,0,0,4,0,0,0,0
Khulna      ,2022,2,0,0,0,1,69,0,0,0,0,0,0,0,0,0,0,0,0,0,0,0,2,0,0,0,0,0,0,3,,,
Khulna      ,2022,3,0,0,0,0,0,0,0,0,0,0,0,0,0,0,0,0,0,0,0,0,0,0,0,0,0,0,0,0,0,0,0
Khulna      ,2022,4,0,0,0,0,0,0,0,0,0,0,0,0,0,0,0,0,0,0,0,0,0,0,7,0,0,0,0,0,0,5,
Khulna      ,2022,5,1,6,0,22,1,4,0,0,0,17,0,3,3,0,0,0,0,0,0,0,0,13,0,0,0,12,53,0,13,38,0
Khulna      ,2022,6,0,0,0,0,0,0,0,0,0,2,0,0,0,0,1,17,1,13,7,8,6,0,1,4,0,2,0,7,7,0,
Khulna      ,2022,7,34,0,11,6,0,0,1,3,0,10,4,0,2,0,0,3,2,0,2,3,10,1,0,0,11,3,2,0,8,0,0
Khulna      ,2022,8,0,1,3,12,0,3,32,0,2,17,14,10,0,5,19,1,0,0,12,6,22,0,3,12,10,0,0,0,0,0,0
Khulna      ,2022,9,0,0,0,2,0,5,0,6,0,13,0,48,23,49,146,11,0,0,0,1,5,10,23,0,0,0,2,6,0,0,
Khulna      ,2022,10,0,0,1,25,4,13,7,0,0,0,0,0,7,0,4,0,0,0,2,0,0,0,0,12,217,0,0,0,0,0,0
Khulna      ,2022,11,0,0,0,0,0,0,0,0,0,0,0,0,0,0,0,0,0,0,0,0,0,0,0,0,0,0,0,0,0,0,
Khulna      ,2022,12,0,0,0,0,0,0,0,0,0,0,0,0,0,0,0,0,0,0,0,0,0,0,0,0,0,0,0,0,0,0,0
Khulna      ,2023,1,0,0,0,0,0,0,0,0,0,0,0,0,0,0,0,0,0,0,0,0,0,0,0,0,0,0,0,0,0,0,0
Khulna      ,2023,2,0,0,0,0,0,0,0,0,0,0,0,0,0,0,0,0,0,0,0,0,0,0,0,0,0,0,0,0,,,
Khulna      ,2023,3,0,0,0,0,0,0,0,0,0,0,0,0,0,0,0,0,5,0,1,19,0,3,0,0,0,0,40,0,0,25,1
Khulna      ,2023,4,19,0,0,0,0,0,0,0,0,0,0,0,0,0,0,0,0,0,0,0,0,0,0,0,1,0,0,6,0,8,
Khulna      ,2023,5,1,3,0,6,1,0,0,0,0,0,0,0,0,0,0,9,5,15,35,0,0,0,0,39,0,3,16,24,0,0,0
Khulna      ,2023,6,0,0,0,0,0,0,0,0,0,4,0,0,0,0,2,0,0,2,4,0,0,29,17,4,5,6,9,23,103,20,
Khulna      ,2023,7,4,2,0,0,0,8,7,43,0,0,7,0,4,1,1,0,0,1,0,2,0,6,5,1,0,16,13,25,0,4,1
Khulna      ,2023,8,41,33,11,17,19,7,5,18,1,3,1,1,0,30,0,0,0,1,0,0,0,14,0,20,11,42,18,0,1,0,0
Khulna      ,2023,9,3,34,3,1,3,17,1,8,2,4,0,0,31,8,2,6,0,4,14,33,10,1,28,7,25,9,0,0,12,0,
Khulna      ,2023,10,5,15,41,80,16,5,3,0,0,0,0,0,0,0,0,0,0,0,0,0,0,0,0,0,0,0,0,0,0,0,0
Khulna      ,2023,11,0,0,0,0,0,0,0,0,0,0,0,0,0,0,0,0,8,38,0,0,0,0,0,0,0,0,0,0,0,0,
Khulna      ,2023,12,0,0,0,0,0,0,1,22,0,0,0,0,0,0,0,0,0,0,0,0,0,0,0,0,0,0,0,0,0,0,0
Khulna      ,2024,1,0,0,0,0,0,0,0,0,0,0,0,0,0,0,0,0,0,0,5,0,0,0,0,0,2,0,0,0,0,0,3
Khulna      ,2024,2,26,11,0,0,0,0,0,0,0,0,0,0,0,0,0,0,0,0,0,0,0,0,16,0,0,0,0,0,0,,
Khulna      ,2024,3,0,0,0,0,0,0,0,0,0,0,0,0,0,0,18,0,0,0,0,1,1,3,0,0,0,0,0,0,0,0,0
Khulna      ,2024,4,0,0,0,0,0,0,0,7,0,0,0,0,0,0,0,0,0,0,0,0,0,0,0,0,0,0,0,0,0,0,
Khulna      ,2024,5,0,0,0,0,0,0,75,16,0,1,0,15,1,0,0,0,0,0,0,0,3,0,0,0,0,1,65,125,0,0,3
Khulna      ,2024,6,0,0,3,1,0,0,0,0,0,0,0,0,0,0,0,0,0,0,0,10,32,0,0,0,0,0,0,5,2,10,
Khulna      ,2024,7,28,1,63,4,50,0,23,0,0,1,0,34,63,0,14,5,2,4,0,11,16,39,10,10,3,2,10,4,15,4,0
Khulna      ,2024,8,42,35,72,7,0,1,0,0,10,3,2,0,0,21,13,0,0,10,30,12,2,1,63,1,30,72,22,8,0,0,11
Khulna      ,2024,9,0,7,0,0,0,0,0,17,0,1,4,0,4,80,64,154,26,0,0,1,27,14,0,0,9,56,48,0,0,0,
Khulna      ,2024,10,0,0,1,15,31,0,2,0,1,9,1,0,0,0,0,0,0,24,13,56,0,0,0,10,65,9,6,0,0,0,0
Khulna      ,2024,11,0,0,0,0,0,0,0,0,0,0,0,0,0,0,0,0,0,0,0,0,0,0,0,0,0,0,0,0,0,0,
Khulna      ,2024,12,3,0,0,0,0,0,0,0,0,0,0,0,0,0,0,0,0,0,0,0,0,2,0,0,0,0,0,0,0,0,0
Mongla      ,2022,1,0,0,0,0,0,0,0,0,0,0,0,0,0,0,0,0,0,0,0,0,0,0,0,6,0,0,0,0,0,0,0
Mongla      ,2022,2,0,0,0,0,28,0,0,0,0,0,0,0,0,0,0,0,0,0,0,0,0,0,0,0,0,0,0,1,,,
Mongla      ,2022,3,0,0,0,0,0,0,0,0,0,0,0,0,0,0,0,0,0,0,0,0,0,0,0,0,0,0,0,0,0,0,0
Mongla      ,2022,4,0,0,0,0,0,0,0,0,0,0,0,0,0,0,0,0,0,0,0,0,0,0,1,0,0,0,0,0,0,0,
Mongla      ,2022,5,1,0,0,24,0,8,0,0,0,13,2,2,0,0,19,0,0,0,0,0,0,29,0,0,0,6,6,1,4,5,0
Mongla      ,2022,6,1,0,7,6,0,0,0,0,0,0,0,0,0,0,0,0,0,14,23,1,10,0,0,0,4,1,12,131,2,0,
Mongla      ,2022,7,10,0,30,18,0,0,1,0,8,0,13,0,2,4,0,3,2,5,0,1,0,0,0,12,4,32,0,0,0,0,3
Mongla      ,2022,8,0,6,12,0,0,6,8,1,3,20,18,26,6,12,19,1,0,0,31,50,17,0,4,13,1,0,0,1,0,6,0
Mongla      ,2022,9,32,31,1,1,5,17,6,0,0,0,3,30,70,33,61,7,0,0,0,5,9,2,0,0,0,0,0,0,0,4,
Mongla      ,2022,10,0,0,2,80,5,17,10,0,0,11,0,15,17,1,0,0,0,0,20,0,0,0,0,26,230,0,0,0,0,0,0
Mongla      ,2022,11,0,0,0,0,0,0,0,0,0,0,0,0,0,0,0,0,0,0,0,0,0,0,0,0,0,0,0,0,0,0,
Mongla      ,2022,12,0,0,0,0,0,0,0,0,0,0,0,0,0,0,0,0,0,0,0,0,0,0,0,0,0,0,0,0,0,0,0
Mongla      ,2023,1,0,0,0,0,0,0,0,0,0,0,0,0,0,0,0,0,0,0,0,0,0,0,0,0,0,0,0,0,0,0,0
Mongla      ,2023,2,0,0,0,0,0,0,0,0,0,0,0,0,0,0,0,0,0,0,0,0,0,0,0,0,0,0,0,0,,,
Mongla      ,2023,3,0,0,0,0,0,0,0,0,0,0,0,0,0,0,0,0,0,0,0,18,3,1,0,6,0,0,5,2,0,19,6
Mongla      ,2023,4,0,0,0,0,0,0,0,0,0,0,0,0,0,0,0,0,0,0,0,0,0,0,0,0,1,0,0,76,5,2,
Mongla      ,2023,5,2,1,0,0,2,2,0,0,0,0,0,0,0,0,0,9,6,7,56,0,0,0,0,35,0,16,7,3,0,0,0
Mongla      ,2023,6,0,0,0,0,0,0,0,0,1,0,0,1,34,14,0,2,0,0,26,0,8,56,4,2,6,19,5,37,40,94,
Mongla      ,2023,7,51,32,114,0,7,18,0,32,0,0,1,28,8,0,10,5,5,0,0,0,0,7,21,14,0,21,11,2,2,22,0
Mongla      ,2023,8,20,25,11,14,10,65,21,192,8,4,0,3,23,24,0,0,0,1,2,2,0,0,0,0,0,31,10,1,13,0,5
Mongla      ,2023,9,5,0,0,17,7,6,4,20,4,0,0,0,6,3,22,16,0,56,21,16,10,14,0,13,11,12,0,0,0,22,
Mongla      ,2023,10,5,3,52,59,50,23,58,14,0,0,0,0,0,0,0,0,0,0,0,0,0,0,0,1,0,0,0,0,0,0,0
Mongla      ,2023,11,0,0,0,0,0,0,0,0,0,0,0,0,0,0,0,0,24,68,0,0,0,0,0,0,0,0,0,0,0,0,
Mongla      ,2023,12,0,0,0,0,0,0,0,1,0,0,0,0,0,0,0,0,0,0,0,0,0,0,0,0,0,0,0,0,0,0,0
Mongla      ,2024,1,0,0,0,0,0,0,0,0,0,0,0,0,0,0,0,0,0,0,5,0,0,0,0,0,1,0,0,0,0,0,0
Mongla      ,2024,2,2,4,1,0,0,0,0,0,0,0,0,0,0,0,0,0,0,0,0,0,0,0,11,0,0,0,0,0,0,,
Mongla      ,2024,3,0,0,0,0,0,0,0,0,0,0,0,0,0,0,0,0,0,0,0,1,1,10,0,0,0,0,0,1,0,0,0
Mongla      ,2024,4,0,0,0,0,0,0,0,11,0,0,0,0,0,0,0,0,0,0,0,0,0,0,0,0,0,0,0,0,0,0,
Mongla      ,2024,5,0,0,0,1,0,0,29,21,0,7,4,60,1,0,1,0,0,0,1,0,36,0,0,0,0,0,67,137,0,0,0
Mongla      ,2024,6,0,0,28,9,0,0,0,0,0,0,0,0,0,0,0,0,0,0,0,46,85,0,0,0,10,1,0,18,33,65,
Mongla      ,2024,7,87,3,24,5,18,3,12,1,0,0,0,1,17,51,0,3,2,0,0,10,6,36,18,9,10,26,14,20,7,7,0
Mongla      ,2024,8,53,182,65,4,13,5,0,6,44,32,46,1,81,2,20,0,0,0,32,92,37,13,60,2,34,112,10,10,0,0,0
Mongla      ,2024,9,0,1,0,0,0,0,0,0,13,9,0,0,24,70,98,87,17,1,0,0,25,3,0,0,30,57,88,0,0,0,
Mongla      ,2024,10,0,0,10,0,61,0,1,0,31,11,16,0,0,0,0,0,0,0,4,29,0,0,0,10,76,13,0,0,0,0,0
Mongla      ,2024,11,0,0,0,0,0,0,0,0,0,0,0,0,0,0,0,0,0,0,0,0,0,0,0,0,0,0,0,0,0,0,
Mongla      ,2024,12,1,1,0,0,0,0,0,0,0,0,0,0,0,0,0,0,0,0,0,0,0,3,0,0,0,0,0,0,0,0,0
Satkhira    ,2022,1,0,0,0,0,0,0,0,0,0,0,0,8,0,0,0,0,0,0,0,0,0,0,2,5,0,0,0,0,0,0,0
Satkhira    ,2022,2,0,0,0,0,42,0,0,0,0,0,0,0,0,0,0,0,0,0,0,0,2,0,0,0,0,0,0,23,,,
Satkhira    ,2022,3,0,0,0,0,0,0,0,0,0,0,0,0,0,0,0,0,0,0,0,0,0,0,0,0,0,0,0,0,0,0,0
Satkhira    ,2022,4,0,0,0,0,0,0,0,0,0,0,0,0,0,0,0,0,0,0,0,0,0,0,1,0,0,0,0,0,0,1,
Satkhira    ,2022,5,3,3,0,24,0,0,0,0,0,12,10,2,17,2,35,0,0,0,0,0,0,0,0,0,2,7,0,0,0,53,0
Satkhira    ,2022,6,0,0,0,0,5,0,0,0,0,0,0,0,0,0,0,0,8,4,21,4,1,0,10,2,12,5,0,5,2,3,
Satkhira    ,2022,7,8,27,3,14,9,0,1,2,0,6,11,2,2,0,1,2,2,12,0,0,0,35,4,10,20,1,14,0,0,0,0
Satkhira    ,2022,8,5,15,4,15,3,1,3,2,13,10,10,11,0,3,28,1,0,0,9,30,9,0,1,16,8,0,0,0,1,0,0
Satkhira    ,2022,9,0,0,0,3,0,0,4,0,0,3,9,32,46,30,11,10,35,41,0,7,17,6,6,0,0,0,39,0,1,0,
Satkhira    ,2022,10,0,0,3,7,10,0,2,0,0,21,0,0,1,3,0,0,0,0,0,15,0,0,0,3,58,0,0,0,0,0,0
Satkhira    ,2022,11,0,0,0,0,0,0,0,0,0,0,0,0,0,0,0,0,0,0,0,0,0,0,0,0,0,0,0,0,0,0,
Satkhira    ,2022,12,0,0,0,0,0,0,0,0,0,0,0,0,0,0,0,0,0,0,0,0,0,0,0,0,0,0,0,0,0,0,0
Satkhira    ,2023,1,0,0,0,0,0,0,0,0,0,0,0,0,0,0,0,0,0,0,0,0,0,0,0,0,0,0,0,0,0,0,0
Satkhira    ,2023,2,0,0,0,0,0,0,0,0,0,0,0,0,0,0,0,0,0,0,2,0,0,0,0,0,0,0,0,0,,,
Satkhira    ,2023,3,0,0,0,0,0,0,0,0,0,0,0,0,0,0,0,0,20,0,0,37,2,12,0,0,0,0,4,0,0,0,1
Satkhira    ,2023,4,21,0,0,0,0,0,0,0,0,0,0,0,0,0,0,0,0,0,0,0,0,0,0,0,1,0,0,34,7,5,
Satkhira    ,2023,5,5,0,0,32,0,0,0,0,0,0,0,0,0,1,0,6,18,8,48,0,0,0,0,22,0,9,7,17,0,0,0
Satkhira    ,2023,6,0,0,0,0,0,0,0,0,0,58,0,1,0,36,4,0,0,4,2,24,1,1,0,27,12,4,2,51,39,11,
Satkhira    ,2023,7,14,0,0,0,0,27,8,3,0,16,2,0,24,0,2,0,1,1,3,0,2,5,11,6,0,23,11,9,0,2,3
Satkhira    ,2023,8,68,37,6,2,8,0,16,41,7,0,3,50,21,3,21,0,0,3,1,0,0,0,0,56,36,28,20,0,0,0,0
Satkhira    ,2023,9,0,2,0,0,5,9,1,4,2,0,0,0,7,6,6,1,0,0,8,0,13,7,8,1,15,0,0,0,0,0,
Satkhira    ,2023,10,47,33,0,18,47,29,1,0,0,0,0,0,0,0,0,0,0,0,0,0,0,0,0,1,0,0,0,0,0,0,0
Satkhira    ,2023,11,0,0,0,0,0,0,0,0,0,0,0,0,0,0,0,0,1,1,0,0,0,0,0,0,0,0,0,0,0,0,
Satkhira    ,2023,12,0,0,0,0,0,0,2,19,0,0,0,0,0,0,0,0,0,0,0,0,0,0,0,0,0,0,0,0,0,0,0
Satkhira    ,2024,1,0,0,0,0,0,0,0,0,0,0,0,0,0,0,0,0,0,0,14,0,0,0,0,0,1,0,0,0,0,0,31
Satkhira    ,2024,2,34,1,0,0,0,0,0,0,0,0,0,0,0,0,0,0,0,0,0,0,3,0,27,0,0,0,0,0,0,,
Satkhira    ,2024,3,0,0,0,0,0,0,0,0,0,0,0,0,0,0,0,7,5,0,0,7,5,2,0,0,0,0,0,1,0,0,0
Satkhira    ,2024,4,0,0,0,0,0,0,0,29,0,0,0,0,0,0,0,0,0,0,0,0,0,0,0,0,0,0,0,0,0,0,
Satkhira    ,2024,5,0,0,0,0,0,0,67,36,0,4,2,17,0,0,0,0,0,0,0,2,1,0,0,0,0,1,91,91,0,0,31
Satkhira    ,2024,6,1,0,0,0,0,0,0,0,0,0,0,0,0,0,0,0,0,0,0,1,22,0,0,0,0,0,0,1,9,5,
Satkhira    ,2024,7,16,0,14,4,7,0,10,3,0,0,0,31,28,0,1,12,2,0,12,2,4,4,13,1,0,23,53,28,2,6,1
Satkhira    ,2024,8,129,49,87,14,0,2,0,1,5,3,26,5,0,52,2,6,4,0,61,61,1,0,66,14,16,34,22,4,0,0,0
Satkhira    ,2024,9,0,5,0,1,0,0,0,0,2,14,0,0,12,44,94,59,42,0,0,0,8,0,0,0,9,46,53,18,0,0,
Satkhira    ,2024,10,0,0,0,4,60,28,7,0,0,31,1,0,0,0,0,0,0,0,30,49,0,0,0,37,28,16,0,0,0,0,0
Satkhira    ,2024,11,0,0,0,0,0,0,0,0,0,0,0,0,0,0,0,0,0,0,0,0,0,0,0,0,0,0,0,0,0,0,
Satkhira    ,2024,12,2,0,0,0,0,0,0,0,0,0,0,0,0,0,0,0,0,0,0,0,0,5,0,0,0,0,0,0,0,0,0
Barisal     ,2022,1,0,0,0,0,0,0,0,0,0,0,0,0,2,0,0,0,0,0,0,0,0,0,0,2,0,0,0,0,0,0,0
Barisal     ,2022,2,0,0,0,0,33,0,0,0,0,0,0,0,0,0,0,0,0,0,0,0,0,0,0,0,0,0,0,0,,,
Barisal     ,2022,3,0,0,0,0,0,0,0,0,0,0,0,0,0,0,0,0,0,0,0,0,0,0,0,0,0,0,0,0,0,0,0
Barisal     ,2022,4,0,0,0,0,0,0,0,0,0,0,0,0,0,0,0,0,0,0,0,0,0,0,6,0,0,0,0,0,0,0,
Barisal     ,2022,5,6,2,0,15,0,0,22,0,0,10,0,30,0,15,0,0,0,0,0,0,0,37,0,0,8,7,1,33,0,17,5
Barisal     ,2022,6,0,0,2,0,1,0,0,0,0,37,0,0,1,0,1,0,4,13,9,83,8,36,33,0,15,13,10,0,21,2,
Barisal     ,2022,7,26,0,6,0,0,4,30,3,0,0,8,1,0,0,0,0,2,4,3,0,6,5,0,5,48,32,1,0,1,0,0
Barisal     ,2022,8,0,10,67,1,0,0,11,4,2,26,16,39,0,13,70,0,0,0,13,2,0,0,10,6,41,0,0,0,0,0,0
Barisal     ,2022,9,0,5,0,0,12,4,0,0,0,0,2,67,26,54,8,1,53,0,3,1,22,1,0,0,0,19,0,0,0,0,
Barisal     ,2022,10,0,2,13,37,3,0,24,0,1,0,0,0,15,20,1,0,0,0,0,0,0,0,0,36,324,0,0,0,0,0,0
Barisal     ,2022,11,0,0,0,0,0,0,0,0,0,0,0,0,0,0,0,0,0,0,0,0,0,0,0,0,0,0,0,0,0,0,
Barisal     ,2022,12,0,0,0,0,0,0,0,0,0,0,0,0,0,0,0,0,0,0,0,0,0,0,0,0,0,0,0,1,0,0,0
Barisal     ,2023,1,0,0,0,0,0,0,0,0,0,0,0,0,0,0,0,0,0,0,0,0,0,0,0,0,0,0,0,0,0,0,0
Barisal     ,2023,2,0,0,0,0,0,0,0,0,0,0,0,0,0,0,0,0,0,0,0,0,0,0,0,0,0,0,0,0,,,
Barisal     ,2023,3,0,0,0,0,0,0,0,0,0,0,0,0,0,0,0,0,0,0,0,14,3,0,0,0,0,3,10,7,0,4,0
Barisal     ,2023,4,7,1,0,0,0,0,0,0,0,0,0,0,0,0,0,0,0,0,0,0,0,0,1,0,0,0,0,8,0,0,
Barisal     ,2023,5,0,0,0,22,0,0,0,0,0,0,0,0,0,0,0,1,5,10,33,1,0,1,0,37,34,24,2,0,0,0,0
Barisal     ,2023,6,0,0,0,0,0,0,0,0,15,3,1,0,44,3,0,30,4,0,0,1,0,0,0,13,0,21,6,25,19,14,
Barisal     ,2023,7,24,12,25,11,27,5,5,1,1,12,0,5,2,0,4,9,9,3,0,0,0,0,0,7,0,0,11,11,3,5,0
Barisal     ,2023,8,36,24,14,42,37,22,104,164,4,20,1,4,63,16,0,5,0,2,0,2,0,0,25,1,1,12,18,1,1,1,0
Barisal     ,2023,9,20,24,3,1,1,4,17,15,17,0,0,1,0,2,17,3,0,39,37,48,21,5,0,46,7,0,0,0,2,2,
Barisal     ,2023,10,26,4,4,56,63,2,35,47,36,0,0,9,0,0,0,0,0,0,0,0,0,0,0,9,4,8,0,0,0,0,0
Barisal     ,2023,11,0,0,0,0,0,0,0,0,0,0,0,0,0,0,0,0,40,185,0,0,0,0,0,0,0,0,0,0,0,0,
Barisal     ,2023,12,0,0,0,0,0,0,0,4,0,0,0,0,0,0,0,0,0,0,0,0,0,0,0,0,0,0,0,0,0,0,0
Barisal     ,2024,1,0,0,0,0,0,0,0,0,0,0,0,0,0,0,0,0,0,0,5,0,0,0,0,0,2,0,0,0,0,0,0
Barisal     ,2024,2,0,16,2,0,0,0,0,0,0,0,0,0,0,0,0,0,0,0,0,0,0,0,0,0,0,0,0,0,0,,
Barisal     ,2024,3,0,0,0,0,0,0,0,0,0,0,0,0,0,0,0,0,0,0,0,1,0,12,0,0,0,0,0,3,0,6,0
Barisal     ,2024,4,2,0,0,0,0,0,0,16,0,0,0,0,0,0,0,0,5,0,0,0,0,0,0,0,0,0,0,0,0,0,
Barisal     ,2024,5,0,0,0,0,0,0,75,25,8,0,0,5,29,0,0,0,0,0,0,2,29,0,1,0,0,28,41,147,4,0,1
Barisal     ,2024,6,0,0,0,1,0,0,0,0,0,0,0,0,0,0,0,0,0,0,0,53,7,0,0,0,10,0,3,12,10,7,
Barisal     ,2024,7,20,35,23,3,11,6,19,2,1,0,10,0,16,0,0,1,1,0,0,4,11,23,11,6,19,0,4,10,3,2,0
Barisal     ,2024,8,25,111,79,18,11,5,24,5,23,52,12,39,2,1,4,7,29,19,20,87,24,22,65,27,12,107,27,4,1,0,0
Barisal     ,2024,9,2,12,24,2,0,2,7,4,1,0,0,18,64,85,177,43,0,0,1,0,28,2,0,0,8,42,23,9,5,0,
Barisal     ,2024,10,0,0,29,21,92,16,0,0,4,3,0,0,0,3,0,0,1,53,4,8,0,0,1,7,59,0,0,0,0,0,0
Barisal     ,2024,11,1,1,0,0,0,0,0,0,0,0,0,0,0,0,0,0,0,0,0,0,0,0,0,0,0,0,0,0,0,0,
Barisal     ,2024,12,0,0,0,0,0,0,0,0,0,0,0,0,0,0,0,0,0,0,0,0,1,2,0,0,0,0,0,0,0,0,0
Bhola       ,2022,1,0,0,0,0,0,0,0,0,0,0,0,0,2,0,0,0,0,0,0,0,0,0,0,1,0,0,1,3,0,0,0
Bhola       ,2022,2,0,0,0,0,23,0,0,0,0,0,0,0,0,0,0,0,0,0,0,0,0,0,0,0,0,0,0,0,,,
Bhola       ,2022,3,0,0,0,0,0,0,0,0,0,0,0,0,0,0,0,0,0,0,0,0,0,0,0,0,0,0,0,0,0,0,0
Bhola       ,2022,4,0,0,0,0,0,0,0,0,0,0,0,0,0,0,0,0,0,0,0,0,15,0,23,0,0,0,0,0,0,0,
Bhola       ,2022,5,7,0,0,25,11,0,0,0,0,35,19,16,0,3,0,0,0,0,0,3,0,36,0,0,1,3,0,20,1,19,0
Bhola       ,2022,6,13,0,2,2,0,0,0,3,0,33,0,0,0,0,8,4,15,8,14,85,55,19,6,8,31,6,11,0,0,1,
Bhola       ,2022,7,16,0,0,3,0,4,2,6,0,15,3,1,0,0,0,0,3,14,5,12,1,5,0,4,28,13,2,0,0,0,3
Bhola       ,2022,8,0,0,7,3,0,4,3,4,15,23,16,11,0,23,54,6,0,0,36,5,7,0,19,21,30,0,0,2,0,0,0
Bhola       ,2022,9,0,0,1,0,0,0,0,0,0,1,13,40,13,87,18,14,38,3,9,3,5,1,6,0,0,0,0,0,0,0,
Bhola       ,2022,10,0,7,11,106,9,0,14,0,0,0,11,0,0,0,0,0,0,0,0,0,0,0,0,38,219,0,0,0,0,0,0
Bhola       ,2022,11,0,0,0,0,0,0,0,0,0,0,0,0,0,0,0,0,0,0,0,0,0,0,0,0,0,0,0,0,0,0,
Bhola       ,2022,12,0,0,0,0,0,0,0,0,0,0,0,0,0,0,0,0,0,0,0,0,0,0,0,0,0,0,0,3,0,0,0
Bhola       ,2023,1,0,0,0,0,0,0,0,0,0,0,0,0,0,0,0,0,0,0,0,0,0,0,0,0,0,0,0,0,0,0,0
Bhola       ,2023,2,0,0,0,0,0,0,0,0,0,0,0,0,0,0,0,0,0,0,0,0,0,0,0,0,0,0,0,0,,,
Bhola       ,2023,3,0,0,0,0,0,0,0,0,0,0,0,0,0,0,0,0,0,0,1,4,4,20,0,12,0,1,3,2,0,25,1
Bhola       ,2023,4,27,1,0,0,0,0,0,0,0,0,0,0,0,0,0,0,0,0,0,0,0,0,0,0,0,0,0,12,0,0,
Bhola       ,2023,5,0,0,0,30,0,11,0,0,0,0,0,0,0,1,0,9,6,23,15,0,0,10,0,36,41,1,6,13,0,0,0
Bhola       ,2023,6,0,0,0,0,0,0,0,0,14,8,7,0,27,11,0,37,1,0,0,2,3,4,0,1,12,8,27,58,17,62,
Bhola       ,2023,7,67,5,0,0,0,4,15,2,13,7,18,0,2,7,0,15,3,0,3,0,3,0,0,0,1,5,5,2,0,3,1
Bhola       ,2023,8,36,36,9,35,46,43,65,210,16,5,20,4,12,33,0,0,0,0,3,8,5,0,10,0,3,23,1,0,24,0,0
Bhola       ,2023,9,0,2,4,8,0,12,7,38,24,0,0,14,2,7,10,1,1,44,40,28,9,4,13,38,0,3,0,2,0,0,
Bhola       ,2023,10,9,11,17,38,136,3,0,2,29,0,0,0,0,0,0,0,0,0,0,0,0,0,0,2,2,0,0,0,0,0,0
Bhola       ,2023,11,0,0,0,0,0,0,0,0,0,0,0,0,0,0,0,0,62,190,0,0,0,0,0,0,0,0,0,0,0,0,
Bhola       ,2023,12,0,0,0,0,0,0,0,7,0,0,0,0,0,0,0,0,0,0,0,0,0,0,0,0,0,0,0,0,0,0,0
Bhola       ,2024,1,0,0,0,0,0,0,0,0,0,0,0,0,0,0,0,0,0,0,3,0,0,0,0,0,2,0,0,0,0,0,0
Bhola       ,2024,2,0,6,0,0,0,0,0,0,0,0,0,0,0,0,0,0,0,0,0,0,0,3,0,2,0,0,0,0,0,,
Bhola       ,2024,3,0,0,0,0,0,0,0,0,0,0,0,0,0,0,0,0,0,0,0,0,1,5,0,0,11,0,0,0,0,0,0
Bhola       ,2024,4,8,0,0,0,0,0,0,14,0,0,0,0,0,0,0,0,0,14,0,0,0,0,0,0,0,0,0,0,0,0,
Bhola       ,2024,5,0,0,0,32,0,0,69,29,9,0,0,73,12,0,0,0,0,0,2,10,23,0,0,0,0,18,41,94,12,0,6
Bhola       ,2024,6,0,0,0,9,5,2,0,0,0,0,0,0,0,0,0,0,0,0,1,32,8,0,3,0,0,6,0,4,51,24,
Bhola       ,2024,7,62,84,42,8,34,26,0,20,0,6,9,5,6,0,5,0,1,0,0,15,6,28,29,7,2,1,9,1,5,7,4
Bhola       ,2024,8,37,230,42,46,11,0,0,8,26,22,60,14,11,7,14,18,48,6,42,125,36,9,49,42,25,59,11,0,3,0,1
Bhola       ,2024,9,5,9,17,11,0,7,8,10,5,0,2,90,34,58,134,52,0,0,1,0,36,3,0,2,74,35,12,5,3,3,
Bhola       ,2024,10,1,9,39,34,6,48,104,0,1,0,0,0,0,0,0,0,0,21,3,4,0,0,0,5,44,0,1,0,0,0,0
Bhola       ,2024,11,0,0,0,0,0,8,2,0,0,0,0,0,0,0,0,0,0,0,0,0,0,0,0,0,0,0,0,0,0,0,
Bhola       ,2024,12,0,0,0,0,0,0,0,0,0,0,0,0,0,0,0,0,0,0,0,0,1,1,0,0,0,0,0,0,0,0,0
Khepupara   ,2022,1,0,0,0,0,0,0,0,0,0,0,0,0,1,0,2,0,0,0,0,0,0,0,0,1,0,0,0,0,0,0,0
Khepupara   ,2022,2,0,0,0,0,24,0,0,0,0,0,0,0,0,0,0,0,0,0,0,0,12,0,0,0,0,0,0,0,,,
Khepupara   ,2022,3,0,0,0,0,0,0,0,0,0,0,0,0,0,0,0,0,0,0,0,0,0,0,0,0,0,0,0,0,0,0,0
Khepupara   ,2022,4,0,0,0,0,0,0,0,0,0,0,0,0,0,0,0,0,0,0,0,0,0,0,3,0,0,0,0,0,0,0,
Khepupara   ,2022,5,3,7,0,8,0,26,0,0,1,207,8,17,0,0,10,0,0,1,0,5,11,21,0,2,0,11,0,1,22,4,5
Khepupara   ,2022,6,5,6,0,11,0,0,0,0,0,3,0,0,1,0,0,0,5,1,9,11,29,13,1,3,5,10,0,6,11,24,
Khepupara   ,2022,7,45,14,11,21,3,6,21,6,8,4,3,10,7,1,0,3,3,6,5,6,0,1,5,7,21,2,0,0,0,0,0
Khepupara   ,2022,8,0,0,10,58,2,2,12,15,22,35,89,31,11,17,52,5,12,0,32,9,2,0,39,9,13,0,0,2,20,0,0
Khepupara   ,2022,9,0,0,36,1,37,10,9,9,0,0,39,60,116,88,20,54,9,6,3,12,10,2,0,0,0,0,0,0,0,0,
Khepupara   ,2022,10,1,1,27,130,1,0,2,0,0,0,1,29,2,0,0,0,0,0,0,0,0,0,1,70,232,0,0,0,0,0,0
Khepupara   ,2022,11,0,0,0,0,0,0,0,0,0,0,0,0,0,0,0,0,0,0,0,0,0,0,0,0,0,0,0,0,0,0,
Khepupara   ,2022,12,0,0,0,0,0,0,0,0,0,0,0,0,0,0,0,0,0,0,0,0,0,0,0,0,0,0,0,0,0,0,0
Khepupara   ,2023,1,0,0,0,0,0,0,0,0,0,0,0,0,0,0,0,0,0,0,0,0,0,0,0,0,0,0,0,0,0,0,0
Khepupara   ,2023,2,0,0,0,0,0,0,0,0,0,0,0,0,0,0,0,0,0,0,0,0,0,0,0,0,0,0,0,0,,,
Khepupara   ,2023,3,0,0,0,0,0,0,0,0,0,0,0,0,0,0,0,0,0,0,8,11,10,9,0,8,0,0,0,16,0,0,0
Khepupara   ,2023,4,1,36,0,0,0,0,0,0,0,0,0,0,0,0,0,0,0,0,0,0,0,0,0,0,0,0,0,0,29,0,
Khepupara   ,2023,5,0,0,0,1,0,0,0,0,0,0,0,0,2,0,4,3,14,17,34,0,0,0,0,13,7,3,1,0,0,0,0
Khepupara   ,2023,6,0,0,0,0,0,0,0,0,18,2,0,1,7,0,0,2,0,20,21,16,0,3,5,11,6,67,66,65,0,51,
Khepupara   ,2023,7,0,7,0,0,0,14,30,19,15,0,17,13,3,21,8,41,0,2,7,3,2,2,7,2,0,15,16,8,30,13,9
Khepupara   ,2023,8,35,59,36,15,12,140,316,155,79,8,21,4,59,41,0,1,0,1,8,0,0,0,149,14,25,3,3,0,38,63,20
Khepupara   ,2023,9,0,45,9,1,11,14,37,10,20,14,0,1,3,35,7,1,0,26,141,74,49,8,2,0,5,4,0,0,0,27,
Khepupara   ,2023,10,8,3,6,59,173,0,0,28,20,0,0,1,0,0,0,0,0,0,0,0,0,0,0,16,18,0,0,0,0,0,0
Khepupara   ,2023,11,0,0,0,0,7,0,0,0,0,0,0,0,0,0,0,0,97,62,0,0,0,0,0,0,0,0,0,0,0,0,
Khepupara   ,2023,12,0,0,0,0,0,0,0,0,0,0,0,0,0,0,0,0,0,0,0,0,0,0,0,0,0,0,0,0,0,0,0
Khepupara   ,2024,1,0,0,0,0,0,0,0,0,0,0,0,0,0,0,0,0,0,0,3,0,0,0,0,0,9,1,0,0,0,0,0
Khepupara   ,2024,2,0,0,1,0,0,0,0,0,0,0,0,0,0,0,0,0,0,0,0,0,0,0,0,0,0,0,0,0,0,,
Khepupara   ,2024,3,0,0,0,0,0,0,0,0,0,0,0,0,0,0,0,21,0,0,0,0,1,0,0,0,0,0,0,0,0,0,0
Khepupara   ,2024,4,0,0,0,0,0,0,0,0,0,0,0,0,0,0,0,0,0,0,3,0,0,0,0,0,0,0,0,0,0,0,
Khepupara   ,2024,5,0,0,0,0,0,0,80,29,9,0,0,13,0,0,0,0,0,0,5,0,7,11,0,0,0,27,58,86,1,0,0
Khepupara   ,2024,6,0,0,0,11,0,0,0,0,0,0,0,0,0,0,0,0,0,0,6,81,75,3,29,0,0,1,29,8,7,9,
Khepupara   ,2024,7,10,49,69,10,34,292,26,0,0,0,0,31,1,0,6,8,2,0,0,0,9,14,50,72,19,36,34,29,16,7,17
Khepupara   ,2024,8,138,193,9,40,10,108,61,35,43,10,4,98,3,77,3,22,25,70,15,38,59,16,71,23,26,79,68,1,0,0,0
Khepupara   ,2024,9,0,2,6,1,0,0,1,7,16,12,0,53,100,47,189,13,0,0,0,0,18,9,0,9,35,49,17,0,0,0,
Khepupara   ,2024,10,0,17,13,21,12,45,12,5,0,5,0,0,0,9,0,0,0,2,0,1,0,0,0,46,59,5,0,0,0,0,0
Khepupara   ,2024,11,0,0,0,0,0,0,0,0,0,0,0,0,0,0,0,0,0,0,0,0,0,0,0,0,0,0,0,0,0,0,
Khepupara   ,2024,12,0,0,0,0,0,0,0,0,0,0,0,0,0,0,0,0,0,0,0,0,0,0,0,0,0,0,0,0,0,0,0
Patuakhali  ,2022,1,0,0,0,0,0,0,0,0,0,0,0,0,3,0,0,1,0,0,0,0,0,0,0,2,0,0,0,0,0,0,0
Patuakhali  ,2022,2,0,0,0,0,16,0,0,0,0,0,0,0,0,0,0,0,0,0,0,0,3,0,0,0,0,0,0,0,,,
Patuakhali  ,2022,3,0,0,0,0,0,0,0,0,0,0,0,0,0,0,0,0,0,0,0,0,0,0,0,0,0,0,0,0,0,0,0
Patuakhali  ,2022,4,0,0,0,0,0,0,0,0,0,0,0,0,0,0,0,0,0,0,0,0,1,0,4,0,0,0,0,0,0,0,
Patuakhali  ,2022,5,9,0,0,15,0,0,0,48,3,49,3,29,0,1,0,0,0,0,0,10,0,2,0,0,10,2,3,12,17,3,0
Patuakhali  ,2022,6,3,1,5,0,0,0,0,0,0,45,0,0,0,0,4,0,25,7,8,23,38,13,6,3,4,18,2,0,25,2,
Patuakhali  ,2022,7,12,1,11,12,0,1,25,1,4,4,35,6,0,0,0,3,4,6,1,35,14,0,1,11,81,3,2,0,9,0,3
Patuakhali  ,2022,8,0,0,7,1,2,1,0,23,14,26,34,32,1,19,61,1,0,0,36,16,1,9,25,1,10,0,0,5,1,0,0
Patuakhali  ,2022,9,0,1,5,2,8,19,0,2,0,0,19,71,67,62,1,12,0,1,2,15,9,0,0,0,0,0,0,0,0,0,
Patuakhali  ,2022,10,0,0,5,86,1,0,0,0,7,0,0,1,2,4,0,0,0,0,0,0,0,0,0,55,219,0,0,0,0,0,0
Patuakhali  ,2022,11,0,0,0,0,0,0,0,0,0,0,0,0,0,0,0,0,0,0,0,0,0,0,0,0,0,0,0,0,0,0,
Patuakhali  ,2022,12,0,0,0,0,0,0,0,0,0,0,0,0,0,0,0,0,0,0,0,0,0,0,0,0,0,0,0,0,0,0,0
Patuakhali  ,2023,1,0,0,0,0,0,0,0,0,0,0,0,0,0,0,0,0,0,0,0,0,0,0,0,0,0,0,0,0,0,0,0
Patuakhali  ,2023,2,0,0,0,0,0,0,0,0,0,0,0,0,0,0,0,0,0,0,0,0,0,0,0,0,0,0,0,0,,,
Patuakhali  ,2023,3,0,0,0,0,0,0,0,0,0,0,0,0,0,0,0,1,0,0,3,15,3,19,7,0,0,0,11,3,0,27,6
Patuakhali  ,2023,4,1,5,0,0,0,1,0,0,0,0,0,0,0,0,0,0,0,0,0,0,0,0,0,0,0,0,0,0,3,4,
Patuakhali  ,2023,5,0,0,0,0,1,5,0,0,0,0,0,0,0,0,1,12,10,9,12,0,0,0,0,43,29,3,5,0,0,0,0
Patuakhali  ,2023,6,0,0,0,0,0,0,0,0,12,1,0,0,48,13,0,0,0,0,0,10,4,0,0,10,6,17,29,72,0,32,
Patuakhali  ,2023,7,0,25,9,23,1,6,28,10,9,0,2,1,6,67,8,8,9,0,0,3,2,0,1,0,0,1,15,6,26,3,1
Patuakhali  ,2023,8,32,20,31,59,10,71,30,100,17,43,8,0,1,23,9,0,22,1,7,7,1,0,78,3,3,18,15,18,3,0,0
Patuakhali  ,2023,9,45,0,0,0,19,7,17,24,13,3,0,6,2,12,39,2,0,9,60,56,25,3,10,13,17,4,0,6,0,29,
Patuakhali  ,2023,10,26,52,20,39,147,7,0,16,0,0,0,29,11,0,0,0,0,0,0,0,0,0,0,2,8,0,0,0,0,0,0
Patuakhali  ,2023,11,0,0,0,0,0,0,0,0,0,0,0,0,0,0,0,0,63,148,0,0,0,0,0,0,0,0,0,0,0,0,
Patuakhali  ,2023,12,0,0,0,0,0,0,4,4,0,0,0,0,0,0,0,0,0,0,0,0,0,0,0,0,0,0,0,0,0,0,0
Patuakhali  ,2024,1,0,0,0,0,0,0,0,0,0,0,0,0,0,0,0,0,0,0,4,0,0,0,0,0,3,0,0,0,0,0,0
Patuakhali  ,2024,2,0,13,2,0,0,0,0,0,0,0,0,0,0,0,0,0,0,0,0,0,0,0,0,0,1,0,0,0,0,,
Patuakhali  ,2024,3,0,0,0,0,0,0,0,0,0,0,0,0,0,0,0,0,0,0,0,1,0,9,0,0,0,0,0,0,0,0,0
Patuakhali  ,2024,4,0,0,0,0,0,0,0,12,0,0,0,0,0,0,0,0,0,0,0,0,0,0,0,0,0,0,0,0,0,0,
Patuakhali  ,2024,5,0,0,0,0,0,0,45,7,9,0,2,10,3,20,0,0,0,0,3,24,121,64,0,0,0,10,72,145,5,0,0
Patuakhali  ,2024,6,0,0,1,0,5,0,11,0,0,0,0,0,0,0,0,0,0,0,2,33,27,0,1,0,0,9,10,7,8,12,
Patuakhali  ,2024,7,44,41,13,11,23,63,33,2,0,1,0,4,42,0,0,3,2,0,0,11,6,23,34,48,54,11,67,7,41,1,25
Patuakhali  ,2024,8,95,216,49,37,19,2,5,3,45,42,10,30,1,8,1,15,73,5,18,103,75,10,14,14,9,64,53,0,2,0,0
Patuakhali  ,2024,9,3,13,17,0,0,0,10,1,3,0,2,0,174,57,223,33,1,0,1,0,10,9,0,6,16,37,45,3,0,0,
Patuakhali  ,2024,10,0,2,15,32,35,19,29,0,0,0,0,3,0,27,0,0,0,0,4,9,0,0,0,30,71,1,0,0,0,0,0
Patuakhali  ,2024,11,0,17,0,0,0,0,2,0,0,0,0,0,0,0,0,0,0,0,0,0,0,0,0,0,0,0,0,0,0,0,
Patuakhali  ,2024,12,0,0,0,0,0,0,0,0,0,0,0,0,0,0,0,0,0,0,0,0,0,4,0,0,0,0,0,0,0,0,0
Chandpur    ,2022,1,0,0,0,0,0,0,0,0,0,0,0,0,0,0,1,0,0,0,0,0,0,0,0,4,0,0,1,0,0,0,0
Chandpur    ,2022,2,0,0,0,0,43,0,0,0,0,0,0,0,0,0,0,0,0,0,0,0,2,0,0,0,0,0,0,1,,,
Chandpur    ,2022,3,0,0,0,0,0,0,0,0,0,0,0,0,0,0,0,0,0,0,0,0,0,0,0,0,0,0,0,0,0,0,0
Chandpur    ,2022,4,0,0,0,0,0,0,0,0,0,0,0,0,0,0,0,0,0,0,0,0,56,0,22,0,0,0,0,0,0,0,
Chandpur    ,2022,5,0,0,0,24,32,0,0,0,0,28,0,10,60,5,0,0,0,0,0,19,0,20,0,0,2,17,7,0,0,89,4
Chandpur    ,2022,6,0,0,1,0,0,0,0,0,0,127,0,0,0,0,0,14,15,10,6,15,59,19,13,0,0,10,1,3,0,12,
Chandpur    ,2022,7,18,2,0,14,7,7,5,1,0,0,0,0,0,0,0,0,0,0,5,0,30,15,0,0,20,1,3,0,0,1,0
Chandpur    ,2022,8,0,0,7,0,3,1,8,0,0,1,7,7,2,3,14,6,0,1,25,2,0,1,44,1,3,0,0,0,8,0,0
Chandpur    ,2022,9,0,0,0,4,9,0,0,11,2,2,35,10,6,63,11,14,0,0,9,0,0,1,20,0,0,0,1,18,0,0,
Chandpur    ,2022,10,0,43,47,136,0,0,4,0,0,0,0,0,2,12,0,0,0,0,0,0,0,0,0,24,153,1,0,0,0,0,0
Chandpur    ,2022,11,0,0,0,0,0,0,0,0,0,0,0,0,0,0,0,0,0,0,0,0,0,0,0,0,0,0,0,0,0,0,
Chandpur    ,2022,12,0,0,0,0,0,0,0,0,0,0,0,0,0,0,0,0,0,0,0,0,0,0,0,0,0,0,0,0,0,0,0
Chandpur    ,2023,1,0,0,0,0,0,0,0,0,0,0,0,0,0,0,0,0,0,0,0,0,0,0,0,0,0,0,0,0,0,0,0
Chandpur    ,2023,2,0,0,0,0,0,0,0,0,0,0,0,0,0,0,0,0,0,0,0,0,0,0,0,0,0,0,0,0,,,
Chandpur    ,2023,3,0,0,0,0,0,0,0,0,0,0,0,0,0,0,0,2,1,0,0,9,46,36,0,0,0,11,4,0,0,24,42
Chandpur    ,2023,4,30,7,0,0,0,0,13,0,24,0,0,0,0,0,0,0,0,0,0,0,0,0,0,0,0,0,0,25,0,3,
Chandpur    ,2023,5,0,1,0,38,0,12,0,0,0,0,0,0,0,0,0,0,14,17,22,0,0,15,0,30,74,1,12,7,0,0,0
Chandpur    ,2023,6,0,0,0,0,0,0,0,0,5,27,7,2,5,0,4,0,0,2,0,4,20,0,0,10,0,0,13,25,17,26,
Chandpur    ,2023,7,30,14,0,2,5,1,67,2,1,0,1,0,2,0,34,3,20,1,0,0,0,3,0,0,0,0,3,5,2,2,0
Chandpur    ,2023,8,36,15,27,10,39,32,120,37,29,0,4,37,31,46,0,2,5,0,13,11,1,0,10,2,49,15,16,6,3,0,0
Chandpur    ,2023,9,0,0,11,17,0,0,6,25,5,4,0,1,0,0,9,0,0,7,16,3,33,10,7,8,17,0,0,0,0,0,
Chandpur    ,2023,10,7,0,11,15,110,7,23,6,0,0,0,0,4,0,1,0,0,0,0,0,0,0,0,4,0,0,0,0,0,0,0
Chandpur    ,2023,11,0,0,0,0,0,0,0,0,0,0,0,0,0,0,0,0,26,219,0,0,0,0,0,0,0,0,0,0,0,0,
Chandpur    ,2023,12,0,0,0,0,0,0,0,33,0,0,0,0,0,0,0,0,0,0,0,0,0,0,0,0,0,0,0,0,0,0,0
Chandpur    ,2024,1,0,0,0,0,0,0,0,0,0,0,0,0,0,0,0,0,0,0,0,0,0,0,0,0,3,0,0,0,0,0,0
Chandpur    ,2024,2,0,1,0,0,0,0,0,0,0,0,0,0,0,0,0,3,0,0,0,0,0,7,11,0,0,0,0,0,0,,
Chandpur    ,2024,3,0,0,0,0,0,0,0,0,0,0,0,0,0,0,13,0,0,0,0,0,1,12,0,8,17,0,0,17,25,0,0
Chandpur    ,2024,4,10,0,0,0,0,0,0,5,0,0,0,0,0,0,0,0,20,2,0,0,0,0,0,0,0,0,0,0,0,0,
Chandpur    ,2024,5,0,0,0,0,0,0,89,5,5,0,0,5,4,0,0,0,0,0,12,0,22,0,0,0,0,0,20,257,0,0,1
Chandpur    ,2024,6,0,0,0,0,1,0,0,0,0,0,0,0,0,5,0,0,0,0,0,0,1,0,4,0,0,0,1,4,6,0,
Chandpur    ,2024,7,18,19,14,10,54,0,0,9,1,0,3,56,47,4,0,0,3,0,0,0,2,3,31,15,0,1,1,0,0,23,13
Chandpur    ,2024,8,74,113,78,33,2,1,0,1,26,26,19,0,2,0,0,0,2,44,29,45,30,140,24,8,54,28,0,5,1,0,0
Chandpur    ,2024,9,1,39,35,8,0,14,13,3,0,3,3,91,3,16,119,54,0,1,1,0,8,4,0,0,31,49,19,2,7,0,
Chandpur    ,2024,10,9,2,53,33,250,33,20,0,7,4,0,0,0,0,0,0,0,1,0,0,0,0,0,2,23,4,0,0,0,0,0
Chandpur    ,2024,11,0,0,0,0,0,2,2,0,0,0,0,0,0,0,0,0,0,0,0,0,0,0,0,0,0,0,0,0,0,0,
Chandpur    ,2024,12,1,0,0,0,0,0,0,0,0,0,0,0,0,0,0,0,0,0,0,0,0,1,0,0,0,0,0,0,0,0,0
Teknaf      ,2022,1,0,0,0,0,0,0,0,0,0,0,0,0,0,0,0,0,0,0,0,0,0,0,0,0,0,0,0,0,0,0,0
Teknaf      ,2022,2,0,0,0,0,0,0,0,0,0,0,0,0,0,0,0,0,0,0,0,0,3,2,0,0,0,0,0,0,,,
Teknaf      ,2022,3,0,0,0,0,0,0,0,0,0,0,0,0,0,0,0,0,0,0,0,0,0,0,0,0,0,0,0,0,0,0,0
Teknaf      ,2022,4,0,0,0,0,0,0,0,0,0,0,0,0,0,0,0,0,0,0,0,0,0,23,10,0,0,0,0,0,0,0,
Teknaf      ,2022,5,0,0,0,12,0,5,0,0,25,4,0,1,46,5,1,7,0,0,0,16,3,19,9,5,5,20,5,28,39,5,0
Teknaf      ,2022,6,2,36,26,137,10,0,1,72,0,35,0,0,4,7,17,58,47,17,51,162,83,35,0,26,14,0,3,5,11,16,
Teknaf      ,2022,7,16,79,31,0,0,0,2,0,1,1,22,0,4,0,0,3,5,0,0,1,20,28,11,44,14,0,0,0,0,0,0
Teknaf      ,2022,8,0,0,1,4,0,2,0,36,48,53,76,42,6,45,70,0,0,55,0,23,0,0,27,15,0,0,0,17,0,8,1
Teknaf      ,2022,9,0,7,0,0,6,51,0,0,11,7,11,49,71,60,47,0,0,0,3,46,30,0,0,0,18,2,6,0,0,18,
Teknaf      ,2022,10,3,26,40,5,0,0,2,0,0,0,0,0,0,0,0,0,0,0,0,8,0,0,0,43,47,0,0,0,0,0,0
Teknaf      ,2022,11,0,0,0,0,0,0,0,0,0,0,0,0,0,0,0,0,0,0,0,0,0,0,0,0,0,0,0,0,27,0,
Teknaf      ,2022,12,0,0,0,0,0,0,0,0,0,0,0,0,0,0,0,0,0,0,0,0,0,0,0,0,0,0,0,0,0,0,0
Teknaf      ,2023,1,0,0,0,0,0,0,0,0,0,0,0,0,0,0,0,0,0,0,0,0,0,0,0,0,0,0,0,0,0,0,0
Teknaf      ,2023,2,0,0,0,0,0,0,0,0,0,0,0,0,0,0,0,0,0,0,0,0,0,0,0,0,0,0,0,0,,,
Teknaf      ,2023,3,0,0,0,0,0,0,0,0,0,0,0,0,0,0,0,0,0,0,0,0,5,7,0,0,0,0,0,0,0,0,0
Teknaf      ,2023,4,0,0,0,7,0,0,0,0,0,0,0,0,0,0,0,0,0,0,0,0,0,4,0,0,0,0,0,0,0,0,
Teknaf      ,2023,5,0,0,0,0,0,0,0,0,0,0,0,0,7,22,13,3,12,10,10,6,0,0,0,1,5,0,0,0,3,0,0
Teknaf      ,2023,6,17,0,0,8,0,0,0,4,13,31,15,10,0,0,0,0,1,3,0,75,0,12,10,45,33,54,32,10,8,0,
Teknaf      ,2023,7,0,0,0,2,5,71,32,5,13,8,14,3,28,77,49,7,0,2,3,9,18,8,0,0,0,2,5,8,0,6,0
Teknaf      ,2023,8,0,107,86,54,45,26,35,126,31,90,5,0,17,0,22,0,3,3,0,0,0,12,2,37,83,71,163,95,2,0,7
Teknaf      ,2023,9,0,0,22,8,0,0,0,55,34,0,1,3,18,37,47,0,0,32,32,21,6,0,0,0,0,0,7,0,4,14,
Teknaf      ,2023,10,5,18,68,38,3,0,2,0,0,0,0,48,15,0,0,0,0,0,0,0,0,0,7,62,102,0,0,0,0,0,0
Teknaf      ,2023,11,0,0,0,0,0,0,0,0,0,0,0,0,0,0,0,0,63,22,0,3,0,0,0,0,0,0,0,0,0,0,
Teknaf      ,2023,12,0,0,0,0,0,0,0,9,10,0,0,0,0,0,0,0,0,0,0,0,0,25,0,0,0,0,0,0,0,0,0
Teknaf      ,2024,1,0,0,0,0,0,0,0,0,0,0,0,0,0,0,0,0,0,0,0,2,0,0,0,0,0,0,0,0,0,0,0
Teknaf      ,2024,2,0,0,0,0,0,0,0,0,0,0,0,0,0,0,0,0,0,0,0,0,0,0,0,0,0,0,0,0,0,,
Teknaf      ,2024,3,0,0,0,0,0,0,0,0,0,0,0,0,0,0,0,0,0,0,0,0,2,7,0,0,0,0,0,0,0,0,0
Teknaf      ,2024,4,0,0,0,0,0,0,0,0,0,0,0,0,0,0,0,0,0,0,0,0,0,0,0,0,0,0,0,0,0,0,
Teknaf      ,2024,5,3,3,7,20,8,19,11,0,21,0,0,0,0,0,0,0,0,0,0,0,0,0,0,7,17,32,32,14,0,0,0
Teknaf      ,2024,6,0,14,23,0,10,10,11,11,6,0,0,15,11,16,11,7,6,18,40,67,11,9,0,16,28,3,6,8,27,0,
Teknaf      ,2024,7,84,134,94,87,40,29,3,0,0,14,23,81,65,9,0,4,4,0,0,25,55,33,47,48,91,181,153,25,39,25,111
,,,,,,,,,,,,,,,,,,,,,,,,,,,,,,,,,
,,,,,,,,,,,,,,,,,,,,,,,,,,,,,,,,,
,,,,,,,,,,,,,,,,,,,,,,,,,,,,,,,,,
,,,,,,,,,,,,,,,,,,,,,,,,,,,,,,,,,
,,,,,,,,,,,,,,,,,,,,,,,,,,,,,,,,,
Chittagong  ,2022,1,0,0,0,0,0,0,0,0,0,0,0,0,0,0,0,0,0,0,0,0,0,0,0,0,1,0,0,0,0,0,0
Chittagong  ,2022,2,0,0,0,0,7,0,0,0,0,0,0,0,0,0,0,0,0,0,0,0,4,0,0,0,0,0,0,0,,,
Chittagong  ,2022,3,0,0,0,0,0,0,0,0,0,0,0,0,0,0,0,0,0,0,0,0,0,0,0,0,0,0,0,0,0,0,0
Chittagong  ,2022,4,0,0,0,0,0,0,0,0,0,0,0,0,0,0,0,0,0,0,0,0,39,2,3,0,0,0,0,0,0,0,
Chittagong  ,2022,5,1,0,0,16,19,12,0,0,10,12,0,24,1,0,0,7,7,13,3,19,9,48,50,5,33,3,5,34,2,3,9
Chittagong  ,2022,6,14,1,18,27,0,0,0,0,0,0,0,0,0,86,4,2,54,50,31,242,20,22,0,0,0,0,0,0,2,9,
Chittagong  ,2022,7,1,0,0,0,7,9,0,2,0,1,0,0,0,0,7,1,0,0,4,65,94,0,2,42,23,0,0,0,13,0,0
Chittagong  ,2022,8,4,1,14,4,0,6,13,3,4,1,2,0,0,0,2,9,12,0,0,0,1,3,2,0,0,0,0,35,0,0,0
Chittagong  ,2022,9,14,6,17,50,49,7,0,5,20,0,13,10,5,93,22,13,0,0,41,0,0,0,1,12,4,0,0,4,0,0,
Chittagong  ,2022,10,7,9,33,1,8,0,0,1,3,9,1,5,0,10,0,0,0,1,2,7,0,0,0,29,28,0,0,0,0,0,0
Chittagong  ,2022,11,0,0,0,0,0,0,0,0,0,0,0,0,0,0,0,0,0,0,0,0,0,0,0,0,0,0,0,0,0,0,
Chittagong  ,2022,12,0,0,0,0,0,0,0,0,0,0,0,0,0,0,0,0,0,0,0,0,0,0,0,0,0,0,0,10,10,0,0
Chittagong  ,2023,1,0,0,0,0,0,0,0,0,1,0,0,0,0,0,0,0,0,0,0,0,0,0,0,0,0,0,0,0,0,0,0
Chittagong  ,2023,2,0,0,0,0,0,0,0,0,0,0,0,0,0,0,0,0,0,0,0,0,0,0,0,0,0,0,0,0,,,
Chittagong  ,2023,3,0,0,0,0,0,0,0,0,0,0,0,0,0,0,0,0,0,0,0,4,6,4,14,0,0,0,0,1,0,0,0
Chittagong  ,2023,4,10,33,37,0,0,0,0,0,0,0,0,0,0,0,0,0,0,0,0,0,1,8,0,0,0,0,0,0,0,0,
Chittagong  ,2023,5,0,0,0,0,0,0,0,0,0,0,0,0,0,7,11,23,30,12,26,0,0,6,0,2,37,4,4,0,0,0,0
Chittagong  ,2023,6,0,0,0,0,7,3,6,75,20,51,61,6,1,0,0,12,0,14,0,12,0,3,8,27,0,0,16,6,0,138,
Chittagong  ,2023,7,1,0,0,0,16,2,6,8,2,4,7,0,0,3,5,1,0,0,1,0,0,3,0,0,3,0,3,7,5,0,18
Chittagong  ,2023,8,12,11,83,31,20,146,322,56,48,17,9,0,22,10,3,34,15,0,0,0,0,0,8,2,31,51,73,60,0,46,0
Chittagong  ,2023,9,0,0,45,3,0,12,1,5,34,1,5,5,7,0,4,0,0,97,2,0,3,0,1,0,0,0,26,9,4,19,
Chittagong  ,2023,10,6,2,17,17,18,55,3,0,0,0,0,0,0,0,0,0,0,0,0,0,0,0,6,10,59,1,0,0,0,0,0
Chittagong  ,2023,11,0,0,0,0,0,0,0,0,0,0,0,0,0,0,0,0,47,37,0,0,0,0,0,0,0,0,0,0,0,0,
Chittagong  ,2023,12,0,0,0,0,0,0,1,3,5,0,0,0,0,0,0,0,0,0,0,0,0,0,0,0,0,0,0,0,0,0,0
Chittagong  ,2024,1,0,0,0,0,0,0,0,0,0,0,0,0,0,0,0,0,0,0,1,0,0,0,0,0,7,1,0,0,0,0,0
Chittagong  ,2024,2,0,0,2,0,0,0,0,0,0,0,0,0,0,0,0,0,0,0,0,0,0,0,0,0,0,0,0,0,0,,
Chittagong  ,2024,3,0,0,0,0,0,0,0,0,0,0,0,0,0,0,2,0,0,0,0,0,1,3,0,0,3,0,0,0,0,0,0
Chittagong  ,2024,4,0,0,0,0,0,0,0,14,0,0,0,0,0,0,0,0,0,0,18,0,0,0,0,0,0,0,0,0,0,0,
Chittagong  ,2024,5,0,1,9,27,0,37,118,0,6,0,0,0,0,0,0,0,0,0,0,18,0,0,0,0,0,3,73,249,43,0,2
Chittagong  ,2024,6,26,0,8,4,15,0,50,23,0,2,0,3,24,7,0,0,0,0,28,3,3,8,0,4,12,2,6,2,3,28,
Chittagong  ,2024,7,64,107,85,22,52,11,0,6,17,54,10,29,0,0,2,0,0,0,2,0,0,34,75,38,3,1,2,0,1,76,59
Chittagong  ,2024,8,52,125,64,40,37,1,1,3,7,20,9,36,44,1,0,0,96,30,89,63,113,89,87,0,18,65,6,0,15,10,0
Chittagong  ,2024,9,0,21,8,0,0,57,7,3,3,1,1,3,67,203,36,4,0,0,3,0,92,0,14,4,13,27,0,16,0,0,
Chittagong  ,2024,10,8,5,120,1,0,0,0,0,0,0,0,0,0,0,0,0,0,0,0,0,0,0,3,9,5,0,0,0,0,0,9
Chittagong  ,2024,11,10,0,0,0,0,0,0,0,0,0,1,0,0,0,0,0,0,0,0,0,0,0,0,0,0,0,0,0,0,0,
Chittagong  ,2024,12,0,0,0,0,0,0,0,0,0,0,0,0,0,0,0,0,0,0,0,0,0,0,0,0,0,0,0,0,0,0,0
Comilla     ,2022,1,0,0,0,0,0,0,0,0,0,0,0,0,1,0,1,0,0,0,0,0,0,0,0,4,0,0,0,0,0,0,0
Comilla     ,2022,2,0,0,0,0,19,0,0,0,0,0,0,0,0,0,0,0,0,0,0,0,4,0,0,0,0,0,0,0,,,
Comilla     ,2022,3,0,0,0,0,0,0,0,0,0,0,0,0,0,0,0,0,0,0,0,0,0,0,0,0,0,0,0,3,5,2,0
Comilla     ,2022,4,0,0,0,0,0,0,0,0,0,0,1,1,0,0,0,0,0,0,0,7,42,0,2,0,0,0,0,0,0,0,
Comilla     ,2022,5,7,0,0,4,40,17,17,0,0,3,8,20,18,20,0,2,0,0,0,39,0,25,0,0,0,9,0,30,0,17,3
Comilla     ,2022,6,1,0,0,1,31,0,0,44,0,62,0,0,0,19,0,48,3,15,7,65,8,0,0,0,7,0,5,0,0,24,
Comilla     ,2022,7,3,0,0,0,3,2,2,5,0,0,0,0,4,0,6,7,0,0,4,0,0,1,1,11,17,32,32,0,5,9,0
Comilla     ,2022,8,0,9,6,0,0,5,5,4,0,0,0,4,5,4,0,16,1,0,28,1,0,0,9,2,0,0,0,0,0,0,0
Comilla     ,2022,9,0,14,0,0,25,7,13,38,32,2,1,9,12,25,17,0,3,1,18,1,0,6,0,0,7,0,31,0,0,0,
Comilla     ,2022,10,0,27,11,2,5,0,4,0,0,8,0,6,1,34,0,0,0,0,7,0,0,0,0,27,63,1,0,0,0,0,0
Comilla     ,2022,11,0,0,0,0,0,0,0,0,0,0,0,0,0,0,0,0,0,0,0,0,0,0,0,0,0,0,0,0,0,0,
Comilla     ,2022,12,0,0,0,0,0,0,0,0,0,0,0,0,0,0,0,0,0,0,0,0,0,0,0,0,0,0,0,2,0,0,0
Comilla     ,2023,1,0,0,0,0,0,0,0,0,0,0,0,0,0,0,0,0,0,0,0,0,0,0,0,0,0,0,0,0,0,0,0
Comilla     ,2023,2,0,0,0,0,0,0,0,0,0,0,0,0,0,0,0,0,0,0,0,0,0,0,0,0,0,0,0,0,,,
Comilla     ,2023,3,0,0,0,0,0,0,0,0,0,0,0,0,0,0,0,0,0,0,0,23,4,11,0,0,4,0,0,2,19,3,30
Comilla     ,2023,4,3,9,0,0,0,0,0,0,0,0,0,0,0,0,0,0,0,0,0,0,0,13,0,0,0,0,0,5,0,3,
Comilla     ,2023,5,0,0,0,4,0,0,1,0,0,0,0,0,0,0,1,0,0,19,27,0,0,31,0,16,0,1,2,12,0,0,0
Comilla     ,2023,6,0,0,0,0,0,0,0,0,4,83,25,0,47,29,0,8,28,6,94,0,1,0,0,0,0,0,7,13,159,10,
Comilla     ,2023,7,76,3,13,0,11,2,1,3,3,22,0,0,1,5,5,0,0,4,0,0,0,1,0,0,2,17,6,11,36,0,4
Comilla     ,2023,8,22,6,10,17,11,4,154,83,6,3,8,2,3,16,2,12,2,2,0,0,0,0,0,0,5,13,10,86,14,0,51
Comilla     ,2023,9,14,3,42,33,0,0,4,20,14,0,4,35,3,0,0,0,0,7,41,15,11,14,2,37,2,1,0,0,0,1,
Comilla     ,2023,10,0,0,0,1,46,25,1,4,37,0,0,12,0,0,0,0,0,0,0,0,0,0,0,2,2,0,0,0,0,0,0
Comilla     ,2023,11,0,0,0,0,0,0,0,0,0,0,0,0,0,0,0,0,10,112,0,0,0,0,0,0,0,0,0,0,0,0,
Comilla     ,2023,12,0,0,0,0,0,0,2,31,0,0,0,0,0,0,0,0,0,0,0,0,0,0,0,0,0,0,0,0,0,0,0
Comilla     ,2024,1,0,0,0,0,0,0,0,0,0,0,0,0,0,0,0,0,0,0,1,0,0,0,0,0,1,0,0,0,0,0,0
Comilla     ,2024,2,0,0,0,0,0,0,0,0,0,0,0,0,0,0,0,0,0,0,0,0,0,0,4,0,0,0,0,0,0,,
Comilla     ,2024,3,0,0,0,0,0,0,0,0,0,0,0,0,0,0,14,0,0,0,0,0,0,5,0,1,49,0,0,4,0,0,0
Comilla     ,2024,4,12,0,0,0,0,0,0,1,0,0,0,0,0,0,0,0,2,4,0,0,0,0,0,0,0,0,0,0,0,0,
Comilla     ,2024,5,0,0,24,37,31,4,23,0,0,0,0,13,0,0,0,0,0,0,11,18,8,0,0,0,0,1,1,122,7,0,0
Comilla     ,2024,6,0,0,0,2,0,0,14,57,0,0,3,0,1,51,0,1,0,2,24,34,2,0,4,0,8,0,7,0,33,33,
Comilla     ,2024,7,33,5,23,16,13,2,0,1,1,0,42,24,13,0,0,0,0,0,0,2,0,5,9,19,7,0,0,3,1,5,0
Comilla     ,2024,8,22,106,70,30,5,0,7,8,10,11,15,13,0,0,0,0,0,46,55,165,56,188,49,0,9,0,1,2,2,9,1
Comilla     ,2024,9,0,59,93,0,0,28,2,39,6,0,0,10,0,14,12,4,0,3,0,0,0,20,0,3,14,2,14,2,1,1,
Comilla     ,2024,10,0,9,30,33,22,79,0,0,0,36,0,0,0,0,0,0,0,0,4,0,0,0,1,13,36,0,0,0,0,0,0
Comilla     ,2024,11,0,0,0,0,0,10,1,0,0,0,0,0,0,0,0,0,0,0,0,0,0,0,0,0,0,0,0,0,0,0,
Comilla     ,2024,12,1,0,0,0,0,0,0,0,0,0,0,0,0,0,0,0,0,0,0,0,0,0,0,0,0,0,0,0,0,0,0
Cox's Bazar ,2022,1,0,0,0,0,0,0,0,0,0,0,0,0,0,0,0,0,0,0,0,0,0,0,0,0,3,5,0,0,0,0,0
Cox's Bazar ,2022,2,0,0,0,0,9,12,0,0,0,0,0,0,0,0,0,0,0,0,0,0,9,0,0,0,0,0,0,0,,,
Cox's Bazar ,2022,3,0,0,0,0,0,0,0,0,0,0,0,0,0,0,0,0,0,0,0,0,0,0,0,0,0,0,1,3,0,0,0
Cox's Bazar ,2022,4,0,0,0,0,0,0,0,0,0,0,0,0,0,0,0,0,0,0,0,0,16,1,35,0,0,0,0,0,0,0,
Cox's Bazar ,2022,5,0,0,0,2,3,7,0,0,18,3,9,68,14,4,0,0,0,3,0,9,2,13,0,1,6,8,11,26,1,0,29
Cox's Bazar ,2022,6,31,42,19,90,3,3,3,0,0,65,0,0,0,0,16,23,78,26,84,88,13,101,0,7,1,0,1,2,14,16,
Cox's Bazar ,2022,7,0,6,15,0,0,0,1,0,1,0,0,0,0,0,0,0,0,4,1,5,40,4,11,53,19,0,0,4,0,3,0
Cox's Bazar ,2022,8,0,25,85,24,4,0,4,2,14,5,39,64,1,16,14,0,6,0,2,12,0,1,6,0,0,0,1,3,0,0,0
Cox's Bazar ,2022,9,0,1,0,2,7,40,1,26,0,4,78,54,87,62,3,1,0,5,2,8,2,0,0,6,2,2,15,0,0,4,
Cox's Bazar ,2022,10,1,23,2,1,12,0,1,0,0,0,0,3,0,0,0,0,0,0,0,0,0,0,0,21,21,0,0,0,0,0,0
Cox's Bazar ,2022,11,0,0,0,0,0,0,0,0,0,0,0,0,0,0,0,0,0,0,0,0,0,0,0,0,0,0,0,0,0,0,
Cox's Bazar ,2022,12,0,0,0,0,0,0,0,0,0,0,0,0,0,0,0,0,0,0,0,0,0,0,0,0,0,0,0,0,15,0,0
Cox's Bazar ,2023,1,0,0,0,0,0,0,0,0,0,0,0,0,0,0,0,0,0,0,0,0,0,0,0,0,0,0,0,0,0,0,0
Cox's Bazar ,2023,2,0,0,0,0,0,0,0,0,0,0,0,0,0,0,0,0,0,0,0,0,0,0,0,0,0,0,0,0,,,
Cox's Bazar ,2023,3,0,0,0,0,0,0,0,0,0,0,0,0,0,0,0,0,0,0,0,3,25,2,0,0,0,0,0,0,0,0,0
Cox's Bazar ,2023,4,0,10,16,9,0,0,0,0,0,0,0,0,0,0,0,0,0,0,0,0,0,18,0,0,0,0,0,0,0,0,
Cox's Bazar ,2023,5,0,0,0,0,0,0,17,0,0,0,0,0,11,7,30,2,28,3,19,0,0,0,0,5,27,0,5,0,0,0,0
Cox's Bazar ,2023,6,0,0,0,0,0,0,0,12,34,1,43,31,0,0,0,0,11,29,29,16,0,13,8,37,25,3,29,14,0,0,
Cox's Bazar ,2023,7,0,11,9,0,2,46,8,3,0,4,8,7,2,36,41,13,0,0,0,0,5,0,0,0,0,2,19,8,16,1,10
Cox's Bazar ,2023,8,3,24,16,35,12,87,46,167,21,54,0,23,46,4,26,58,0,0,6,0,2,5,36,10,10,82,64,34,0,1,0
Cox's Bazar ,2023,9,0,0,1,2,6,3,6,66,25,0,1,16,2,7,29,19,0,21,43,3,3,1,0,0,1,0,10,0,1,12,
Cox's Bazar ,2023,10,0,8,17,41,11,5,90,0,0,0,0,1,1,0,0,0,0,0,0,0,0,0,2,33,108,0,0,0,0,0,0
Cox's Bazar ,2023,11,0,0,0,0,0,0,0,0,0,0,0,0,0,0,0,2,65,28,0,0,0,0,0,0,0,0,0,0,0,0,
Cox's Bazar ,2023,12,0,0,0,0,0,0,0,1,4,0,0,0,0,0,0,0,0,0,0,0,0,0,0,0,0,0,0,0,0,0,0
Cox's Bazar ,2024,1,0,0,0,0,0,0,0,0,0,0,0,0,0,0,0,0,0,0,0,0,0,0,0,0,4,3,0,0,0,0,0
Cox's Bazar ,2024,2,0,0,0,0,0,0,0,0,0,0,0,0,0,0,0,0,0,0,0,0,0,0,0,0,0,0,0,0,0,,
Cox's Bazar ,2024,3,0,0,0,0,0,0,0,0,0,0,0,0,0,0,0,0,0,0,0,0,2,13,0,0,0,0,0,0,0,0,0
Cox's Bazar ,2024,4,0,0,0,0,0,0,0,0,0,0,0,0,0,0,0,0,0,0,0,0,0,0,0,0,0,0,0,0,0,0,
Cox's Bazar ,2024,5,2,2,11,0,8,17,30,0,6,0,3,0,0,0,0,0,0,0,0,0,0,0,0,0,0,8,69,57,1,0,0
Cox's Bazar ,2024,6,11,0,11,21,0,3,2,6,5,0,0,4,3,102,1,1,1,49,37,28,87,7,2,7,16,1,0,8,23,102,
Cox's Bazar ,2024,7,81,81,74,62,29,120,0,1,12,4,92,309,36,0,0,4,4,0,0,4,16,11,165,87,12,43,49,9,5,92,270
Cox's Bazar ,2024,8,115,103,7,138,22,9,15,42,35,53,16,48,18,13,20,15,34,140,141,87,0,162,151,6,49,82,18,2,0,0,0
Cox's Bazar ,2024,9,0,0,1,0,3,0,12,0,8,1,22,57,378,225,88,18,0,0,1,0,5,0,55,12,24,10,0,0,1,3,
Cox's Bazar ,2024,10,6,0,114,2,15,0,0,0,0,0,1,0,0,0,0,0,0,0,0,0,0,2,1,15,0,0,0,0,0,0,0
Cox's Bazar ,2024,11,0,17,0,0,0,0,0,0,0,0,0,0,0,0,0,0,0,0,0,0,0,0,0,0,0,0,0,0,0,0,
Cox's Bazar ,2024,12,0,0,0,0,0,0,0,0,0,0,0,0,0,0,0,0,0,0,0,0,0,0,0,0,0,0,0,0,0,0,0
Feni        ,2022,1,0,0,0,0,0,0,0,0,0,0,0,0,5,0,0,1,0,0,0,0,0,0,0,0,0,0,0,2,0,0,0
Feni        ,2022,2,0,0,0,0,11,0,0,0,0,0,0,0,0,0,0,0,0,0,0,0,2,0,0,0,0,0,0,0,,,
Feni        ,2022,3,0,0,0,0,0,0,0,0,0,0,0,0,0,0,0,0,0,0,0,0,0,0,0,0,0,0,0,0,0,3,0
Feni        ,2022,4,0,0,0,0,0,0,0,0,0,0,0,0,0,0,0,0,0,0,0,6,22,0,2,0,0,0,0,0,0,0,
Feni        ,2022,5,8,0,10,5,4,0,0,0,12,9,15,54,3,20,0,0,0,3,1,25,0,30,34,0,52,16,17,38,0,23,0
Feni        ,2022,6,16,1,1,47,6,1,0,19,0,2,0,0,0,23,6,36,8,69,18,126,11,9,0,8,0,0,0,0,4,72,
Feni        ,2022,7,43,0,1,1,8,2,2,2,0,0,0,0,2,0,5,0,1,0,8,80,56,0,0,29,12,23,22,0,0,18,0
Feni        ,2022,8,21,32,106,0,4,2,0,13,0,0,0,1,8,0,0,0,13,0,138,0,0,0,62,3,0,0,0,0,0,0,0
Feni        ,2022,9,0,0,80,14,48,32,6,0,51,62,14,23,58,41,0,29,0,99,15,0,0,0,0,57,0,0,15,0,0,0,
Feni        ,2022,10,52,31,0,6,14,1,0,0,0,0,0,0,0,0,0,0,0,3,6,0,0,0,0,27,62,0,0,0,0,0,0
Feni        ,2022,11,0,0,0,0,0,0,0,0,0,0,0,0,0,0,0,0,0,0,0,0,0,0,0,0,0,0,0,0,0,0,
Feni        ,2022,12,0,0,0,0,0,0,0,0,0,0,0,0,0,0,0,0,0,0,0,0,0,0,0,0,0,0,0,0,0,0,0
Feni        ,2023,1,0,0,0,0,0,0,0,0,0,0,0,0,0,0,0,0,0,0,0,0,0,0,0,0,0,0,0,0,0,0,0
Feni        ,2023,2,0,0,0,0,0,0,0,0,0,0,0,0,0,0,0,0,0,0,0,0,0,0,0,0,0,0,0,0,,,
Feni        ,2023,3,0,0,0,0,0,0,0,0,0,0,0,0,0,0,0,0,0,0,0,7,7,82,0,7,0,0,0,0,0,39,6
Feni        ,2023,4,0,37,0,0,0,0,0,0,0,0,0,0,0,0,0,0,0,0,0,0,0,1,0,0,0,0,0,2,0,0,
Feni        ,2023,5,0,0,0,4,0,1,0,0,0,0,0,0,0,3,6,14,16,23,12,0,0,3,0,38,5,0,16,7,0,0,0
Feni        ,2023,6,0,0,0,0,12,0,0,1,99,26,40,21,7,0,0,12,4,23,43,28,34,0,4,10,0,0,25,34,3,8,
Feni        ,2023,7,51,12,0,0,17,4,4,3,1,16,5,5,6,5,5,0,5,4,9,0,0,0,0,0,4,18,0,21,7,0,0
Feni        ,2023,8,70,26,33,99,52,41,154,27,4,0,7,0,1,12,14,0,8,10,0,0,0,56,1,0,20,18,13,17,16,0,44
Feni        ,2023,9,25,1,28,1,0,0,5,21,16,2,3,8,2,0,3,0,1,18,16,13,13,30,6,7,6,0,14,5,10,1,
Feni        ,2023,10,17,0,2,11,40,17,0,7,18,0,0,0,29,0,0,0,0,0,0,0,0,0,22,2,5,3,0,0,0,0,0
Feni        ,2023,11,0,0,0,0,0,0,0,0,0,0,0,0,0,0,0,0,26,99,1,0,0,0,0,0,0,0,0,0,0,0,
Feni        ,2023,12,0,0,0,0,0,0,2,24,0,0,0,0,0,0,0,0,0,0,0,0,0,0,0,0,0,0,0,0,0,0,0
Feni        ,2024,1,0,0,0,0,0,0,0,0,0,0,0,0,0,0,0,0,0,0,1,0,0,0,0,0,1,0,0,0,0,0,0
Feni        ,2024,2,0,2,0,0,0,0,0,0,0,0,0,0,0,0,0,0,0,0,0,0,0,1,0,9,0,0,0,0,0,,
Feni        ,2024,3,0,0,0,0,0,0,0,0,0,0,0,0,0,0,38,4,0,0,0,1,0,2,18,6,8,0,0,0,57,1,0
Feni        ,2024,4,21,0,0,0,0,0,0,2,0,0,0,0,0,0,0,0,24,14,3,0,0,0,0,0,0,0,0,0,0,0,
Feni        ,2024,5,0,0,31,20,0,28,130,0,0,0,0,46,1,0,0,0,0,0,21,14,7,0,0,3,0,0,9,162,3,0,0
Feni        ,2024,6,0,0,0,32,0,0,24,51,0,42,33,0,53,54,0,40,3,2,11,8,0,15,1,0,0,5,47,0,16,118,
Feni        ,2024,7,33,208,29,1,12,9,0,11,4,65,17,33,98,1,0,0,2,0,0,0,1,16,72,8,6,1,0,2,0,13,45
Feni        ,2024,8,48,134,231,39,2,10,3,38,20,50,51,122,30,4,0,0,80,46,61,186,97,346,142,0,8,8,2,20,4,1,4
Feni        ,2024,9,1,2,13,0,0,35,46,2,0,0,2,55,3,44,14,9,0,0,1,0,35,54,0,0,9,21,0,0,0,0,
Feni        ,2024,10,15,7,54,4,2,7,0,9,3,6,0,0,0,0,0,0,0,0,0,0,0,0,19,13,6,0,0,0,0,0,6
Feni        ,2024,11,0,0,0,0,0,2,0,0,0,0,0,0,0,0,0,0,0,0,0,0,0,0,0,0,0,0,0,0,0,0,
Feni        ,2024,12,5,0,0,0,0,0,0,0,0,0,0,0,0,0,0,0,0,0,0,0,0,0,0,0,0,0,0,0,0,0,0
Hatiya      ,2022,1,0,0,0,0,0,0,0,0,0,0,0,0,2,0,2,0,0,0,0,0,0,0,0,1,0,0,0,0,0,0,0
Hatiya      ,2022,2,0,0,0,0,13,0,0,0,0,0,0,0,0,0,0,0,0,0,0,0,0,0,0,0,0,0,0,0,,,
Hatiya      ,2022,3,0,0,0,0,0,0,0,0,0,0,0,0,0,0,0,0,0,0,0,0,0,0,0,0,0,0,0,0,0,0,0
Hatiya      ,2022,4,0,0,0,0,0,0,0,0,0,0,0,0,0,0,0,0,0,0,0,0,57,0,12,0,0,0,0,0,0,0,
Hatiya      ,2022,5,0,0,0,6,6,5,0,0,11,56,17,7,0,0,0,1,0,0,0,1,1,16,0,0,10,9,0,29,0,41,75
Hatiya      ,2022,6,0,19,5,12,0,2,0,0,0,18,0,0,3,0,27,52,71,92,14,31,62,71,9,0,20,12,3,1,7,27,
Hatiya      ,2022,7,17,10,24,0,18,5,0,0,6,0,15,1,1,0,0,0,6,0,7,35,24,3,17,35,68,8,0,0,3,0,0
Hatiya      ,2022,8,9,1,12,13,0,14,30,14,17,30,56,40,5,21,17,19,0,0,9,12,32,0,22,18,35,0,0,23,0,0,0
Hatiya      ,2022,9,2,2,12,3,2,0,2,18,0,3,0,0,0,0,0,0,0,3,25,13,20,6,0,1,10,20,25,0,0,0,
Hatiya      ,2022,10,7,11,131,50,5,1,0,0,0,12,0,0,0,0,0,0,0,0,0,0,0,0,0,50,75,0,0,0,0,0,0
Hatiya      ,2022,11,0,0,0,0,0,0,0,0,0,0,0,0,0,0,0,0,0,0,1,2,0,1,0,0,0,0,0,1,0,0,
Hatiya      ,2022,12,0,0,0,0,0,0,0,0,0,0,0,0,0,0,0,0,0,0,0,0,0,0,0,0,0,0,0,8,0,0,0
Hatiya      ,2023,1,0,0,0,0,0,0,0,0,0,0,0,0,0,0,0,0,0,0,0,0,0,0,0,0,0,0,0,0,0,0,0
Hatiya      ,2023,2,0,0,0,0,0,0,0,0,0,0,0,0,0,0,0,0,0,0,0,0,0,0,0,0,0,0,0,0,,,
Hatiya      ,2023,3,0,0,0,0,0,0,0,0,0,0,0,0,0,0,0,0,0,0,3,16,18,19,1,3,0,0,0,5,0,0,0
Hatiya      ,2023,4,3,16,0,0,0,34,0,0,0,0,0,0,0,0,0,0,0,0,0,0,0,0,0,0,0,0,0,0,1,0,
Hatiya      ,2023,5,0,0,0,0,2,0,1,0,0,0,0,0,8,6,6,12,9,42,11,0,0,1,0,38,84,19,0,0,0,0,0
Hatiya      ,2023,6,0,0,0,0,0,0,0,10,100,21,40,3,36,5,0,5,1,0,3,58,0,3,32,62,33,5,59,67,1,20,
Hatiya      ,2023,7,0,0,4,0,2,39,5,24,13,22,77,7,54,58,120,16,5,1,0,0,0,0,0,0,0,0,3,4,6,0,30
Hatiya      ,2023,8,10,39,16,61,6,130,221,32,19,0,0,21,85,16,2,0,4,0,0,0,0,0,36,9,25,9,15,52,38,0,0
Hatiya      ,2023,9,0,6,5,0,45,2,11,18,35,0,5,49,3,22,20,0,27,76,24,8,51,18,15,9,1,5,1,29,1,9,
Hatiya      ,2023,10,9,15,13,138,59,27,0,0,17,0,0,0,0,0,0,0,0,0,0,0,0,0,0,8,21,0,0,0,0,0,0
Hatiya      ,2023,11,0,0,0,0,0,0,0,0,0,0,0,0,0,0,0,0,28,105,0,0,0,0,0,0,0,0,0,0,0,0,
Hatiya      ,2023,12,0,0,0,0,0,0,0,5,0,0,0,0,0,0,0,0,0,0,0,0,0,0,0,0,0,0,0,0,0,0,0
Hatiya      ,2024,1,0,0,0,0,0,0,0,0,0,0,0,0,0,0,0,0,0,0,0,5,0,0,0,0,1,6,0,0,0,0,0
Hatiya      ,2024,2,0,1,3,0,0,0,0,0,0,0,0,0,0,0,0,0,0,0,0,0,0,23,0,1,0,0,0,0,0,,
Hatiya      ,2024,3,0,0,0,0,0,0,0,0,0,0,0,0,0,0,40,0,0,0,0,0,2,0,1,0,0,0,0,0,0,0,0
Hatiya      ,2024,4,0,0,0,0,0,0,0,24,0,0,0,0,0,0,0,0,0,0,0,0,0,0,0,0,0,0,0,0,0,0,
Hatiya      ,2024,5,0,0,0,0,0,16,38,7,4,0,0,9,31,1,0,0,0,0,0,27,2,0,0,0,0,42,48,112,80,0,0
Hatiya      ,2024,6,0,1,0,21,63,0,0,2,0,0,0,0,2,39,0,0,0,1,113,11,10,15,2,0,2,1,1,5,31,21,
Hatiya      ,2024,7,22,69,30,6,33,82,0,1,3,3,9,30,46,0,0,0,0,3,0,0,5,42,23,52,4,5,6,1,1,10,40
Hatiya      ,2024,8,70,110,55,41,34,70,33,23,15,23,52,3,0,15,0,0,159,29,39,46,125,14,70,3,9,132,8,1,4,8,1
Hatiya      ,2024,9,0,2,1,0,0,19,8,9,5,1,51,38,46,65,94,1,0,0,1,0,49,21,0,8,0,87,47,10,0,0,
Hatiya      ,2024,10,8,3,35,31,4,0,0,1,0,0,0,30,0,0,0,0,0,9,0,52,0,0,10,20,23,0,3,0,0,0,0
Hatiya      ,2024,11,0,0,0,0,0,0,0,0,0,0,0,0,0,0,0,0,0,0,0,0,0,0,0,0,0,0,0,0,0,0,
Hatiya      ,2024,12,0,0,0,0,0,0,0,0,0,0,0,0,0,0,0,0,0,0,0,0,0,2,0,0,0,0,0,0,0,0,0
Kutubdia    ,2022,1,0,0,0,0,0,0,0,0,0,0,0,0,0,0,0,0,0,0,0,0,0,0,0,0,2,0,5,0,0,0,0
Kutubdia    ,2022,2,0,0,0,0,10,5,0,0,0,0,0,0,0,0,0,0,0,0,0,0,0,0,0,0,0,0,0,0,,,
Kutubdia    ,2022,3,0,0,0,0,0,0,0,0,0,0,0,0,0,0,0,0,0,0,0,0,0,0,0,0,0,0,0,0,0,0,0
Kutubdia    ,2022,4,0,0,0,0,1,0,0,0,0,0,0,0,0,0,0,3,0,0,0,0,19,0,17,0,0,0,0,0,0,0,
Kutubdia    ,2022,5,0,0,0,2,2,5,0,0,19,6,2,12,5,4,5,9,0,1,5,13,54,23,4,13,0,2,0,30,0,2,70
Kutubdia    ,2022,6,2,7,30,31,0,0,1,0,2,4,0,0,0,0,9,42,49,56,59,115,8,128,0,0,0,0,0,0,2,1,
Kutubdia    ,2022,7,5,1,2,0,1,5,0,0,0,4,0,0,0,0,0,0,0,13,4,39,33,0,33,40,12,0,0,0,3,0,18
Kutubdia    ,2022,8,0,0,13,28,0,0,2,1,3,0,0,17,0,4,8,0,2,0,0,2,2,0,7,0,1,0,0,7,0,0,0
Kutubdia    ,2022,9,0,12,4,7,3,1,0,0,0,0,67,34,50,57,4,0,41,2,14,0,0,0,1,19,8,9,0,0,0,0,
Kutubdia    ,2022,10,3,31,14,0,1,0,0,0,0,45,0,0,0,0,2,0,2,0,0,0,0,0,0,40,31,0,0,0,0,0,0
Kutubdia    ,2022,11,0,0,0,0,0,0,0,0,0,0,0,0,0,0,0,0,0,0,0,0,0,0,0,0,0,0,0,0,0,0,
Kutubdia    ,2022,12,0,0,0,0,0,0,0,0,0,0,0,0,0,0,0,0,0,0,0,0,0,0,0,0,0,0,0,0,0,0,0
Kutubdia    ,2023,1,0,0,0,0,0,0,0,0,0,0,0,0,0,0,0,0,0,0,0,0,0,0,0,0,0,0,0,0,0,0,0
Kutubdia    ,2023,2,0,0,0,0,0,0,0,0,0,0,0,0,0,0,0,0,0,0,0,0,0,0,0,0,0,0,0,0,,,
Kutubdia    ,2023,3,0,0,0,0,0,0,0,0,0,0,0,0,0,0,0,0,0,0,0,1,1,0,0,0,0,0,0,0,0,0,0
Kutubdia    ,2023,4,19,16,7,0,0,0,0,0,0,0,0,0,0,0,0,0,0,0,0,0,0,9,0,6,0,0,0,0,0,0,
Kutubdia    ,2023,5,0,0,0,0,0,2,1,0,0,0,0,0,0,8,25,8,17,8,13,0,9,0,0,7,38,26,4,0,0,0,0
Kutubdia    ,2023,6,0,2,0,0,0,0,0,55,13,0,22,34,0,0,0,0,3,69,0,6,0,0,5,30,9,0,36,5,0,0,
Kutubdia    ,2023,7,0,1,0,0,9,21,4,0,7,3,29,3,5,32,17,4,0,0,0,0,0,0,0,0,2,0,6,2,7,0,17
Kutubdia    ,2023,8,42,13,16,12,2,34,166,98,128,1,0,27,15,4,50,9,0,0,0,0,1,8,7,6,48,46,38,77,0,2,0
Kutubdia    ,2023,9,0,0,4,10,7,50,7,13,71,0,132,20,22,0,4,0,0,81,13,0,1,0,0,0,3,5,25,4,2,11,
Kutubdia    ,2023,10,0,2,6,18,15,59,3,0,0,0,0,0,0,0,0,0,0,0,0,0,0,0,23,11,124,0,0,0,0,0,0
Kutubdia    ,2023,11,0,0,0,0,0,0,0,0,0,0,0,0,0,0,0,0,77,30,0,0,0,0,0,0,0,0,0,0,0,0,
Kutubdia    ,2023,12,0,0,0,0,0,0,0,0,0,0,0,0,0,0,0,0,0,0,0,0,0,0,0,0,0,0,0,0,0,0,0
Kutubdia    ,2024,1,0,0,0,0,0,0,0,0,0,0,0,0,0,0,0,0,0,0,1,0,0,0,0,0,3,3,0,0,0,0,0
Kutubdia    ,2024,2,0,0,0,0,0,0,0,0,0,0,0,0,0,0,0,0,0,0,0,0,0,0,0,0,0,0,0,0,0,,
Kutubdia    ,2024,3,0,0,0,0,0,0,0,0,0,0,0,0,0,0,0,0,0,0,0,0,1,8,0,0,0,0,0,0,0,0,0
Kutubdia    ,2024,4,0,0,0,0,0,0,0,0,0,0,0,0,0,0,0,0,0,0,0,0,0,0,0,0,0,0,0,0,0,0,
Kutubdia    ,2024,5,0,28,0,27,0,10,77,0,4,0,1,0,0,0,0,0,0,0,0,0,0,0,0,0,0,21,125,162,8,0,6
Kutubdia    ,2024,6,0,0,20,11,3,0,0,21,10,0,0,19,4,50,0,10,30,8,174,19,3,0,0,1,43,2,13,3,25,46,
Kutubdia    ,2024,7,26,65,57,24,46,41,0,1,10,82,44,89,5,0,0,0,3,0,0,0,1,11,105,41,55,3,14,2,3,45,27
Kutubdia    ,2024,8,144,168,38,133,37,0,1,11,17,14,30,76,4,0,0,5,40,125,92,47,10,35,64,0,76,86,12,4,14,0,0
Kutubdia    ,2024,9,0,4,3,0,0,9,10,15,2,2,86,12,58,273,60,17,1,0,0,0,5,0,44,7,2,3,0,0,0,9,
Kutubdia    ,2024,10,8,7,33,1,6,0,0,0,0,11,0,0,0,2,0,0,0,0,11,0,0,0,16,13,4,0,0,0,0,0,0
Kutubdia    ,2024,11,0,0,0,0,0,1,0,0,0,0,0,0,0,0,0,0,0,0,0,0,0,0,0,0,0,0,0,0,0,0,
Kutubdia    ,2024,12,0,0,0,0,0,0,0,0,0,0,0,0,0,0,0,0,0,0,0,0,0,0,0,0,0,0,0,0,0,0,0
M.court     ,2022,1,0,0,0,0,0,0,0,0,0,0,0,0,4,0,0,0,0,0,0,0,0,0,0,4,1,0,2,9,0,0,0
M.court     ,2022,2,0,0,0,0,10,0,0,0,0,0,0,0,0,0,0,0,0,0,0,0,0,0,0,0,0,0,0,0,,,
M.court     ,2022,3,0,0,0,0,0,0,0,0,0,0,0,0,0,0,0,0,0,0,0,0,0,0,0,0,0,0,0,0,0,0,0
M.court     ,2022,4,0,0,0,0,0,0,0,0,0,0,0,0,0,0,0,0,0,0,0,0,54,0,45,0,0,0,0,0,0,0,
M.court     ,2022,5,0,0,0,25,21,9,0,0,0,20,12,19,1,1,0,0,0,4,1,20,1,11,21,0,59,19,12,12,0,62,0
M.court     ,2022,6,43,7,3,13,0,0,0,6,0,69,0,0,0,0,5,34,0,21,18,35,8,12,0,0,2,11,9,0,0,38,
M.court     ,2022,7,11,0,1,0,12,5,6,14,0,0,0,3,0,0,1,0,0,0,9,0,29,0,0,26,19,16,11,0,0,42,0
M.court     ,2022,8,0,3,35,3,27,0,0,12,4,5,28,1,8,0,8,35,0,0,49,2,0,7,64,0,13,0,0,7,3,0,0
M.court     ,2022,9,0,0,11,32,2,5,0,0,11,2,28,11,41,66,0,0,0,9,13,0,2,0,0,0,0,0,0,6,0,0,
M.court     ,2022,10,42,32,134,50,7,0,0,0,0,0,0,0,0,0,0,0,0,0,0,0,0,0,0,23,64,0,0,0,0,0,0
M.court     ,2022,11,0,0,0,0,0,0,0,0,0,0,0,0,0,0,0,0,0,0,0,0,0,0,0,0,0,0,0,0,0,0,
M.court     ,2022,12,0,0,0,0,0,0,0,0,0,0,0,0,0,0,0,0,0,0,0,0,0,0,0,0,0,0,0,0,0,0,0
M.court     ,2023,1,0,0,0,0,0,0,0,0,0,0,0,0,0,0,0,0,0,0,0,0,0,0,0,0,0,0,0,0,0,0,0
M.court     ,2023,2,0,0,0,0,0,0,0,0,0,0,0,0,0,0,0,0,0,0,0,0,0,0,0,0,0,0,0,0,,,
M.court     ,2023,3,0,0,0,0,0,0,0,0,0,0,0,0,0,0,0,1,0,0,0,11,2,26,0,8,0,0,3,0,0,38,4
M.court     ,2023,4,6,8,0,0,0,2,0,0,0,0,0,0,0,0,0,0,0,0,0,0,0,1,0,0,0,0,0,2,0,0,
M.court     ,2023,5,0,0,0,4,0,53,0,0,0,0,0,0,0,3,8,8,20,13,7,0,0,14,0,26,27,0,0,3,0,0,0
M.court     ,2023,6,0,0,0,0,0,0,0,0,16,17,62,26,4,0,0,6,0,15,14,11,15,32,3,36,0,10,30,74,3,29,
M.court     ,2023,7,26,0,4,0,3,16,0,13,13,0,14,15,4,9,14,4,2,0,3,0,0,0,0,0,2,0,20,13,0,2,0
M.court     ,2023,8,64,40,4,44,38,55,74,31,12,0,21,0,0,42,1,55,8,3,5,0,7,1,3,0,29,11,28,0,17,0,0
M.court     ,2023,9,3,38,39,0,0,0,6,24,18,0,9,9,2,0,0,0,0,44,28,6,66,58,20,9,13,0,0,36,7,1,
M.court     ,2023,10,4,0,25,44,85,2,3,1,1,0,0,0,0,0,0,0,0,0,0,0,0,0,4,2,3,0,0,0,0,0,0
M.court     ,2023,11,0,0,0,0,0,0,0,0,0,0,0,0,0,0,0,0,28,96,0,0,0,0,0,0,0,0,0,0,0,0,
M.court     ,2023,12,0,0,0,0,0,0,4,18,0,0,0,0,0,0,0,0,0,0,0,0,0,0,0,0,0,0,0,0,0,0,0
M.court     ,2024,1,0,0,0,0,0,0,0,0,0,0,0,0,0,0,0,0,0,0,2,0,0,0,0,0,2,0,0,0,0,0,0
M.court     ,2024,2,0,11,0,0,0,0,0,0,0,0,0,0,0,0,0,0,0,0,0,0,0,0,0,19,0,0,0,0,0,,
M.court     ,2024,3,0,0,0,0,0,0,0,0,0,0,0,0,0,0,11,0,0,0,0,2,0,8,2,2,24,0,0,2,11,0,0
M.court     ,2024,4,18,0,0,0,0,0,0,3,0,0,0,0,0,0,0,0,2,0,0,0,0,0,0,0,0,0,0,0,0,0,
M.court     ,2024,5,0,0,4,0,0,0,90,0,15,0,0,24,4,0,0,0,0,0,0,4,50,0,0,40,0,1,19,104,56,0,0
M.court     ,2024,6,0,0,0,11,6,11,14,0,0,0,0,0,2,66,0,8,0,0,6,65,0,20,18,0,0,2,31,12,16,34,
M.court     ,2024,7,33,109,70,2,45,9,0,0,0,14,0,21,9,0,0,0,0,0,0,3,8,26,57,10,12,0,7,2,2,7,19
M.court     ,2024,8,39,276,69,88,11,8,16,34,59,32,21,53,32,6,3,0,106,31,49,174,25,147,73,10,30,93,65,38,58,0,0
M.court     ,2024,9,0,0,31,0,0,22,10,0,6,6,0,48,14,81,81,9,0,2,46,0,17,20,0,6,22,65,32,8,6,0,
M.court     ,2024,10,17,3,108,10,9,117,1,0,0,12,0,0,0,0,0,0,0,6,0,3,0,0,4,25,12,0,0,0,0,0,0
M.court     ,2024,11,0,0,0,0,0,5,0,0,0,0,0,0,0,0,0,0,0,0,0,0,0,0,0,0,0,0,0,0,0,0,
M.court     ,2024,12,0,0,0,0,0,0,0,0,0,0,0,0,0,0,0,0,0,0,0,0,0,0,0,0,0,0,0,0,0,0,0
Rangamati   ,2022,1,0,0,0,0,0,0,0,0,0,0,0,0,1,0,1,0,0,0,0,0,0,0,0,1,8,0,0,0,0,0,0
Rangamati   ,2022,2,0,0,0,0,5,1,0,0,0,0,0,0,0,0,0,0,0,0,0,0,2,0,0,0,0,0,0,0,,,
Rangamati   ,2022,3,0,0,0,0,0,0,0,0,0,0,0,0,0,0,0,0,0,0,0,0,0,0,0,0,0,0,0,0,0,0,0
Rangamati   ,2022,4,0,0,0,0,0,0,0,0,0,0,0,0,0,0,0,0,0,0,0,0,58,0,4,0,0,0,2,0,0,0,
Rangamati   ,2022,5,0,25,0,9,24,1,0,0,5,25,23,6,0,8,0,16,0,26,23,8,5,38,0,4,4,0,54,1,9,18,0
Rangamati   ,2022,6,0,0,20,13,83,0,0,5,12,1,0,0,0,9,17,4,11,97,67,175,16,0,2,0,1,5,0,2,9,1,
Rangamati   ,2022,7,6,10,8,0,41,22,0,0,4,0,33,1,50,0,2,5,86,2,14,6,18,1,3,25,29,16,0,0,3,0,0
Rangamati   ,2022,8,0,0,55,0,4,5,6,18,6,0,1,1,9,0,0,0,0,0,37,0,0,0,96,5,0,1,17,11,73,0,0
Rangamati   ,2022,9,0,25,0,23,4,12,0,0,0,24,11,13,6,16,4,0,0,1,19,1,0,4,10,17,33,19,0,0,0,1,
Rangamati   ,2022,10,0,4,1,0,33,0,1,0,0,49,0,29,0,1,0,0,4,1,10,0,0,0,0,11,13,0,0,0,0,0,0
Rangamati   ,2022,11,0,0,0,0,0,0,0,0,0,0,0,0,0,0,0,0,0,0,0,0,0,0,0,0,0,0,0,0,0,4,
Rangamati   ,2022,12,0,0,0,0,0,0,0,0,0,0,0,0,0,0,0,0,0,0,0,0,0,0,0,0,0,0,0,4,0,0,0
Rangamati   ,2023,1,0,0,0,0,0,0,0,0,0,0,0,0,0,0,0,0,0,0,0,0,0,0,0,0,0,0,0,0,0,0,0
Rangamati   ,2023,2,0,0,0,0,0,0,0,0,0,0,0,0,0,0,0,0,0,0,0,0,0,0,0,0,0,0,0,0,,,
Rangamati   ,2023,3,0,0,0,0,0,0,0,0,0,0,0,0,0,0,0,0,0,0,0,2,3,14,5,0,0,0,0,0,0,5,18
Rangamati   ,2023,4,0,40,0,0,0,2,0,0,0,0,0,0,0,0,0,0,0,0,0,0,0,20,0,4,0,0,0,0,0,0,
Rangamati   ,2023,5,0,0,0,0,0,0,10,0,0,0,0,0,1,7,12,2,16,9,11,0,0,9,0,0,6,0,1,0,0,0,0
Rangamati   ,2023,6,17,2,0,0,0,14,98,0,4,3,16,16,4,0,2,28,10,53,2,48,0,0,55,4,1,0,1,2,4,27,
Rangamati   ,2023,7,36,0,0,0,4,2,3,0,1,3,18,0,2,22,3,0,4,23,24,8,3,9,1,2,2,0,0,17,6,0,4
Rangamati   ,2023,8,7,2,37,94,77,146,145,68,86,51,5,50,4,7,5,1,101,3,0,0,0,9,23,16,1,99,31,31,0,5,0
Rangamati   ,2023,9,0,5,36,2,0,0,2,40,2,17,44,12,8,0,15,0,0,40,48,0,4,2,5,2,0,0,46,3,19,9,
Rangamati   ,2023,10,3,5,1,4,4,4,4,0,0,0,0,0,0,0,0,0,0,0,0,0,0,0,3,5,17,7,0,0,0,0,0
Rangamati   ,2023,11,0,0,0,0,0,0,0,0,0,0,0,0,0,0,0,0,26,46,0,0,0,0,0,0,0,0,0,0,0,0,
Rangamati   ,2023,12,0,0,0,0,0,0,4,4,3,0,0,0,0,0,0,0,0,0,0,0,0,0,0,0,0,0,0,0,0,0,0
Rangamati   ,2024,1,0,0,0,0,0,0,0,0,0,0,0,0,0,0,0,0,0,0,1,0,0,0,0,0,2,1,0,0,0,0,0
Rangamati   ,2024,2,0,0,0,0,0,0,0,0,0,0,0,0,0,0,0,0,0,0,0,0,0,0,0,1,0,0,0,0,0,,
Rangamati   ,2024,3,0,0,0,0,0,0,0,0,0,0,0,0,0,0,0,2,0,0,0,0,1,5,0,9,0,0,0,0,0,0,0
Rangamati   ,2024,4,22,0,0,0,0,0,0,1,0,0,0,0,0,0,0,0,0,0,0,0,0,0,0,0,0,0,0,0,0,0,
Rangamati   ,2024,5,0,1,66,5,0,60,20,0,10,0,0,1,0,0,0,0,0,0,3,11,0,0,0,3,0,27,26,180,45,1,0
Rangamati   ,2024,6,11,0,0,2,5,0,1,34,34,23,0,1,39,3,0,44,2,5,23,0,2,4,0,0,11,1,51,2,2,27,
Rangamati   ,2024,7,94,105,34,2,21,5,3,5,16,21,16,0,2,6,11,0,7,0,8,1,0,4,20,13,3,0,0,0,0,34,12
Rangamati   ,2024,8,27,84,75,39,11,25,3,1,2,10,8,26,15,0,24,1,66,83,18,56,81,86,97,2,14,2,2,1,8,27,42
Rangamati   ,2024,9,12,9,62,2,2,0,3,1,6,0,0,10,46,14,16,1,3,0,14,15,15,0,1,10,11,5,0,0,20,3,
Rangamati   ,2024,10,40,7,14,0,1,9,0,0,46,0,9,9,0,0,0,0,0,0,0,12,0,0,2,11,1,0,0,0,0,0,0
Rangamati   ,2024,11,0,0,0,0,4,6,2,0,0,0,0,0,0,0,0,0,0,0,0,0,0,0,0,0,0,0,0,0,0,0,
Rangamati   ,2024,12,0,0,0,0,0,0,0,0,0,0,0,0,0,0,0,0,0,0,0,0,0,0,0,0,0,0,0,0,0,0,0
Sandwip     ,2022,1,0,0,0,0,0,0,0,0,0,0,0,0,3,0,0,0,0,0,0,0,0,0,0,2,1,0,0,0,0,0,0
Sandwip     ,2022,2,0,0,0,0,13,0,0,0,0,0,0,0,0,0,0,0,0,0,0,0,5,0,0,0,0,0,0,0,,,
Sandwip     ,2022,3,0,0,0,0,0,0,0,0,0,0,0,0,0,0,0,0,0,0,0,0,0,0,0,0,0,0,0,0,0,0,0
Sandwip     ,2022,4,0,0,0,0,0,0,0,0,0,0,0,0,0,0,0,0,0,0,0,0,49,0,27,0,0,0,0,0,0,0,
Sandwip     ,2022,5,0,0,0,2,40,94,0,0,10,55,17,14,0,0,2,0,0,0,0,4,0,47,22,0,0,7,13,0,5,1,1
Sandwip     ,2022,6,0,0,1,9,0,0,0,0,10,8,0,0,0,1,20,19,69,239,31,123,45,29,2,18,4,0,0,3,13,20,
Sandwip     ,2022,7,44,1,0,1,67,9,1,52,1,0,3,0,0,0,0,0,0,1,6,25,4,19,2,10,37,18,0,0,15,0,0
Sandwip     ,2022,8,0,1,10,1,1,2,1,3,7,1,4,0,1,0,5,1,0,0,2,2,2,2,36,0,3,1,0,17,0,0,0
Sandwip     ,2022,9,11,56,27,8,16,79,1,0,57,2,19,30,33,89,10,1,0,16,24,0,0,35,30,4,1,3,1,7,4,0,
Sandwip     ,2022,10,59,4,1,1,10,0,0,0,0,1,0,0,0,0,0,0,0,1,7,0,0,0,0,28,35,0,0,0,0,0,0
Sandwip     ,2022,11,0,0,0,0,0,0,0,0,0,0,0,0,0,0,0,0,0,0,0,0,0,0,0,0,0,0,0,0,0,0,
Sandwip     ,2022,12,0,0,0,0,0,0,0,0,0,0,0,0,0,0,0,0,0,0,0,0,0,0,0,0,0,0,0,10,1,0,0
Sandwip     ,2023,1,0,0,0,0,0,0,0,0,0,0,0,0,0,0,0,0,0,0,0,0,0,0,0,0,0,0,0,0,0,0,0
Sandwip     ,2023,2,0,0,0,0,0,0,0,0,0,0,0,0,0,0,0,0,0,0,0,0,0,0,0,0,0,0,0,0,,,
Sandwip     ,2023,3,0,0,0,0,0,0,0,0,0,0,0,0,0,0,0,0,0,0,0,10,5,8,9,2,0,0,0,0,0,0,37
Sandwip     ,2023,4,0,12,0,0,0,0,1,0,0,0,0,0,0,0,0,0,0,0,0,0,0,0,0,0,0,0,0,0,1,0,
Sandwip     ,2023,5,0,0,0,0,0,0,0,0,0,0,0,0,0,5,4,20,27,40,16,0,0,0,0,25,56,10,1,1,0,0,0
Sandwip     ,2023,6,0,0,0,0,0,0,0,4,74,2,36,48,1,0,0,42,1,11,4,76,0,25,7,1,2,0,62,73,3,3,
Sandwip     ,2023,7,1,0,0,0,6,7,10,5,0,0,43,0,0,18,4,11,15,1,1,0,0,4,0,1,1,0,4,9,2,3,31
Sandwip     ,2023,8,2,57,61,41,48,128,154,25,35,12,3,20,16,56,16,2,9,4,0,2,0,60,50,5,70,7,106,15,0,2,39
Sandwip     ,2023,9,13,11,88,0,0,0,1,74,114,1,32,11,1,0,4,5,12,48,15,2,33,4,12,0,2,2,44,26,0,3,
Sandwip     ,2023,10,0,23,0,45,45,90,20,0,2,0,0,0,0,0,0,0,0,0,0,0,0,0,2,5,25,2,0,0,0,0,0
Sandwip     ,2023,11,0,0,0,0,0,0,0,0,0,0,0,0,0,0,0,0,48,54,0,0,0,0,0,0,0,0,0,0,0,0,
Sandwip     ,2023,12,0,0,0,0,0,0,1,20,0,0,0,0,0,0,0,0,0,0,0,0,0,0,0,0,0,0,0,0,0,0,0
Sandwip     ,2024,1,0,0,0,0,0,0,0,0,0,0,0,0,0,0,0,0,0,0,2,0,0,0,0,0,3,0,0,0,0,0,0
Sandwip     ,2024,2,0,0,1,0,0,0,0,0,0,0,0,0,0,0,0,0,0,0,0,0,0,0,0,1,0,0,0,0,0,,
Sandwip     ,2024,3,0,0,0,0,0,0,0,0,0,0,0,0,0,0,4,0,0,0,0,0,0,2,0,0,8,0,0,0,31,0,0
Sandwip     ,2024,4,0,0,0,0,0,0,0,15,0,0,0,0,0,0,0,0,0,0,5,0,0,0,0,0,0,0,0,0,0,0,
Sandwip     ,2024,5,0,0,15,0,0,7,70,0,6,0,0,3,0,0,0,0,0,0,12,71,3,0,0,0,0,1,15,176,12,0,4
Sandwip     ,2024,6,0,0,0,199,33,0,0,31,1,2,4,0,1,28,0,2,2,0,99,8,2,14,0,0,8,1,2,0,25,70,
Sandwip     ,2024,7,17,56,29,72,26,14,0,0,4,9,21,219,12,0,0,0,0,0,0,2,0,49,91,51,13,0,7,1,0,15,7
Sandwip     ,2024,8,135,136,16,160,28,9,20,23,5,32,219,2,3,0,3,0,189,69,59,68,129,50,84,0,23,97,8,32,8,5,0
Sandwip     ,2024,9,0,0,8,0,0,58,96,0,2,22,9,11,57,152,27,17,0,0,54,0,13,4,0,0,2,16,0,0,0,0,
Sandwip     ,2024,10,0,23,92,15,1,0,0,0,6,12,6,8,0,0,0,0,0,3,0,78,0,0,1,22,10,0,0,0,0,0,0
Sandwip     ,2024,11,0,5,0,0,0,4,0,0,0,0,0,0,0,0,0,0,0,0,0,0,0,0,0,0,0,0,0,0,0,0,
Sandwip     ,2024,12,0,0,0,0,0,0,0,0,0,0,0,0,0,0,0,0,0,0,0,0,0,1,0,0,0,0,0,0,0,0,0
Ambagan(Ctg),2022,1,0,0,0,0,0,0,0,0,0,0,0,0,0,0,0,0,0,0,0,0,0,0,0,1,4,0,0,0,0,0,0
Ambagan(Ctg),2022,2,0,0,0,0,10,0,0,0,0,0,0,0,0,0,0,0,0,0,0,0,5,0,0,0,0,0,0,0,,,
Ambagan(Ctg),2022,3,0,0,0,0,0,0,0,0,0,0,0,0,0,0,0,0,0,0,0,0,0,0,0,0,0,0,0,0,0,0,0
Ambagan(Ctg),2022,4,0,0,0,0,0,0,0,0,0,0,0,0,0,0,0,0,0,0,0,2,31,0,1,0,0,0,0,0,0,0,
Ambagan(Ctg),2022,5,11,10,0,11,53,20,0,0,7,33,0,13,1,2,4,3,12,22,2,33,7,38,0,2,14,0,38,12,0,6,1
Ambagan(Ctg),2022,6,0,2,7,18,0,0,0,0,0,7,0,0,0,19,23,6,47,188,42,291,33,19,0,0,1,0,0,8,4,2,
Ambagan(Ctg),2022,7,0,0,1,0,4,7,0,0,1,0,0,0,0,0,11,0,0,0,1,107,48,0,5,25,30,5,0,0,8,0,18
Ambagan(Ctg),2022,8,18,13,6,2,5,19,5,11,8,0,1,3,1,0,1,4,0,0,0,0,3,9,5,0,0,0,0,33,5,0,0
Ambagan(Ctg),2022,9,37,42,21,53,58,8,0,41,65,0,15,6,4,89,7,20,1,1,22,0,0,0,0,10,9,3,0,4,4,0,
Ambagan(Ctg),2022,10,40,12,3,2,18,0,2,0,0,6,0,25,3,2,0,0,0,28,0,0,0,0,0,27,17,0,0,0,0,0,0
Ambagan(Ctg),2022,11,0,0,0,0,0,0,0,0,0,0,0,0,0,0,0,0,0,0,0,0,0,0,0,0,0,0,0,0,0,0,
Ambagan(Ctg),2022,12,0,0,0,0,0,0,0,0,0,0,0,0,0,0,0,0,0,0,0,0,0,0,0,0,0,0,0,4,0,0,0
Ambagan(Ctg),2023,1,0,0,0,0,0,0,0,0,0,0,0,0,0,0,0,0,0,0,0,0,0,0,0,0,0,0,0,0,0,0,0
Ambagan(Ctg),2023,2,1,0,0,0,0,0,0,0,0,0,0,0,0,0,0,0,0,0,0,0,0,0,0,0,0,0,0,0,,,
Ambagan(Ctg),2023,3,0,0,0,0,0,0,0,0,0,0,0,0,0,0,0,0,0,0,0,6,7,11,3,0,0,0,0,0,0,15,0
Ambagan(Ctg),2023,4,0,38,11,0,0,0,0,0,0,0,0,0,0,0,0,0,0,0,0,0,3,5,0,0,0,0,0,0,0,0,
Ambagan(Ctg),2023,5,0,0,0,0,0,0,0,0,0,0,0,0,0,7,10,52,36,13,13,0,0,17,0,5,32,22,3,0,0,0,0
Ambagan(Ctg),2023,6,50,0,0,0,2,0,9,25,3,34,66,16,1,0,0,21,1,47,0,7,0,1,1,6,0,0,10,20,0,42,
Ambagan(Ctg),2023,7,7,0,0,0,10,6,3,5,0,13,12,3,0,5,5,0,0,1,2,0,0,0,0,0,1,0,7,8,3,1,41
Ambagan(Ctg),2023,8,12,6,75,68,64,130,294,37,51,8,5,0,5,5,5,7,8,3,0,0,0,1,35,9,24,31,131,96,0,9,1
Ambagan(Ctg),2023,9,0,6,9,2,0,12,7,2,18,2,9,8,0,0,1,0,0,69,3,0,4,0,0,0,0,0,4,20,1,14,
Ambagan(Ctg),2023,10,2,3,7,8,10,32,3,0,0,0,0,0,0,0,0,0,0,0,0,0,0,0,3,13,39,4,0,0,0,0,0
Ambagan(Ctg),2023,11,0,0,0,0,0,0,0,0,0,0,0,0,0,0,0,0,45,38,0,0,0,0,0,0,0,0,0,0,0,0,
Ambagan(Ctg),2023,12,0,0,0,0,0,0,1,4,3,0,0,0,0,0,0,0,0,0,0,0,0,0,0,0,0,0,0,0,0,0,0
Ambagan(Ctg),2024,1,0,0,0,0,0,0,0,0,0,0,0,0,0,0,0,0,0,0,1,0,0,0,0,0,5,0,0,0,0,0,0
Ambagan(Ctg),2024,2,0,0,1,0,0,0,0,0,0,0,0,0,0,0,0,0,0,0,0,0,0,0,0,0,0,0,0,0,0,,
Ambagan(Ctg),2024,3,0,0,0,0,0,0,0,0,0,0,0,0,0,0,0,2,0,0,0,0,1,4,0,0,6,0,0,0,4,0,0
Ambagan(Ctg),2024,4,0,0,0,0,0,0,0,0,0,0,0,0,0,0,0,0,0,0,23,0,0,0,0,0,0,0,0,0,0,0,
Ambagan(Ctg),2024,5,0,0,47,40,0,23,73,0,3,0,0,0,0,0,0,0,0,0,0,6,0,0,0,0,0,25,71,214,30,0,18
Ambagan(Ctg),2024,6,8,0,15,2,8,0,4,0,2,2,0,0,17,21,0,0,0,0,41,3,19,1,0,6,0,0,5,1,2,34,
Ambagan(Ctg),2024,7,92,71,61,11,36,20,0,11,15,30,12,18,0,0,3,0,2,0,0,0,8,21,66,26,6,0,1,0,0,50,32
Ambagan(Ctg),2024,8,45,139,57,74,6,0,1,6,4,11,22,60,10,2,0,0,102,39,101,44,76,69,143,0,15,33,7,1,18,9,0
Ambagan(Ctg),2024,9,0,18,11,0,0,86,1,2,0,0,0,13,25,115,25,8,0,0,17,0,9,0,1,3,3,15,0,0,0,9,
Ambagan(Ctg),2024,10,7,0,46,1,0,0,1,8,0,0,4,0,0,0,0,0,0,0,0,3,0,0,0,4,5,0,0,0,0,0,0
Ambagan(Ctg),2024,11,0,0,0,0,0,0,0,0,0,0,1,0,0,0,0,0,0,0,0,0,0,0,0,0,0,0,0,0,0,0,
Ambagan(Ctg),2024,12,0,0,0,0,0,0,0,0,0,0,0,0,0,0,0,0,0,0,0,0,0,1,0,0,0,0,0,0,0,0,0
Sitakunda   ,2022,1,0,0,0,0,0,0,0,0,0,0,0,0,3,0,0,0,0,0,0,0,0,0,0,0,5,0,0,0,0,0,0
Sitakunda   ,2022,2,0,0,0,0,18,0,0,0,0,0,0,0,0,0,0,0,0,0,0,0,0,0,0,0,0,0,0,0,,,
Sitakunda   ,2022,3,0,0,0,0,0,0,0,0,0,0,0,0,0,0,0,0,0,0,0,0,0,0,0,0,0,0,0,6,0,0,0
Sitakunda   ,2022,4,0,0,0,0,0,0,0,0,0,0,0,0,0,0,0,0,0,0,0,0,72,0,3,0,0,0,0,0,0,0,
Sitakunda   ,2022,5,4,0,0,0,41,22,0,0,76,84,15,29,0,2,0,0,0,10,8,20,0,63,33,0,5,17,8,0,0,30,0
Sitakunda   ,2022,6,0,2,0,2,3,4,0,0,0,12,0,0,0,44,66,2,41,188,75,185,38,27,0,0,3,0,0,16,0,15,
Sitakunda   ,2022,7,8,0,3,6,65,3,0,0,0,0,0,0,0,0,0,0,0,0,55,37,9,0,0,4,9,6,0,0,0,0,0
Sitakunda   ,2022,8,0,0,45,0,0,7,0,5,0,0,0,0,3,0,3,0,3,0,4,2,2,12,21,7,0,0,5,4,0,0,0
Sitakunda   ,2022,9,8,8,119,15,12,4,0,6,42,0,17,22,43,97,2,0,0,87,6,0,0,0,0,0,0,5,8,0,5,0,
Sitakunda   ,2022,10,0,0,9,0,12,0,0,0,0,0,14,11,4,0,0,0,0,0,13,0,0,0,0,50,30,0,0,0,0,0,0
Sitakunda   ,2022,11,0,0,0,0,0,0,0,0,0,0,0,0,0,0,0,0,0,0,0,0,0,0,0,0,0,0,0,0,0,0,
Sitakunda   ,2022,12,0,0,0,0,0,0,0,0,0,0,0,0,0,0,0,0,0,0,0,0,0,0,0,0,0,0,0,50,0,0,0
Sitakunda   ,2023,1,0,0,0,0,0,0,0,0,0,0,0,0,0,0,0,0,0,0,0,0,0,0,0,0,0,0,0,0,0,0,0
Sitakunda   ,2023,2,0,0,0,0,0,0,0,0,0,0,0,0,0,0,0,0,0,0,0,0,0,0,0,0,0,0,0,0,,,
Sitakunda   ,2023,3,0,0,0,0,0,0,0,0,0,0,0,0,0,0,0,0,0,0,0,7,35,36,39,3,0,0,0,4,0,8,0
Sitakunda   ,2023,4,0,43,0,0,0,42,0,0,0,0,0,0,0,0,0,0,0,0,0,0,0,0,0,0,0,0,0,0,0,0,
Sitakunda   ,2023,5,0,0,0,0,0,0,0,0,0,0,0,0,0,9,3,3,8,30,25,0,0,0,0,12,45,0,4,0,0,0,0
Sitakunda   ,2023,6,0,0,0,0,0,0,0,0,6,20,23,117,4,0,0,38,0,126,35,38,0,0,5,8,0,0,18,35,0,0,
Sitakunda   ,2023,7,12,0,0,0,5,8,0,5,5,20,60,0,0,12,0,0,0,0,0,0,0,0,0,0,0,0,2,43,15,0,5
Sitakunda   ,2023,8,32,4,156,76,141,134,129,53,61,8,8,0,8,34,0,0,21,0,0,0,0,10,15,26,125,36,142,28,0,2,0
Sitakunda   ,2023,9,8,3,50,0,0,0,0,15,21,4,43,50,0,0,3,0,0,74,0,2,17,0,2,0,0,0,5,2,18,5,
Sitakunda   ,2023,10,2,0,0,18,15,50,9,0,0,0,0,0,0,0,0,0,0,0,0,0,0,0,2,4,0,0,0,0,0,0,0
Sitakunda   ,2023,11,0,0,0,0,0,0,0,0,0,0,0,0,0,0,0,0,12,0,0,0,0,0,0,0,0,0,0,0,0,0,
Sitakunda   ,2023,12,0,0,0,0,0,0,0,0,0,0,0,0,0,0,0,0,0,0,0,0,0,0,0,0,0,0,0,0,0,0,0
Sitakunda   ,2024,1,0,0,0,0,0,0,0,0,0,0,0,0,0,0,0,0,0,0,0,0,0,0,0,0,2,0,0,0,0,0,0
Sitakunda   ,2024,2,0,0,0,0,0,0,0,0,0,0,0,0,0,0,0,0,0,0,0,0,0,0,0,0,0,0,0,0,0,,
Sitakunda   ,2024,3,0,0,0,0,0,0,0,0,0,0,0,0,0,0,0,0,0,0,0,0,0,0,0,0,10,0,0,0,0,0,0
Sitakunda   ,2024,4,0,0,0,0,0,0,0,22,0,0,0,0,0,0,0,0,0,0,19,0,0,0,0,0,0,0,0,0,0,0,
Sitakunda   ,2024,5,0,0,13,9,6,7,64,0,3,0,0,0,0,0,0,0,0,0,3,7,0,0,0,12,0,22,20,130,4,0,0
Sitakunda   ,2024,6,13,0,0,69,8,6,0,13,0,3,0,0,5,15,0,42,0,0,63,7,2,0,0,15,7,0,5,0,6,64,
Sitakunda   ,2024,7,25,103,76,25,30,28,0,0,3,0,64,102,0,0,0,0,0,0,0,0,0,33,128,51,0,0,0,0,0,64,10
Sitakunda   ,2024,8,96,99,42,166,37,2,0,11,4,13,217,10,11,0,0,0,125,108,106,77,193,57,90,0,14,23,8,0,5,0,3
Sitakunda   ,2024,9,0,0,10,5,4,5,0,0,7,3,2,15,15,83,16,12,5,0,32,0,0,0,0,6,0,9,0,0,0,0,
Sitakunda   ,2024,10,2,3,51,24,0,0,0,0,0,0,0,0,0,0,0,0,0,0,0,19,0,0,23,6,4,0,0,0,0,0,0
Sitakunda   ,2024,11,0,0,0,0,0,1,0,0,0,0,0,0,0,0,0,0,0,0,0,0,0,0,0,0,0,0,0,0,0,0,
Sitakunda   ,2024,12,0,0,0,0,0,0,0,0,0,0,0,0,0,0,0,0,0,0,0,0,0,0,0,0,0,0,0,0,0,0,0
Gopalgonj   ,2022,1,0,0,0,0,0,0,0,0,0,0,0,0,0,0,0,1,0,0,0,0,0,0,0,6,0,0,4,0,0,0,0
Gopalgonj   ,2022,2,0,0,0,0,60,0,0,0,0,0,0,0,0,0,0,0,0,0,0,0,4,0,0,0,0,0,0,9,,,
Gopalgonj   ,2022,3,0,0,0,0,0,0,0,0,0,0,0,0,0,0,0,0,0,0,0,0,0,0,0,0,0,0,0,0,0,0,0
Gopalgonj   ,2022,4,0,0,0,0,0,0,0,0,0,0,0,0,0,0,0,0,0,0,0,0,0,0,12,0,0,0,0,0,0,0,
Gopalgonj   ,2022,5,32,21,0,19,0,0,0,0,0,29,8,3,3,5,0,0,0,0,0,0,0,18,0,0,0,36,18,18,0,0,0
Gopalgonj   ,2022,6,12,0,0,0,0,0,21,0,0,43,0,0,0,0,0,23,7,9,20,7,45,0,0,0,0,4,0,1,5,2,
Gopalgonj   ,2022,7,34,0,4,12,0,1,0,0,0,7,7,3,0,0,0,3,5,24,1,2,1,15,0,12,1,33,0,0,0,0,4
Gopalgonj   ,2022,8,1,1,0,6,0,0,0,4,0,16,12,8,0,4,22,2,0,0,41,17,3,0,30,2,3,0,0,0,1,0,0
Gopalgonj   ,2022,9,0,0,5,8,8,0,0,12,2,0,3,48,6,58,29,5,0,0,0,2,1,0,1,1,0,0,0,16,0,1,
Gopalgonj   ,2022,10,0,0,21,39,21,0,2,0,0,0,0,0,2,0,0,0,0,0,0,0,0,0,0,14,188,0,0,0,0,0,0
Gopalgonj   ,2022,11,0,0,0,0,0,0,0,0,0,0,0,0,0,0,0,0,0,0,0,0,0,0,0,0,0,0,0,0,0,0,
Gopalgonj   ,2022,12,0,0,0,0,0,0,0,0,0,0,0,0,0,0,0,0,0,0,0,0,0,0,0,0,0,0,0,5,0,0,0
Gopalgonj   ,2023,1,0,0,0,0,0,0,0,0,0,0,0,0,0,0,0,0,0,0,0,0,0,0,0,0,0,0,0,0,0,0,0
Gopalgonj   ,2023,2,0,0,0,0,0,0,0,0,0,0,0,0,0,0,0,0,0,0,0,0,0,0,0,0,0,0,0,0,,,
Gopalgonj   ,2023,3,0,0,0,0,0,0,0,0,0,0,0,0,0,0,0,0,3,0,1,31,0,5,0,0,0,0,22,0,0,27,0
Gopalgonj   ,2023,4,28,0,0,0,0,0,0,0,0,0,0,0,0,0,0,0,0,0,0,0,0,0,0,0,0,0,0,7,1,1,
Gopalgonj   ,2023,5,0,7,0,3,0,0,0,0,0,12,0,0,0,0,0,10,5,9,40,0,0,0,0,46,0,0,4,2,0,0,0
Gopalgonj   ,2023,6,0,0,0,0,0,0,0,0,3,31,0,0,3,41,8,0,0,7,3,0,34,6,1,5,1,0,8,48,79,10,
Gopalgonj   ,2023,7,12,15,5,0,0,3,22,24,3,0,11,0,0,0,0,1,7,2,1,9,4,28,0,1,3,8,18,16,0,1,0
Gopalgonj   ,2023,8,40,33,6,7,11,12,8,19,2,0,4,1,10,53,4,0,0,0,1,1,5,0,0,14,11,69,35,2,0,0,0
Gopalgonj   ,2023,9,0,0,3,10,0,0,7,42,1,0,0,0,20,4,4,1,0,6,27,36,7,2,4,16,0,0,0,0,0,1,
Gopalgonj   ,2023,10,11,9,4,5,16,34,0,0,0,1,0,0,0,0,0,0,0,0,0,0,0,0,0,0,0,0,0,0,0,0,0
Gopalgonj   ,2023,11,0,0,0,0,0,0,0,0,0,0,0,0,0,0,0,0,15,49,0,0,0,0,0,0,0,0,0,0,0,0,
Gopalgonj   ,2023,12,0,0,0,0,0,0,0,48,0,0,0,0,0,0,0,0,0,0,0,0,0,0,0,0,0,0,0,0,0,0,0
Gopalgonj   ,2024,1,0,0,0,0,0,0,0,0,0,0,0,0,0,0,0,0,0,0,12,0,0,0,0,0,1,0,0,0,0,0,1
Gopalgonj   ,2024,2,17,0,0,0,0,0,0,0,0,0,0,0,0,0,0,0,0,0,0,0,0,0,6,0,0,0,0,0,0,,
Gopalgonj   ,2024,3,0,0,0,0,0,0,0,0,0,0,0,0,0,0,0,0,1,0,0,1,1,7,0,0,0,0,0,5,0,0,0
Gopalgonj   ,2024,4,3,0,0,0,0,0,0,4,0,0,0,0,0,0,0,0,0,0,0,0,0,0,0,0,0,0,0,0,0,0,
Gopalgonj   ,2024,5,0,0,0,0,0,0,63,18,1,1,0,69,7,0,0,0,0,0,0,15,0,0,0,0,0,0,44,167,0,0,2
Gopalgonj   ,2024,6,0,0,0,0,0,0,0,0,0,0,0,0,0,0,0,0,0,0,0,2,53,3,0,0,0,0,0,8,8,11,
Gopalgonj   ,2024,7,17,1,51,20,10,0,1,6,0,0,0,73,4,0,7,1,3,0,0,1,7,19,11,25,6,0,24,4,2,7,0
Gopalgonj   ,2024,8,38,37,57,14,0,15,29,2,26,2,11,0,11,21,1,0,0,10,14,2,8,3,62,1,13,91,2,1,0,0,0
Gopalgonj   ,2024,9,1,0,0,8,0,0,0,5,0,0,2,0,12,96,133,65,5,0,0,0,25,4,0,0,5,51,43,18,0,0,
Gopalgonj   ,2024,10,2,0,2,37,23,6,10,0,6,8,0,0,0,0,0,0,3,1,2,4,0,0,0,9,21,0,0,0,0,0,0
Gopalgonj   ,2024,11,10,0,0,0,0,0,0,0,0,0,0,0,0,0,0,0,0,0,0,0,0,0,0,0,0,0,0,0,0,0,
Gopalgonj   ,2024,12,4,0,0,0,0,0,0,0,0,0,0,0,0,0,0,0,0,0,0,0,0,2,0,0,0,0,0,0,0,0,0
Tarash      ,2022,1,0,0,0,0,0,0,0,0,0,0,0,1,2,0,0,0,0,0,0,0,0,0,0,1,0,0,0,0,0,0,0
Tarash      ,2022,2,0,0,0,17,23,0,0,0,0,0,2,0,0,0,0,0,0,0,0,0,0,0,0,0,1,0,0,0,,,
Tarash      ,2022,3,0,0,0,0,0,0,0,0,0,0,0,0,0,0,0,0,0,0,0,0,0,0,0,0,0,0,0,0,0,0,0
Tarash      ,2022,4,0,0,0,12,0,0,0,0,0,0,0,0,0,0,0,0,0,0,0,30,2,0,17,0,0,0,0,5,0,0,
Tarash      ,2022,5,0,8,0,38,0,0,73,9,0,14,59,3,0,4,0,0,25,5,0,11,40,0,0,7,0,8,0,0,17,0,0
Tarash      ,2022,6,16,0,0,0,0,0,17,1,0,25,0,0,0,0,0,0,0,64,0,5,0,0,0,0,0,0,0,3,0,0,
Tarash      ,2022,7,0,26,0,0,0,0,5,0,0,0,0,0,0,0,0,0,0,1,7,2,0,0,0,15,5,8,6,0,4,3,4
Tarash      ,2022,8,38,56,0,13,0,0,26,0,0,2,1,0,0,0,5,1,0,0,0,2,2,0,38,10,1,0,0,0,0,40,0
Tarash      ,2022,9,2,22,63,26,48,56,4,0,0,2,4,10,62,59,30,9,0,0,9,0,0,0,0,0,0,0,0,1,0,41,
Tarash      ,2022,10,0,0,2,34,0,0,11,0,0,0,0,9,0,0,0,0,0,0,0,0,0,0,0,0,50,0,0,0,0,0,0
Tarash      ,2022,11,0,0,0,0,0,0,0,0,0,0,0,0,0,0,0,0,0,0,0,0,0,0,0,0,0,0,0,0,0,0,
Tarash      ,2022,12,0,0,0,0,0,0,0,0,0,0,0,0,0,0,0,0,0,0,0,0,0,0,0,0,0,0,1,0,0,0,0
Tarash      ,2023,1,0,0,0,0,0,0,0,0,0,0,0,0,0,0,0,0,0,0,0,0,0,0,0,0,0,0,0,0,0,0,0
Tarash      ,2023,2,0,0,0,0,0,0,0,0,0,0,0,0,0,0,0,0,0,0,0,0,0,0,0,0,0,0,0,0,,,
Tarash      ,2023,3,0,0,0,0,0,0,0,0,0,0,0,0,0,0,0,0,1,1,10,31,17,0,0,0,0,0,10,0,0,0,26
Tarash      ,2023,4,8,0,0,0,0,0,0,0,0,0,0,0,0,0,0,0,0,0,0,0,0,0,0,0,3,0,0,2,0,1,
Tarash      ,2023,5,27,0,0,0,35,0,0,0,0,0,0,0,0,0,0,0,0,49,0,0,0,73,0,29,0,7,0,7,0,0,0
Tarash      ,2023,6,0,0,0,0,0,0,0,0,0,0,0,15,31,0,0,1,0,19,17,0,0,53,5,0,5,1,5,9,3,38,
Tarash      ,2023,7,34,45,113,38,0,0,0,0,2,5,0,2,10,0,15,0,2,0,0,0,0,0,0,0,0,0,1,0,0,0,0
Tarash      ,2023,8,2,1,10,7,4,0,4,127,50,15,0,10,33,6,12,0,0,13,0,0,0,0,60,2,9,13,0,0,0,0,0
Tarash      ,2023,9,0,0,1,18,0,0,8,32,11,0,0,0,2,1,0,0,0,0,0,5,2,6,20,8,7,1,3,11,0,4,
Tarash      ,2023,10,36,3,5,20,23,82,2,0,0,0,0,0,0,0,0,0,0,0,0,0,0,0,0,3,12,0,0,0,0,0,0
Tarash      ,2023,11,0,0,0,0,0,0,0,0,0,0,0,0,0,0,0,0,1,0,0,0,0,0,0,0,0,0,0,0,0,0,
Tarash      ,2023,12,0,0,0,0,0,0,3,30,0,0,0,0,0,0,0,0,0,0,0,0,0,0,0,0,0,0,0,0,0,0,0
Tarash      ,2024,1,0,0,0,0,0,0,0,0,0,0,0,0,0,0,0,0,0,0,0,0,0,0,0,0,0,0,0,0,0,0,0
Tarash      ,2024,2,0,0,0,0,0,0,0,0,0,0,0,0,0,0,0,0,0,0,0,0,0,0,8,0,6,3,0,0,0,,
Tarash      ,2024,3,0,0,0,0,0,0,0,0,0,0,0,0,0,0,0,0,0,0,0,4,11,0,0,0,0,7,0,0,0,0,6
Tarash      ,2024,4,0,0,0,0,0,0,0,1,0,0,0,0,0,0,0,0,0,0,0,0,0,0,0,0,0,0,0,0,0,0,
Tarash      ,2024,5,0,0,0,0,0,0,0,18,1,0,0,5,0,0,0,0,0,0,0,0,0,12,17,0,0,0,2,88,0,0,0
Tarash      ,2024,6,0,0,0,29,4,25,7,5,0,0,22,0,0,8,1,0,0,0,0,0,2,0,1,1,0,0,4,4,23,10,
Tarash      ,2024,7,17,76,5,18,14,35,0,0,0,0,0,45,1,8,0,0,0,0,0,0,4,9,6,2,0,0,0,0,0,0,1
Tarash      ,2024,8,11,88,67,49,2,26,1,0,6,0,5,17,0,1,2,0,0,13,6,1,18,8,59,0,8,3,4,0,0,0,0
Tarash      ,2024,9,0,0,2,27,0,8,0,0,2,0,0,9,0,2,12,72,9,0,0,0,0,21,0,26,0,45,23,8,5,2,
Tarash      ,2024,10,3,0,49,23,12,33,38,1,1,2,0,0,0,0,0,0,0,28,13,0,0,0,0,17,8,14,13,0,0,0,7
Tarash      ,2024,11,0,0,0,0,0,0,0,0,0,0,0,0,0,0,0,0,0,0,0,0,0,0,0,0,0,0,0,0,0,0,
Tarash      ,2024,12,0,0,0,0,0,0,0,0,0,1,0,0,0,0,0,0,0,0,0,0,0,0,0,0,0,0,0,0,0,0,0
Natrakona   ,2022,1,0,0,0,0,0,0,0,0,0,0,0,7,3,0,0,0,0,0,0,0,0,0,0,0,0,0,0,0,0,0,0
Natrakona   ,2022,2,0,0,0,0,9,0,0,0,0,0,0,0,0,0,0,0,0,0,0,0,0,0,0,0,8,0,0,0,,,
Natrakona   ,2022,3,0,0,0,0,0,0,0,0,0,0,0,0,0,0,0,0,0,0,0,0,0,0,0,0,0,0,0,0,0,2,0
Natrakona   ,2022,4,16,0,6,4,0,0,0,0,0,0,14,2,1,0,0,0,0,0,18,8,9,0,36,0,2,0,23,0,0,10,
Natrakona   ,2022,5,12,0,7,29,0,0,4,0,2,4,17,36,8,25,5,0,3,18,49,49,32,15,21,0,0,0,0,14,1,3,0
Natrakona   ,2022,6,0,0,0,5,54,2,16,10,2,77,25,74,8,38,0,1,65,206,32,62,25,0,52,6,12,0,15,1,42,38,
Natrakona   ,2022,7,15,3,0,0,3,44,3,0,0,0,9,11,18,3,16,0,0,1,2,0,14,5,2,71,10,5,1,0,0,0,1
Natrakona   ,2022,8,69,57,0,29,11,80,40,8,4,2,0,0,0,1,1,1,0,0,0,0,0,3,64,11,0,0,0,0,15,2,0
Natrakona   ,2022,9,1,19,19,35,1,8,0,0,0,0,98,40,18,57,6,35,0,0,5,5,1,0,0,2,4,0,0,0,0,2,
Natrakona   ,2022,10,0,14,27,16,0,0,3,0,1,0,5,17,2,2,0,0,0,0,0,0,0,0,0,1,118,1,0,0,0,0,0
Natrakona   ,2022,11,0,0,0,0,0,0,0,0,0,0,0,0,0,0,0,0,0,0,0,0,0,0,0,0,0,0,0,0,0,0,
Natrakona   ,2022,12,0,0,0,0,0,0,0,0,0,0,0,0,0,0,0,0,0,0,0,0,0,0,0,0,0,3,0,0,0,0,0
Natrakona   ,2023,1,0,0,0,0,0,0,0,0,0,0,0,0,0,0,0,0,0,0,0,0,0,0,0,0,0,0,0,0,0,0,0
Natrakona   ,2023,2,0,0,0,0,0,0,0,0,0,0,0,0,0,0,0,0,0,0,0,0,0,0,19,0,0,0,0,0,,,
Natrakona   ,2023,3,0,0,0,0,0,0,0,0,0,0,0,0,0,0,2,4,0,1,40,50,7,1,1,0,0,0,1,0,3,24,0
Natrakona   ,2023,4,0,5,7,0,0,0,0,0,0,0,0,0,0,0,0,0,0,0,0,0,43,0,0,0,0,0,0,1,0,0,
Natrakona   ,2023,5,29,0,0,0,0,13,0,0,0,0,0,4,0,0,0,0,0,0,89,6,31,0,67,0,4,0,30,0,1,0,0
Natrakona   ,2023,6,0,0,0,0,60,0,0,0,0,2,0,1,1,1,0,10,88,18,8,21,45,0,2,11,0,0,0,48,33,102,
Natrakona   ,2023,7,39,90,124,106,0,0,0,39,13,8,2,20,48,1,11,1,8,0,0,0,0,0,40,15,1,0,3,29,0,1,1
Natrakona   ,2023,8,0,0,0,0,17,16,82,72,10,9,0,4,14,26,40,5,15,0,34,0,0,10,2,0,1,109,32,4,2,0,0
Natrakona   ,2023,9,0,0,6,14,12,1,0,64,30,11,0,0,0,7,4,0,0,0,1,11,9,27,157,15,35,7,0,0,0,0,
Natrakona   ,2023,10,0,2,22,52,25,41,316,62,0,2,13,0,18,0,0,0,0,0,0,0,0,0,0,0,0,11,0,0,0,0,0
Natrakona   ,2023,11,0,0,0,0,0,0,0,0,0,0,0,0,0,0,0,0,0,7,2,0,0,0,0,0,0,0,0,0,0,0,
Natrakona   ,2023,12,0,0,0,0,0,0,0,1,22,2,0,0,0,0,0,0,0,0,0,0,0,0,0,0,0,0,0,0,0,0,0
Natrakona   ,2024,1,0,0,0,0,0,0,0,0,0,0,0,0,0,0,0,0,0,0,0,0,0,0,0,0,0,0,0,0,0,0,0
Natrakona   ,2024,2,0,0,0,0,0,0,0,0,0,0,0,0,0,0,0,0,0,0,0,0,11,0,10,0,1,2,0,0,0,,
Natrakona   ,2024,3,0,0,0,0,0,0,0,0,0,0,0,0,0,0,0,0,12,0,0,1,4,0,0,13,0,0,1,0,0,0,0
Natrakona   ,2024,4,2,0,0,0,1,0,0,0,0,0,0,0,0,0,0,0,0,0,0,0,0,0,0,0,0,0,0,0,0,0,
Natrakona   ,2024,5,0,0,0,0,67,4,7,0,0,0,4,1,0,0,9,0,0,1,5,0,1,0,0,0,0,3,2,136,2,35,13
Natrakona   ,2024,6,0,0,21,7,1,0,43,2,52,28,4,0,3,54,5,32,0,0,99,53,59,54,41,0,35,21,4,50,12,9,
Natrakona   ,2024,7,59,215,42,3,1,1,12,0,23,22,6,75,1,28,1,4,0,0,0,6,23,5,8,8,0,0,0,3,0,12,70
Natrakona   ,2024,8,19,28,48,20,0,24,4,4,2,3,6,57,3,2,2,0,0,0,2,28,63,9,10,0,5,4,0,1,0,0,0
Natrakona   ,2024,9,5,3,8,8,0,0,4,50,0,0,0,0,0,1,0,1,0,0,0,0,0,27,0,1,18,32,27,4,37,3,
Natrakona   ,2024,10,0,0,1,45,160,14,0,0,50,0,15,8,2,0,0,0,0,11,0,0,0,0,0,6,1,0,0,0,0,0,0
Natrakona   ,2024,11,0,0,0,0,0,7,0,0,0,0,0,0,0,0,0,0,0,0,0,0,0,0,0,0,0,0,0,0,0,0,
Natrakona   ,2024,12,0,0,0,0,0,0,0,0,0,0,0,0,0,0,0,0,0,0,0,0,0,0,0,0,0,0,0,0,0,0,0
Rajarhat    ,2022,1,0,0,0,0,0,0,0,0,0,0,0,0,8,0,0,0,0,0,0,0,0,0,0,0,0,0,0,0,0,0,0
Rajarhat    ,2022,2,0,0,0,0,50,0,0,0,0,0,0,0,0,0,0,0,0,0,0,0,0,10,0,0,13,5,0,0,,,
Rajarhat    ,2022,3,0,0,0,0,0,0,0,0,0,0,0,0,0,0,0,0,0,0,0,0,0,3,0,0,0,0,0,0,0,0,8
Rajarhat    ,2022,4,28,34,86,39,1,0,7,26,0,4,26,0,97,15,0,0,0,7,39,32,10,0,13,0,0,0,10,0,0,24,
Rajarhat    ,2022,5,2,18,4,0,0,0,0,0,0,25,0,1,51,90,68,68,25,3,63,41,18,41,0,0,0,0,0,16,0,0,0
Rajarhat    ,2022,6,2,0,0,5,25,113,8,38,10,31,150,73,27,40,17,5,86,16,5,30,0,33,0,0,0,0,0,1,11,15,
Rajarhat    ,2022,7,0,0,0,0,0,0,0,0,0,0,0,1,0,0,0,0,0,0,0,0,0,0,0,29,0,0,17,0,1,0,90
Rajarhat    ,2022,8,30,1,0,0,0,22,14,10,11,0,0,0,0,19,0,0,0,0,69,0,0,0,1,24,2,0,0,58,30,49,33
Rajarhat    ,2022,9,120,11,2,17,0,3,0,0,0,0,6,4,3,28,7,5,0,0,0,1,0,0,0,40,1,6,0,12,0,1,
Rajarhat    ,2022,10,0,0,0,1,0,7,2,0,38,5,0,0,45,0,0,0,0,0,0,0,0,0,0,0,24,4,0,0,0,0,0
Rajarhat    ,2022,11,0,0,0,0,0,0,0,0,0,0,0,0,0,0,0,0,0,0,0,0,0,0,0,0,0,0,0,0,0,0,
Rajarhat    ,2022,12,0,0,0,0,0,0,0,0,0,0,0,0,0,0,0,0,0,0,0,0,0,0,0,0,0,0,0,0,0,0,0
Rajarhat    ,2023,1,0,0,0,0,0,0,0,0,0,0,0,0,0,0,0,0,0,0,0,0,0,0,0,0,0,0,0,0,0,0,0
Rajarhat    ,2023,2,0,0,0,0,0,0,0,0,0,0,0,0,0,0,0,0,0,0,0,0,0,0,0,0,0,0,0,0,,,
Rajarhat    ,2023,3,0,0,0,0,0,0,0,0,0,0,0,0,0,0,0,5,0,0,6,27,31,0,1,0,0,0,0,0,0,0,0
Rajarhat    ,2023,4,2,29,0,0,0,0,0,0,0,0,0,0,0,0,0,0,0,0,0,0,0,0,0,0,0,0,0,0,0,0,
Rajarhat    ,2023,5,28,0,0,2,7,0,0,0,0,0,0,0,0,0,0,24,28,27,26,18,7,5,6,28,0,12,0,3,0,0,0
Rajarhat    ,2023,6,0,0,0,0,0,0,0,0,0,56,12,3,2,56,26,14,3,36,45,32,99,63,5,0,0,0,0,14,55,0,
Rajarhat    ,2023,7,44,0,16,5,2,27,11,5,2,19,0,15,0,36,45,0,0,3,0,0,0,0,0,0,3,0,0,0,4,4,0
Rajarhat    ,2023,8,6,0,0,5,4,1,31,32,6,12,0,6,126,13,0,0,28,0,1,0,0,28,1,77,9,80,88,5,0,7,0
Rajarhat    ,2023,9,0,9,4,0,0,0,1,0,6,0,3,0,11,0,0,0,0,0,22,14,23,38,23,30,51,0,0,0,0,18,
Rajarhat    ,2023,10,29,15,1,2,52,19,0,8,9,2,3,0,0,30,0,0,0,0,0,0,0,0,0,0,0,0,0,0,0,0,0
Rajarhat    ,2023,11,0,0,0,0,0,0,0,0,0,0,0,0,0,0,0,0,5,0,0,0,0,0,0,0,0,0,0,0,0,0,
Rajarhat    ,2023,12,0,0,0,0,0,0,2,6,0,0,0,0,0,0,0,0,0,0,0,0,0,0,0,0,0,0,0,0,0,0,0
Rajarhat    ,2024,1,0,0,0,0,0,0,0,0,0,0,0,0,0,0,0,0,0,0,0,0,0,0,0,0,0,0,0,0,0,0,0
Rajarhat    ,2024,2,0,0,0,0,0,0,0,0,0,0,0,0,0,0,0,0,0,0,0,0,0,3,1,0,0,0,0,0,0,,
Rajarhat    ,2024,3,0,0,0,0,0,0,0,0,0,0,0,0,0,0,0,0,0,0,0,0,36,12,0,20,0,4,4,0,0,0,0
Rajarhat    ,2024,4,0,0,0,0,0,0,0,0,0,0,0,0,0,0,0,0,0,0,0,0,0,0,0,0,0,0,0,0,0,0,
Rajarhat    ,2024,5,0,0,0,0,0,1,0,1,1,0,0,0,0,0,0,0,0,0,28,20,5,0,0,0,0,0,25,35,9,13,61
Rajarhat    ,2024,6,10,55,5,16,45,26,0,0,165,21,0,0,55,45,78,130,33,115,154,85,21,1,1,1,0,0,52,6,9,2,
Rajarhat    ,2024,7,31,61,49,3,19,9,0,23,0,50,25,37,1,3,0,5,4,1,2,0,0,0,56,3,3,5,3,0,0,0,0
Rajarhat    ,2024,8,0,8,35,53,2,22,1,3,1,0,2,16,0,0,0,0,0,0,6,11,17,0,0,0,0,0,1,0,0,0,0
Rajarhat    ,2024,9,60,5,0,1,0,6,0,0,0,0,0,1,0,34,15,0,0,0,0,0,0,0,0,4,49,23,93,26,2,0,
Rajarhat    ,2024,10,0,11,3,13,138,164,0,4,0,0,16,0,0,0,0,0,0,0,0,0,0,0,0,6,13,2,1,0,0,0,0
Rajarhat    ,2024,11,0,7,0,0,0,0,0,0,0,0,0,0,0,0,0,0,0,0,0,0,0,0,0,0,0,0,0,0,0,0,
Rajarhat    ,2024,12,0,0,0,0,0,0,0,0,0,0,0,0,0,0,0,0,0,0,0,0,0,0,0,0,0,0,0,0,0,0,0
Badalgachhi ,2022,1,0,0,0,0,0,0,0,0,0,0,0,0,5,0,0,0,0,0,0,0,0,0,0,0,0,0,0,0,0,0,0
Badalgachhi ,2022,2,0,0,0,11,33,0,0,0,0,0,0,0,0,0,0,0,0,0,0,0,0,0,0,0,0,0,0,0,,,
Badalgachhi ,2022,3,0,0,0,0,0,0,0,0,0,0,0,0,0,0,0,0,0,0,0,0,0,0,0,0,0,0,0,0,0,0,0
Badalgachhi ,2022,4,0,0,0,20,0,0,0,0,0,0,1,0,0,0,0,0,0,0,0,35,4,0,27,0,0,0,0,7,0,38,
Badalgachhi ,2022,5,0,0,38,15,3,0,3,0,0,0,1,34,0,26,0,0,50,1,0,48,43,0,0,0,1,0,0,0,14,0,0
Badalgachhi ,2022,6,0,0,0,1,5,0,6,5,0,37,0,0,2,0,0,0,13,33,0,16,0,31,34,0,0,2,0,0,0,0,
Badalgachhi ,2022,7,3,0,0,6,0,0,0,0,0,0,0,0,0,0,10,0,0,0,8,0,9,5,15,4,28,4,9,4,1,0,9
Badalgachhi ,2022,8,46,6,0,23,1,0,9,12,0,0,0,0,0,1,6,19,0,0,27,0,4,0,0,8,1,0,0,0,0,1,0
Badalgachhi ,2022,9,22,21,0,1,1,5,0,0,2,0,0,11,53,89,36,0,0,0,0,0,0,0,0,6,0,13,17,0,0,20,
Badalgachhi ,2022,10,0,0,3,35,24,1,0,0,0,0,0,9,0,0,0,0,0,0,0,0,0,0,0,0,0,0,0,0,0,0,0
Badalgachhi ,2022,11,0,0,0,0,0,0,0,0,0,0,0,0,0,0,0,0,0,0,0,0,0,0,0,0,0,0,0,0,0,0,
Badalgachhi ,2022,12,0,0,0,0,0,0,0,0,0,0,0,0,0,0,0,0,0,0,0,0,0,0,0,0,0,0,0,0,0,0,0
Badalgachhi ,2023,1,0,0,0,0,0,0,0,0,0,0,0,0,0,0,0,0,0,0,0,0,0,0,0,0,0,0,0,0,0,0,0
Badalgachhi ,2023,2,0,0,0,0,0,0,0,0,0,0,0,0,0,0,0,0,0,0,0,0,0,0,0,0,0,0,0,0,,,
Badalgachhi ,2023,3,0,0,0,0,0,0,0,0,0,0,0,0,0,0,0,0,2,0,22,40,1,0,0,0,0,0,0,0,0,0,16
Badalgachhi ,2023,4,10,0,0,0,0,0,0,0,0,0,0,0,0,0,0,0,0,0,0,0,0,0,0,0,0,0,0,4,0,17,
Badalgachhi ,2023,5,5,0,0,0,7,0,0,0,0,0,0,2,0,0,0,0,19,0,24,2,0,0,0,31,0,16,0,8,0,0,0
Badalgachhi ,2023,6,0,0,0,0,0,0,0,0,0,0,0,25,5,4,0,0,0,11,3,0,1,16,0,0,0,2,6,11,8,1,
Badalgachhi ,2023,7,82,15,2,29,0,2,29,13,1,3,45,0,0,0,7,3,0,0,0,0,0,2,0,0,0,0,0,0,2,2,0
Badalgachhi ,2023,8,0,9,0,11,0,0,31,141,41,0,0,0,2,7,0,0,0,42,0,0,0,0,38,0,87,10,3,0,0,0,0
Badalgachhi ,2023,9,0,0,0,0,0,0,11,7,91,0,0,5,1,0,0,0,0,0,6,6,30,31,6,34,29,4,0,0,0,0,
Badalgachhi ,2023,10,37,2,2,29,11,47,6,0,0,0,0,0,0,0,0,0,5,0,0,0,0,0,0,0,3,0,0,0,0,0,0
Badalgachhi ,2023,11,0,0,0,0,0,0,0,0,0,0,0,0,0,0,0,0,0,0,0,0,0,0,0,0,0,0,0,0,0,0,
Badalgachhi ,2023,12,0,0,0,0,0,0,2,18,0,0,0,0,0,0,0,0,0,0,0,0,0,0,0,0,0,0,0,0,0,0,0
Badalgachhi ,2024,1,0,0,0,0,0,0,0,0,0,0,0,0,0,0,0,0,0,0,0,0,0,0,0,0,0,0,0,0,0,0,0
Badalgachhi ,2024,2,0,0,0,0,0,0,0,0,0,0,0,0,0,0,3,0,0,0,0,0,0,0,5,0,4,2,0,0,0,,
Badalgachhi ,2024,3,0,0,0,0,0,0,0,0,0,0,0,0,0,0,0,0,0,0,0,0,10,0,0,0,0,0,0,0,0,0,0
Badalgachhi ,2024,4,0,0,0,0,0,0,0,0,0,0,0,0,0,0,0,0,0,0,0,0,0,0,0,0,0,0,0,0,0,0,
Badalgachhi ,2024,5,0,0,0,0,0,0,0,27,0,0,1,0,0,0,0,0,2,0,0,2,10,34,33,0,0,0,3,25,0,0,0
Badalgachhi ,2024,6,0,0,19,0,23,24,10,18,0,0,6,0,0,0,1,0,0,0,0,1,45,0,3,13,0,0,0,2,14,16,
Badalgachhi ,2024,7,49,24,40,5,15,39,1,0,0,0,2,26,0,0,0,0,0,0,0,3,0,2,5,0,3,0,0,0,0,0,0
Badalgachhi ,2024,8,11,41,53,29,0,0,0,12,5,0,31,0,8,9,1,0,0,4,0,2,0,3,36,0,2,0,0,0,0,0,9
Badalgachhi ,2024,9,0,0,0,11,12,29,0,0,0,0,0,0,0,0,2,21,9,0,0,0,0,22,0,12,32,8,102,12,16,0,
Badalgachhi ,2024,10,0,0,3,6,1,0,22,0,1,0,0,0,0,0,0,0,0,14,0,0,0,0,0,13,4,11,32,0,0,0,0
Badalgachhi ,2024,11,0,0,0,0,0,0,0,0,0,0,0,0,0,0,0,0,0,0,0,0,0,0,0,0,0,0,0,0,0,0,
Badalgachhi ,2024,12,0,0,0,0,0,0,0,0,0,0,0,0,0,0,0,0,0,0,0,0,0,0,0,0,0,0,0,0,0,0,0
Dimla       ,2022,1,0,0,0,0,0,0,0,0,0,0,0,0,2,0,0,0,0,0,0,0,0,0,0,0,0,0,0,0,0,0,0
Dimla       ,2022,2,0,0,0,0,55,1,0,0,0,0,0,0,0,0,0,0,0,0,0,0,0,0,0,0,3,14,0,0,,,
Dimla       ,2022,3,0,0,0,0,0,0,0,0,0,0,0,0,0,0,0,0,0,0,0,0,0,31,0,0,0,0,0,0,0,18,0
Dimla       ,2022,4,0,38,61,8,1,0,0,0,0,0,24,0,0,34,0,0,0,0,0,34,2,1,3,0,0,0,10,0,0,31,
Dimla       ,2022,5,3,6,3,0,0,0,0,0,0,0,0,0,75,11,5,21,82,2,18,24,65,2,0,0,0,0,0,0,3,0,0
Dimla       ,2022,6,0,0,1,8,82,67,0,2,6,39,40,20,20,34,102,50,71,7,9,0,13,0,0,0,0,0,13,5,94,32,
Dimla       ,2022,7,1,16,0,0,0,0,0,0,1,0,0,0,0,0,0,0,0,0,2,11,2,0,0,56,7,82,17,21,11,3,18
Dimla       ,2022,8,26,3,0,12,0,1,7,1,13,0,0,0,0,7,2,0,0,35,4,3,0,0,0,22,0,0,0,37,0,27,21
Dimla       ,2022,9,18,22,20,24,56,3,0,0,0,0,0,0,1,53,12,1,68,9,0,0,0,0,6,3,21,10,0,0,0,0,
Dimla       ,2022,10,0,0,0,22,59,1,9,0,10,50,7,12,1,0,0,0,0,0,0,0,0,0,0,0,1,3,0,0,0,0,0
Dimla       ,2022,11,0,0,0,0,0,0,0,0,0,0,0,0,0,0,0,0,0,0,0,0,0,0,0,0,0,0,0,0,0,0,
Dimla       ,2022,12,0,0,0,0,0,0,0,0,0,0,0,0,0,0,0,0,0,0,0,0,0,0,0,0,0,0,0,0,0,0,0
Dimla       ,2023,1,0,0,0,0,0,0,0,0,0,0,0,0,0,0,0,0,0,0,0,0,0,0,0,0,0,0,0,0,0,0,0
Dimla       ,2023,2,0,0,0,0,0,0,0,0,0,0,0,0,0,0,0,0,0,0,0,0,0,0,0,0,0,0,0,0,,,
Dimla       ,2023,3,0,0,0,0,0,0,0,0,0,0,0,0,0,0,0,0,0,1,0,27,22,0,0,0,0,0,0,0,0,0,0
Dimla       ,2023,4,8,25,0,0,1,0,0,0,0,0,0,0,0,0,0,0,0,0,0,0,0,0,0,0,0,0,0,0,0,1,
Dimla       ,2023,5,11,0,5,3,0,0,0,0,0,0,0,0,0,0,0,33,49,39,27,1,4,0,5,13,0,17,2,0,0,0,0
Dimla       ,2023,6,0,0,0,0,0,0,0,0,0,0,1,25,32,12,34,8,0,36,56,87,124,31,9,0,0,0,0,10,24,11,
Dimla       ,2023,7,17,1,79,4,83,11,2,8,24,3,39,28,49,32,25,0,0,4,0,0,0,0,0,0,16,0,0,0,3,26,14
Dimla       ,2023,8,0,4,0,2,61,0,8,42,12,3,76,43,47,14,0,0,6,1,0,0,7,5,4,4,8,95,43,2,0,17,0
Dimla       ,2023,9,0,3,2,0,0,0,1,30,1,0,0,0,50,4,2,0,0,0,5,5,37,67,161,143,99,3,1,0,0,0,
Dimla       ,2023,10,32,11,60,1,43,12,0,0,0,3,0,0,0,7,4,0,0,0,0,0,0,0,0,0,0,0,0,0,0,0,0
Dimla       ,2023,11,0,0,0,0,0,0,0,0,0,0,0,0,0,0,0,0,0,0,0,0,0,0,0,0,0,0,0,0,0,0,
Dimla       ,2023,12,0,0,0,0,0,0,0,4,0,0,0,0,0,0,0,0,0,0,0,0,0,0,0,0,0,0,0,0,0,0,0
Dimla       ,2024,1,0,0,0,0,0,0,0,0,0,0,0,0,0,0,0,0,0,0,0,0,0,0,0,0,0,0,0,0,0,0,0
Dimla       ,2024,2,0,0,0,0,0,0,0,0,0,0,0,0,0,0,0,0,0,0,0,0,0,1,1,0,0,0,0,0,0,,
Dimla       ,2024,3,0,0,0,0,0,0,0,0,0,0,0,0,0,0,0,0,0,0,0,14,19,2,0,0,0,0,10,0,0,0,0
Dimla       ,2024,4,0,0,0,0,0,0,0,0,0,0,0,0,0,0,0,0,0,0,0,0,0,0,0,0,0,0,0,0,0,0,
Dimla       ,2024,5,0,0,0,0,0,0,0,6,0,0,0,0,1,0,0,0,0,0,55,14,6,0,3,0,0,0,0,0,1,15,120
Dimla       ,2024,6,1,0,11,79,5,50,0,0,41,1,0,72,80,113,3,6,9,68,129,97,8,0,0,0,0,50,5,20,5,19,
Dimla       ,2024,7,24,69,10,1,45,94,18,1,128,14,73,9,85,0,0,10,4,8,0,0,0,0,13,1,2,0,0,12,2,1,0
Dimla       ,2024,8,5,11,38,34,1,14,5,0,21,74,31,10,6,5,15,4,0,1,7,3,0,0,1,0,0,0,0,0,0,0,0
Dimla       ,2024,9,68,1,0,34,76,12,0,0,0,0,0,20,0,30,34,1,0,0,0,0,0,0,0,0,107,25,140,73,24,0,
Dimla       ,2024,10,0,7,27,8,2,1,0,0,0,25,0,0,0,0,0,1,3,0,0,0,0,0,0,0,15,7,0,0,0,0,0
Dimla       ,2024,11,0,0,0,0,0,0,0,0,0,0,0,0,0,0,0,0,0,0,0,0,0,0,0,0,0,0,0,0,0,0,
Dimla       ,2024,12,0,0,0,0,0,0,0,0,0,0,0,0,0,0,0,0,0,0,0,0,0,0,0,0,0,0,0,0,0,0,0
Kumarkhali  ,2022,12,0,0,0,0,0,0,0,0,0,0,0,8,0,0,0,0,0,0,0,0,0,0,0,8,0,0,2,0,0,0,0
Kumarkhali  ,2022,1,0,0,0,0,0,0,0,0,0,0,0,8,0,0,0,0,0,0,0,0,0,0,0,8,0,0,2,0,,,
Kumarkhali  ,2022,2,0,0,0,0,25,0,0,0,0,1,5,0,0,0,0,0,0,0,0,0,4,0,0,0,8,0,0,0,0,0,0
Kumarkhali  ,2022,3,0,0,0,0,0,0,0,0,0,0,0,0,0,0,0,0,0,0,0,0,0,0,0,0,0,0,0,0,0,0,
Kumarkhali  ,2022,4,0,0,0,0,0,0,0,0,0,0,0,0,0,0,0,0,0,0,0,0,9,0,20,0,0,0,0,0,0,0,0
Kumarkhali  ,2022,5,0,1,0,69,1,12,0,0,0,0,22,47,8,6,0,0,0,0,0,0,36,0,0,6,0,2,0,0,24,0,
Kumarkhali  ,2022,6,7,0,37,0,0,0,0,0,0,22,0,0,0,0,0,0,0,64,14,2,0,14,1,0,4,2,5,0,0,0,0
Kumarkhali  ,2022,7,2,0,0,2,5,0,11,1,0,1,4,0,0,0,1,6,0,4,0,3,6,0,4,0,7,0,5,0,0,29,0
Kumarkhali  ,2022,8,1,12,0,2,1,0,2,0,0,9,0,3,0,0,6,18,0,0,24,2,4,0,45,30,11,0,0,0,0,1,
Kumarkhali  ,2022,9,0,0,0,64,0,2,23,0,0,0,0,15,22,71,3,9,0,3,1,1,0,1,0,0,0,0,0,20,0,0,0
Kumarkhali  ,2022,10,0,5,40,5,5,0,2,0,0,0,0,0,3,0,0,0,0,0,0,0,0,0,0,1,67,0,5,0,0,0,
Kumarkhali  ,2022,11,0,0,0,0,0,0,0,0,0,0,0,0,0,0,0,0,0,0,0,0,0,0,0,0,0,0,0,0,0,0,0
Kumarkhali  ,2022,12,0,0,0,0,0,0,0,0,0,0,0,0,0,0,0,0,0,0,0,0,0,0,0,0,0,0,1,0,0,0,0
Kumarkhali  ,2023,1,0,0,0,0,0,0,0,0,0,0,0,0,0,0,0,0,0,0,0,0,0,0,0,0,0,0,0,0,,,
Kumarkhali  ,2023,2,0,0,0,0,0,0,0,0,0,0,0,0,0,0,0,0,0,0,0,0,0,0,0,0,0,0,0,0,0,0,0
Kumarkhali  ,2023,3,0,0,0,0,0,0,0,0,0,0,0,0,0,0,0,0,2,22,8,0,0,0,0,0,0,5,3,0,0,2,
Kumarkhali  ,2023,4,40,0,0,0,0,0,0,0,0,0,0,0,0,0,0,0,0,0,0,0,0,0,0,0,7,0,0,11,0,25,0
Kumarkhali  ,2023,5,10,5,0,0,0,0,0,0,0,0,0,0,0,0,0,0,24,15,0,0,0,3,0,51,0,43,2,14,0,0,
Kumarkhali  ,2023,6,0,0,0,0,0,0,0,10,0,0,0,0,0,0,0,0,0,0,4,0,0,16,0,0,0,0,7,2,34,1,0
Kumarkhali  ,2023,7,16,68,39,10,0,0,0,0,19,0,20,1,0,1,2,2,0,3,0,0,0,1,0,0,0,0,6,6,2,9,0
Kumarkhali  ,2023,8,0,0,25,3,9,13,4,23,2,11,54,75,3,3,75,49,1,0,0,0,0,1,0,0,34,14,12,0,0,0,
Kumarkhali  ,2023,9,0,3,1,8,2,0,2,14,2,0,0,13,4,4,0,0,0,0,0,10,19,18,2,4,2,10,0,0,0,0,0
Kumarkhali  ,2023,10,0,0,8,15,55,128,0,0,0,0,0,0,0,0,0,0,0,0,0,0,0,0,0,5,0,0,0,0,0,0,
Kumarkhali  ,2023,11,0,0,0,0,0,0,0,0,0,0,0,0,0,0,0,0,1,0,0,0,0,0,0,0,0,0,0,0,0,0,0
Kumarkhali  ,2023,12,0,0,0,0,0,0,9,35,0,0,0,0,0,0,0,0,0,0,0,0,0,0,0,0,0,0,0,0,0,0,0
Kumarkhali  ,2024,1,0,0,0,0,0,0,0,0,0,0,0,0,0,0,0,0,0,0,1,0,0,0,0,0,0,0,0,0,,,
Kumarkhali  ,2024,2,0,0,0,0,0,0,0,0,0,0,0,0,0,0,1,0,0,0,0,0,0,0,2,0,0,0,0,0,0,0,0
Kumarkhali  ,2024,3,0,0,0,1,1,0,0,0,0,0,0,0,0,0,18,0,12,0,0,4,7,0,0,0,0,6,0,0,0,10,
Kumarkhali  ,2024,4,1,0,0,0,0,0,0,0,0,0,0,0,0,0,0,0,0,0,0,0,0,0,0,0,0,0,0,0,0,0,0
Kumarkhali  ,2024,5,0,0,0,0,0,0,1,28,0,8,0,1,0,0,0,0,0,0,0,0,0,0,3,0,0,0,16,60,0,0,
Kumarkhali  ,2024,6,0,0,0,0,1,0,0,0,0,0,0,0,0,0,0,0,0,0,0,4,0,21,8,0,0,0,0,0,1,57,0
Kumarkhali  ,2024,7,62,12,23,9,6,0,3,0,0,1,1,111,3,0,0,1,0,0,0,0,0,0,12,5,6,0,0,3,2,17,0
Kumarkhali  ,2024,8,2,28,34,10,37,13,0,6,12,2,41,79,0,0,0,0,0,5,3,0,132,2,36,20,1,8,13,15,0,0,
Kumarkhali  ,2024,9,0,0,0,3,9,30,0,0,0,2,0,0,0,0,90,82,86,0,0,0,0,9,0,0,7,104,8,13,0,0,0
Kumarkhali  ,2024,10,11,3,23,40,31,19,1,0,36,54,0,0,0,0,0,0,0,0,6,0,0,0,0,13,4,22,9,0,0,0,
Kumarkhali  ,2024,11,11,0,0,0,0,0,0,0,0,0,0,0,0,0,0,0,0,0,0,0,0,0,0,0,0,0,0,0,0,0,0
Kumarkhali  ,2024,12,0,0,0,0,0,0,0,0,0,0,0,0,0,0,0,0,0,0,0,0,0,0,0,0,0,0,0,0,0,0,0
Tetulia     ,2022,1,0,0,0,0,0,0,0,0,0,0,0,0,1,0,0,0,0,0,0,0,0,0,0,0,0,0,0,0,0,0,0
Tetulia     ,2022,2,0,0,0,0,16,15,0,0,0,0,0,0,0,0,0,0,0,0,0,0,0,7,0,0,0,3,0,0,,,
Tetulia     ,2022,3,0,0,0,0,0,0,0,0,0,0,0,0,0,0,0,0,0,0,0,0,0,5,0,0,0,0,0,0,1,18,0
Tetulia     ,2022,4,0,0,18,3,0,1,0,1,0,0,7,0,0,0,0,0,0,0,0,8,2,0,15,0,0,0,0,0,0,33,
Tetulia     ,2022,5,2,0,2,0,0,0,6,36,0,1,0,0,47,5,10,92,7,0,0,17,8,0,0,1,0,7,0,30,2,3,35
Tetulia     ,2022,6,0,3,0,26,7,8,1,1,24,10,16,70,9,21,42,23,82,33,94,12,106,3,0,4,54,1,103,118,155,37,
Tetulia     ,2022,7,0,103,38,0,0,0,18,0,3,0,0,4,5,0,0,2,0,0,83,29,9,18,23,2,5,27,19,57,23,13,20
Tetulia     ,2022,8,96,40,0,5,0,1,0,0,4,0,0,0,0,3,20,0,0,0,17,10,1,0,0,32,0,0,0,25,20,47,44
Tetulia     ,2022,9,174,35,68,6,40,12,20,0,0,0,0,8,18,35,11,0,44,17,0,0,0,3,74,0,150,8,0,0,0,0,
Tetulia     ,2022,10,0,0,0,13,87,0,31,2,0,91,63,32,56,0,0,0,0,0,0,0,0,0,0,0,0,0,0,0,0,0,0
Tetulia     ,2022,11,0,0,0,0,0,0,0,0,0,0,0,0,0,0,0,0,0,0,0,0,0,0,0,0,0,0,0,0,0,0,
Tetulia     ,2022,12,0,0,0,0,0,0,0,0,0,0,0,0,0,0,0,0,0,0,0,0,0,0,0,0,0,0,0,0,0,0,0
Tetulia     ,2023,1,0,0,0,0,0,0,0,0,0,0,0,0,0,0,0,0,0,0,0,0,0,0,0,0,0,0,0,0,0,0,0
Tetulia     ,2023,2,0,0,0,0,0,0,0,0,0,0,0,0,0,0,0,0,0,0,0,0,0,0,0,0,0,0,0,0,,,
Tetulia     ,2023,3,0,0,0,0,0,0,0,0,0,0,0,0,0,0,0,3,0,2,0,5,30,0,0,0,0,0,0,0,0,0,0
Tetulia     ,2023,4,5,28,0,0,0,0,0,0,0,0,0,0,0,0,0,0,0,0,0,0,0,18,0,0,0,0,0,0,0,2,
Tetulia     ,2023,5,1,0,0,1,20,0,0,0,0,0,0,0,0,0,0,7,39,11,0,0,1,0,0,4,0,13,18,9,0,0,0
Tetulia     ,2023,6,0,0,0,0,0,2,0,0,0,0,0,113,0,20,24,0,0,44,32,28,125,183,230,44,0,0,0,8,53,50,
Tetulia     ,2023,7,55,0,57,6,27,1,29,2,13,5,55,96,91,144,80,2,2,14,0,0,0,5,6,10,38,0,34,7,34,11,11
Tetulia     ,2023,8,0,0,0,60,85,0,0,44,17,2,21,7,27,24,0,2,0,0,9,0,1,0,89,99,101,13,4,0,7,4,0
Tetulia     ,2023,9,0,6,1,0,0,0,11,23,0,2,0,0,0,0,0,0,0,0,0,20,22,34,47,101,83,2,0,0,0,0,
Tetulia     ,2023,10,29,7,3,11,30,4,0,0,2,0,0,12,31,1,0,0,0,0,0,0,0,0,0,0,0,0,0,0,0,0,0
Tetulia     ,2023,11,0,0,0,0,0,0,0,0,0,0,0,0,0,0,0,0,0,0,0,0,0,0,0,0,0,0,0,0,0,0,
Tetulia     ,2023,12,0,0,0,0,0,0,0,1,0,0,0,0,0,0,0,0,0,0,0,0,0,0,0,0,0,0,0,0,0,0,0
Tetulia     ,2024,1,0,0,0,0,0,0,0,0,0,0,0,0,0,0,0,0,0,0,0,0,0,0,0,0,0,0,0,0,0,0,0
Tetulia     ,2024,2,0,0,0,0,0,0,0,0,0,0,0,0,0,0,0,0,0,0,0,0,0,0,0,0,0,0,0,0,0,,
Tetulia     ,2024,3,0,0,0,0,0,0,0,0,0,0,0,0,0,0,0,0,0,0,0,2,8,0,9,2,0,11,3,0,0,0,0
Tetulia     ,2024,4,2,0,0,0,0,0,0,0,0,0,0,0,0,0,0,0,2,0,0,0,0,0,0,0,0,0,0,0,0,0,
Tetulia     ,2024,5,0,0,0,0,0,0,0,7,0,24,0,27,7,0,2,3,2,0,90,23,17,0,4,0,0,0,1,0,6,2,62
Tetulia     ,2024,6,2,14,0,11,1,2,1,0,0,2,1,6,102,37,29,67,16,131,156,153,3,0,0,0,26,85,22,51,75,182,
Tetulia     ,2024,7,5,24,14,0,14,86,105,63,148,36,56,31,67,48,38,6,0,1,0,0,0,0,8,6,19,0,0,0,4,0,0
Tetulia     ,2024,8,2,5,6,8,3,2,22,8,96,8,0,0,0,0,28,10,0,44,0,5,6,2,0,0,0,3,5,0,0,0,0
Tetulia     ,2024,9,10,0,0,1,3,2,0,0,0,0,0,0,0,1,34,6,1,0,0,0,0,0,0,0,44,56,174,183,30,0,
Tetulia     ,2024,10,0,6,0,1,0,0,0,0,0,4,0,1,0,0,0,7,0,0,0,27,1,0,0,0,0,1,0,0,0,0,0
Tetulia     ,2024,11,3,0,0,0,0,0,0,0,0,0,0,0,0,0,0,0,0,0,0,0,0,0,0,0,0,0,0,0,0,0,
Tetulia     ,2024,12,0,0,0,0,0,0,0,0,0,0,0,0,0,0,0,0,0,0,0,0,0,0,0,0,0,0,0,0,0,0,0
Nikli       ,2023,1,0,0,0,0,0,0,0,0,0,0,0,0,0,0,0,0,0,0,0,0,0,0,0,0,0,0,0,0,0,0,0
Nikli       ,2023,2,0,0,0,0,0,0,0,0,0,0,0,0,0,0,0,0,0,0,0,0,0,0,4,0,9,0,0,0,,,
Nikli       ,2023,3,0,0,0,0,0,0,0,0,0,0,0,0,0,0,0,0,0,0,0,61,71,0,0,0,0,22,0,0,0,1,40
Nikli       ,2023,4,0,13,0,0,0,0,0,0,0,0,0,0,0,0,0,0,0,0,0,0,0,11,0,0,0,0,0,0,0,1,
Nikli       ,2023,5,4,0,0,8,27,0,0,0,0,0,0,1,0,0,0,0,0,31,4,0,0,26,0,6,0,14,0,1,0,0,0
Nikli       ,2023,6,0,1,3,13,0,0,0,0,29,4,7,0,21,0,17,65,79,22,1,32,24,25,0,0,0,0,0,5,31,109,
Nikli       ,2023,7,96,21,38,57,10,4,19,1,7,0,0,0,0,0,0,0,0,0,0,0,29,5,1,0,1,0,0,0,0,4,0
Nikli       ,2023,8,0,4,1,0,15,0,7,24,0,5,1,0,40,33,0,1,0,5,0,0,0,0,4,0,0,31,2,5,2,0,0
Nikli       ,2023,9,0,3,73,7,0,0,36,30,0,0,0,0,23,3,8,0,0,2,0,9,8,13,8,39,26,1,0,0,0,36,
Nikli       ,2023,10,0,0,2,3,53,311,261,16,0,22,0,3,0,0,0,0,0,0,0,0,0,0,0,0,2,0,0,0,0,0,0
Nikli       ,2023,11,0,0,0,0,0,0,0,0,0,0,0,0,0,0,0,0,2,52,0,0,0,0,0,0,0,0,0,0,0,0,
Nikli       ,2023,12,0,0,0,0,0,1,3,33,1,0,0,0,0,0,0,0,0,0,0,0,0,0,0,0,0,0,0,0,0,0,0
Nikli       ,2024,1,0,0,0,0,0,0,0,0,0,0,0,0,0,0,0,0,0,0,0,0,0,0,0,0,0,0,0,0,0,0,0
Nikli       ,2024,2,0,0,0,0,0,0,0,0,0,0,0,0,0,0,0,0,0,0,0,0,0,0,24,0,0,0,0,0,0,,
Nikli       ,2024,3,0,0,0,0,0,0,0,0,0,0,0,0,0,0,0,0,0,0,0,4,1,0,0,63,0,0,0,6,0,62,14
Nikli       ,2024,4,1,0,0,0,0,1,0,0,0,0,0,0,0,0,0,0,7,6,0,0,0,0,0,0,0,0,0,0,0,0,
Nikli       ,2024,5,0,0,0,0,29,32,1,0,2,0,1,3,0,0,0,0,0,0,10,0,0,17,0,0,0,24,3,207,3,0,4
Nikli       ,2024,6,0,0,6,24,12,9,35,8,2,29,20,0,5,61,10,2,37,6,154,75,34,0,0,0,0,0,36,2,9,0,
Nikli       ,2024,7,96,86,31,0,6,0,0,0,0,0,0,40,15,0,2,10,0,0,5,16,15,8,0,0,1,0,2,0,2,0,12
Nikli       ,2024,8,2,20,31,63,3,4,3,1,0,6,0,24,0,88,8,8,5,2,2,12,20,14,12,1,34,3,2,0,0,0,1
Nikli       ,2024,9,1,5,62,6,5,2,1,37,0,0,0,0,0,1,2,2,0,0,0,0,0,0,0,7,4,75,41,2,8,6,
Nikli       ,2024,10,0,0,9,9,19,6,0,0,9,2,0,2,0,0,0,0,0,0,1,0,0,0,0,3,21,4,0,0,0,0,0
Nikli       ,2024,11,0,0,0,0,0,3,0,0,0,0,0,0,0,0,0,0,0,0,0,0,0,0,0,0,0,0,0,0,0,0,
Nikli       ,2024,12,0,0,0,0,0,0,0,0,0,0,0,0,0,0,0,0,0,0,0,0,0,0,0,0,0,0,0,0,0,0,0
