,,,,,,,,,,,,,,,,,,,,,,,,,,,,,,,,,
                                        Bangladesh Meteorological Department,,,,,,,,,,,,,,,,,,,,,,,,,,,,,,,,,
                                                Climate Division,,,,,,,,,,,,,,,,,,,,,,,,,,,,,,,,,
                                                Agargaon Dhaka,,,,,,,,,,,,,,,,,,,,,,,,,,,,,,,,,
 Daily  Total Sun Shine Hours .,,,,,,,,,,,,,,,,,,,,,,,,,,,,,,,,,
,,,,,,,,,,,,,,,,,,,,,,,,,,,,,,,,,
St.Name,Year,Mo,1,2,3,4,5,6,7,8,9,10,11,12,13,14,15,16,17,18,19,20,21,22,23,24,25,26,27,28,29,30,31
Dhaka       ,2022,1,5.8,4.7,4.2,4.4,3.9,4.4,4.9,5.8,5,3.9,3.9,0.5,4.4,0,1.2,6.2,6.4,3.2,4.6,4.7,3.1,0,0,1.9,2.5,2.3,5.1,5.7,5.6,6.6,3.3
Dhaka       ,2022,2,5.2,7.1,1.9,0.6,7.2,7.2,7.9,7,6.2,0,2.4,8.5,8.2,9,8.5,8.3,8.1,7.6,8.7,4.2,6.4,7,5,6,7.8,7.2,3.6,6.3,,,
Dhaka       ,2022,3,8.1,8.8,8.3,8.3,7.7,8.2,8.9,9,8.6,9.1,9.2,8.6,9.2,8.8,8.1,8.6,8.5,8.7,8.8,8.7,7.6,6.9,8.4,7.5,3.3,3.1,4.6,7,3.6,7.1,7
Dhaka       ,2022,4,6.6,2.9,5.5,7.8,8.7,8.6,8.8,8.4,5.4,2.7,4.8,1.6,5.4,5.3,7.2,2.6,5.2,6.7,7.1,0,3.4,5.8,6.9,8.7,8.4,7.6,8.4,4.7,7,6.6,
Dhaka       ,2022,5,7.8,5.3,2.1,4.1,5.8,5.6,6.6,5.9,0,0.5,0.8,3.4,2,2.2,6.4,7,4.7,7.9,7.1,3.9,3.3,4.1,8.7,7.8,1,7.7,5.9,1.7,1.6,0,2.4
Dhaka       ,2022,6,2.1,2.6,1,1.3,5.7,4.6,1,5.5,0,6.9,6.2,2.5,2.3,2,0.1,1.1,0.8,0.7,0.4,3.1,6.5,1.3,5.6,6,9.3,9.4,5.5,1,0,0,
Dhaka       ,2022,7,2.2,5.8,2.6,5.7,3.3,0.4,6.9,1.3,7.4,10.1,5.8,8.9,8.6,9.2,7.1,7.7,7.9,5.7,7.1,0.5,6.4,5,4.6,0,2.4,0.7,5.6,3.3,5.8,0.9,0.2
Dhaka       ,2022,8,1.6,0,1.3,3.3,6.8,5.2,8.6,7.1,7.5,1.8,7.1,6.2,2.6,2.2,5.1,8.7,5.5,9.4,3.9,7.5,7.8,4.7,4.4,6.8,4.6,7.6,0.6,2.3,8.7,9.3,9.2
Dhaka       ,2022,9,3.5,5.1,10.9,0.5,3.7,1.5,5.6,7.4,8.3,2.4,2.2,0,0,0,4.4,0,5.1,0,6.5,6.4,4.9,8.1,3.1,2.5,2,1.6,1.7,1.6,2.2,8.1,
Dhaka       ,2022,10,0.7,0.5,0.1,5.1,5.8,6.7,4.6,8.3,6,7.3,7.2,2.2,5.6,6.4,8.4,8.4,8.4,5.7,4.9,7.8,8.5,7.2,0,0,1.8,8.1,5.9,9,7.4,7,5.7
Dhaka       ,2022,11,6.9,8,3,6.5,4.9,6,8.1,5.4,6.6,6.5,7.1,7.3,5.8,7.2,6.7,6.7,6.7,6.1,4.7,5.9,6.4,5.8,6.3,6,6,6,5.9,5.6,4.9,0.6,
Dhaka       ,2022,12,6.2,5.7,5.6,5.7,5.4,5.3,5.6,4.2,5,5,5.8,6.1,4.2,1.2,3.1,3.5,4.3,4.7,5.5,4.2,4.3,4,5.7,5.7,5.1,5,0,3.4,4.7,0,3.6
Dhaka       ,2023,1,4,5.5,0,0,1.3,0.8,0,2.6,5.7,6,5.8,4.4,4.3,0,5.2,3.3,4,3.9,5.7,4.4,4.4,5.7,3.1,4.5,4.4,0,4.6,5.9,4.3,5.7,4.4
Dhaka       ,2023,2,0.3,7.6,7.4,7.4,8.3,7.1,6.8,6,2.8,7.3,7.7,4,8.2,8,7.9,7.1,4.9,6.4,3,3.2,3.5,4.4,6.1,6.6,7.6,8.2,6.7,7.8,,,
Dhaka       ,2023,3,7.7,6.3,7.6,6.8,4.8,8.2,7.8,10.5,7.1,0.6,4.1,8.3,8.7,3.7,2.3,3,0.5,4.3,0,3.3,5.7,9,7.8,7.5,5.4,6.8,7.6,7.3,2.6,6.1,4.7
Dhaka       ,2023,4,2.7,9.1,9.1,7.3,6.4,8.7,9.5,9.1,9.2,8.6,8.7,9.2,9.1,9.2,6.5,8.1,6,7.4,8.1,7.9,8.9,5.6,0,8.5,9.5,9.4,8.5,10.5,8.4,7.7,
Dhaka       ,2023,5,4.6,9,3.8,2,8.9,7.3,9.6,9.8,7.1,8.9,9.4,0.8,0,0,8.8,6.4,4.3,4.8,3.1,9.6,5.6,9.3,2.7,4,4.1,8.6,3.5,8,8.5,8.7,9.1
Dhaka       ,2023,6,6.8,8.3,8.5,7.3,9.1,6.8,0.8,0,0,0.1,0,0,9.5,5,2,4.4,5.8,0.7,2.2,2,3.4,0,5.7,5.4,5.8,1.3,0,0,0,2.8,
Dhaka       ,2023,7,0,0,1.6,8.5,6,2.9,1.6,7.3,1.3,3.9,4.9,5.3,3.1,3.6,4.1,0.3,5.4,8.3,7.8,9.1,6.4,7.6,3,6.4,8,5,2.3,5.5,3.6,6.5,6.9
Dhaka       ,2023,8,5.4,0.1,0,0.4,8.1,0,0,0,3.6,1.2,0,1.1,0,2.6,0.7,0,5.8,7.2,6.6,8.4,6.2,0,0.6,1.2,2,0.1,3.6,4.1,3.6,7.6,0.3
Dhaka       ,2023,9,4.3,4.2,5.8,3.5,7,4.2,4.4,3,2.7,1.9,1.8,1.9,7.1,4.9,5.5,6.5,5.9,1.6,2.2,0.9,3.8,4.5,1.7,5.4,5.6,2.2,0.9,7.8,1.5,4.7,
Dhaka       ,2023,10,6,4.4,1.6,0,0,0,2.7,7.6,4.8,4.7,5.4,6.4,7.6,7,0.9,5.2,5,7,7.8,8.2,8,4,0.6,0.6,3.8,7.4,7.5,8,8.1,4.7,7.9
Dhaka       ,2023,11,8.1,8.1,7.4,6.3,5.2,8,7.1,7.2,7.5,7.5,7.4,7.1,6.1,6.5,6.3,0,0,6.7,4.6,4,2.3,4.9,3.8,5.1,5.7,5.8,5.7,5.5,0.8,5.8,
Dhaka       ,2023,12,5.9,5.4,4.3,1.4,0,0,0,0,3.8,9.3,5,2.2,5.5,0,5.4,4.4,5,3.7,4.8,5.3,3.1,2.5,1.5,2.5,3,1.8,2.5,3.4,4.8,3,2.8
Dhaka       ,2024,1,5.2,4.6,2.8,4.5,4.9,5.6,5.4,5.1,3,2.7,5.4,0,0,0,0,0,0,3.2,4.8,4.1,3.9,0.5,5.4,3.2,0.9,3.7,6,6.4,5.3,5.3,0
Dhaka       ,2024,2,3,3.6,6.6,6.8,6,6,7.4,8,8.1,7.6,8,5.5,8,2.8,6.8,7.3,7.7,6.8,7.2,1.5,6.9,1.2,2.5,6.8,2,8,5.6,7.1,6.9,,
Dhaka       ,2024,3,7.9,7.9,7.6,2.8,8,8.7,8,9,8.7,9,8.8,7.8,7.3,1.5,7.9,8.5,7.8,0.5,3,1,1,6.4,8.3,2.9,7.5,7.2,5.6,3,1.2,5.5,6.5
Dhaka       ,2024,4,8.3,8,8.5,7.5,2.8,7.2,0.2,1.1,6.3,0.2,3.7,8,7.8,6.3,7.8,6.6,7.6,7.8,8.9,9.3,8.9,6.3,7.6,9.4,9.2,8.8,7.5,9.2,8.3,9.1,
Dhaka       ,2024,5,9,9.2,9,5.9,7.7,3.2,6,1.2,7.7,8.3,4.6,7.7,5,5.6,6.2,8.2,8.3,0.1,0.6,2.5,6.6,3.1,7.5,9.8,8.6,0.7,0,3.6,4.2,4.5,2.2
Dhaka       ,2024,6,8.1,6.7,7.1,6.5,4.2,4.3,1.1,6.1,0,0,6.5,4.5,0.7,0,0,2.9,0,0,0,0.6,2.9,1.9,6.1,8.3,6,0.4,4.1,1.9,1.2,0.5,
Dhaka       ,2024,7,0,0,1,0.4,0,6.8,6.2,2.4,0.9,4.2,2.1,0.6,1.6,4.1,6.3,6.3,1.8,1.8,7,4.6,3.4,1.5,5,4.4,6.7,5.4,8.1,6.5,1.1,0,3.5
Dhaka       ,2024,8,0,0,0,4.5,2,3.1,5.1,4.7,4.8,3.3,0.6,0.4,1.7,5.9,8.2,1.5,2.9,0.3,0,4,0,0,0,2.9,7.1,1.8,0.5,0.9,7.1,6.3,6
Dhaka       ,2024,9,0,0.6,0,6.8,2.1,3.4,3,7,8.4,4.7,4.8,7,2.9,0,0,1,6.7,4.6,8.8,8.7,1.5,8.8,0,5.9,0,0,0.9,7.4,0,0,
Dhaka       ,2024,10,1,1.2,0,0,0,2.3,2.9,6.8,2.4,3.6,5.8,3.8,6.4,4.9,0.3,0,0,0,0.1,6,6.1,7.3,0.1,0,3.2,5.5,4.7,7.1,6.2,3,4.6
Dhaka       ,2024,11,5.2,4.7,3.7,6.9,3.2,4,7.5,7.6,7.4,6.9,6.3,6.4,6.4,6.4,5.6,5.9,6.1,14.6,6.2,6,6.3,5.3,4.1,4.6,1.8,4.2,5.1,5.8,4.9,3.2,
Dhaka       ,2024,12,4.8,5.6,5.2,5.5,4.5,4.1,5.5,5.3,1.4,3.7,5,0,2,4.3,5.5,5.2,5.1,5.4,1.3,2,0,5.5,5.5,5.2,1.4,5.5,5.4,5.2,5.4,5.4,4.2
St.Name,Year,Mo,1,2,3,4,5,6,7,8,9,10,11,12,13,14,15,16,17,18,19,20,21,22,23,24,25,26,27,28,29,30,31
Tangail     ,2022,1,7.3,3.1,7,4.7,2.6,6.9,7.5,8,7.6,6.2,2,0,6.9,0,3.8,8,8.2,6.7,5.1,5.8,3.3,0.5,0,3.6,5.3,0,7.6,5.9,7.6,7.4,6.2
Tangail     ,2022,2,6.5,7.8,4.1,0,6.6,8.5,9.3,8.2,7.9,0,3.7,9.3,9.4,9.4,9.1,9,8.8,8.8,9,3.4,7.9,6.8,8.2,5.1,6.1,8.2,5.8,7.7,,,
Tangail     ,2022,3,8.1,8.6,8.6,8.4,8.6,8.7,8.9,9.1,9.5,9.6,9.6,8.9,10,9,9.3,9.1,9.4,9.7,9.2,9.1,6.9,5.7,8.1,4.8,3.1,5.9,3.9,4.2,4.2,3.5,5.6
Tangail     ,2022,4,1.7,0,0,3.1,2.9,2.9,4.7,8.1,2.1,1.4,4.1,1.7,3.1,0,6.9,2.6,4.2,5.5,7.2,1.6,2.9,0.6,7.9,9.5,8.2,7,7.7,5.1,8.8,7.7,
Tangail     ,2022,5,7.3,7.6,1.8,3.3,6.6,3.5,7.4,7.4,1.9,0,2.1,4.9,0.3,2.4,6.4,6.7,4.1,6.3,4.6,5.5,3.6,3,9.2,8.3,4.3,10,4.4,4.4,2.6,2.1,0
Tangail     ,2022,6,4.1,2.2,3.2,1.4,1.5,0.6,0,6.7,0,6.9,3.2,0.2,0.3,0,0,0.1,0,0.6,4,4.1,0.3,2.2,5.8,7.9,6.8,7.1,9.7,4.3,1.9,0.1,
Tangail     ,2022,7,3.6,7.1,7.2,5.9,5,1.9,9.1,3.1,11,10.6,9.6,10.6,8.6,11.3,9.1,10.2,5.7,7.6,3.6,0.8,6.3,4.3,4.5,0.2,1.5,0.9,8.6,2.8,7.5,2.2,0
Tangail     ,2022,8,0,2.2,0.5,0,7.2,2.8,8.9,6.8,9,3.6,8.2,7,3.4,5.8,5.8,8.4,6.3,8.5,5.5,9.6,5.7,3.6,3.9,9.8,8.1,8.4,0,3.4,3,7.8,8.4
Tangail     ,2022,9,0,3.7,1.5,0,0,0.2,7.4,4.8,8.8,5.5,2.8,0.8,0,0,3.8,2.6,3.7,0.8,3.8,8.9,6.5,7.7,4.8,3,0.8,3.9,1,3.5,5.7,5.9,
Tangail     ,2022,10,6.8,0,1,5.2,5.7,8.3,4.1,8.5,8.6,8.1,8,1.1,6.3,4.5,8.4,9.1,8.6,8.3,7.1,9.6,10.2,9.8,0.1,0,3.9,9.7,9.4,10,8.2,9.8,8.2
Tangail     ,2022,11,8.8,9.2,7.1,7.9,8.9,7.9,9.6,7.9,9.3,9,7.8,7.9,7.2,8.6,8.8,8.8,6.7,6.7,7.3,9.6,9.2,8.1,8.3,8.3,9.1,9,8.7,8.1,8.3,8.6,
Tangail     ,2022,12,9,9,9,8.4,8.3,8.6,8.5,7.8,7.9,4.4,7.8,7.5,6.4,3.6,0,6.6,6.4,6.6,7.7,7.5,7.4,6.2,8.1,7.8,5.9,5.1,4.7,3.9,2.3,3.9,3.9
Tangail     ,2023,1,6.7,6.5,0,0,3.3,3.2,0.1,7.6,8.3,8.6,7.4,6.4,7.7,1,6.5,3.2,5.8,6.8,7.1,7.1,7.8,7.5,5.5,7.9,6.4,2.7,7.7,5.5,4.2,6.1,4.3
Tangail     ,2023,2,4.5,8.8,8.5,8.2,8.2,7.8,9.1,5.9,5,8.5,8.2,6,10.1,9.6,9.1,8.5,8,7.3,1.9,6.8,2.3,5,8.4,3,8,8.5,6.8,8.8,,,
Tangail     ,2023,3,8.7,4,7.6,8.8,8.7,9.8,9.5,7,8.1,1.3,2.6,8.8,9.4,1.7,0.8,0,0,6.5,0,1.3,4.5,9.5,9.1,9.1,6.5,8.4,7.8,8.2,3.6,5.1,2.2
Tangail     ,2023,4,2.4,7.1,9.8,8.8,8.4,9.6,9.8,9.8,9.9,9.8,9.7,10.7,10.7,10.8,6.9,9.7,9.7,6.7,8.4,8.6,4.7,10.5,0.3,8,10.9,9.3,7.2,8.8,6.3,9,
Tangail     ,2023,5,5.5,9.4,7.3,4.6,7.2,9.9,10.7,11,10.7,10.3,10,3.8,8.3,5.5,9.7,7.4,7.2,5.1,1.5,9.4,5.3,6.7,4.3,8.9,7.5,9.2,4.1,10.5,11.3,10.4,9.5
Tangail     ,2023,6,7.4,10.5,7.7,7.8,9.9,10.4,4.5,0,0,0.9,1.7,0.3,4.3,6.8,2.6,4.7,6.3,2.4,1.1,0,0,1.3,5.5,6.4,6.7,3.4,0.3,0,0,0.3,
Tangail     ,2023,7,0.6,0,3.5,6.8,7.2,4.8,5.7,7,3.1,4.7,5.1,5.2,2.2,2.9,4.5,2.9,4.9,8.5,10.2,10.8,3.1,5.5,6.8,4.9,6.8,4.7,6,9,5.6,8,7.9
Tangail     ,2023,8,8.2,1.4,0.1,1.6,0.7,0,0,0,5.5,4,2,1.9,0.1,3.2,1.6,0.5,7.6,8.5,7.4,7.7,2.9,0.2,3.3,0.2,0,0.1,3.7,7.9,7.7,9,5.8
Tangail     ,2023,9,5.7,2.1,4.6,0.5,9.2,4.4,5.4,0.3,3.2,5.5,1.5,0.3,7.4,9.3,5,7.9,7,4.6,2.1,0.5,2.7,3.1,0.3,3,3.1,6.6,6,9,4,3.7,
Tangail     ,2023,10,8.3,4,3.5,0,0,0.3,2.4,8.6,5.8,3,5.2,7.7,8.4,8.4,9,7.9,8.3,8.1,8.3,8.6,8.6,5.9,4.4,4.1,7.9,8.5,8.5,8.2,8.8,7.5,8.3
Tangail     ,2023,11,8.8,8.8,8.2,7.7,7.5,8.7,7.5,8,7.8,8.2,8.7,8.7,8.7,8.4,7.3,0,0.9,8.4,8.4,6.4,7.7,7.1,7,7.6,7.6,8.5,8.6,7.8,3.6,7.7,
Tangail     ,2023,12,8.4,8.2,7.5,5.1,0,0,0,0.9,3.4,4.5,0.9,2.8,6.4,6.8,7.2,7.4,7.5,6.5,7.4,7.1,7.3,6.9,0.4,5.4,5.5,3.7,6.2,6.9,7.1,7.2,1.1
Tangail     ,2024,1,3.2,5.5,1.4,6.2,7.8,7.7,7.6,4.3,3.5,3.4,2,0,0,0,1.1,0.5,3,4.6,6.5,4.3,0,3.4,6.2,4,1.7,6.4,7.4,8.3,7.9,7.1,3.7
Tangail     ,2024,2,4.3,5.8,7.8,8.7,6,1,8.3,8.8,8.8,7.9,7.9,6.7,8,3.1,5.2,6.6,7.8,8,8.1,0,6.5,2,5.7,7.1,2.1,8.6,6,8.4,8.3,,
Tangail     ,2024,3,8.6,8.6,6.5,3.9,8.5,9.8,9.2,9.7,9.3,10,9.5,9.1,8.4,5.4,9.1,8.4,8.8,3.2,0.9,0,2.5,6.2,8.9,6,4,8,4.9,7.9,3.5,3.7,7.4
Tangail     ,2024,4,9.3,8.8,8.9,8.6,6.5,8.3,2.6,1.1,6,1.7,1.8,9.1,10,9.2,8.9,8.3,6.8,7.7,7.5,10.2,8.6,8.3,8.1,9.6,10.8,10.2,7.3,9.9,9.8,10,
Tangail     ,2024,5,10.6,10.3,10.6,4.2,6.2,1.2,7.8,3.6,5.2,7.9,8,7.4,11.3,7.8,11,10.9,6.2,0.7,3.9,5.7,6.8,5.5,9.3,11.1,11.2,3.7,0,5.2,2.6,1.2,0.8
Tangail     ,2024,6,9,8.6,6.5,5.4,6.5,4.4,7,1.4,0,0,8.6,6,0,0.9,0,0.2,0,0,0,0.6,4.1,2.4,6.5,9.7,3.9,5.4,5.8,2.1,1.8,0,
Tangail     ,2024,7,0,0,1,0.6,0,1.4,5,4.3,4.7,7.7,0.3,4.7,1.8,8.7,5.9,5,9.5,9,7.9,6.5,5.9,5.2,5,4.9,8.5,10.7,10.5,8.2,3.4,3.9,4.2
Tangail     ,2024,8,0,0,1.4,4.3,1,1.8,5.7,7.8,1,4.5,0,0,0.3,8.4,7.2,2.4,5.4,0.4,1.1,4.2,0,0,1.8,5.6,2.3,2.3,0.8,4.1,8.1,4.5,6.6
Tangail     ,2024,9,0.3,4.2,0,3.8,2.7,5.3,6.4,6.3,9.3,6.9,5.7,7,5.5,0,0,0,7,7.4,8.8,8.8,0,8.7,6,5.9,0.4,0,0.9,7.2,0,0,
Tangail     ,2024,10,1.5,5.1,0,0,0,1.9,4.6,6.7,3.1,5,5,4.5,3.8,1.1,4.4,6.9,0,1.5,6.8,6.1,5.9,7.9,0.6,0.7,0.6,3.2,7.5,7.5,6.1,6.5,4.3
Tangail     ,2024,11,6.7,6.3,5.1,7.2,6.7,5.7,6.3,8.3,8.6,8.3,8.3,8.1,8.3,6.1,6.9,5.7,7.6,6.4,7.7,8,6.5,6.5,6.7,5.3,5.4,5.7,6.5,7.2,7.7,6.1,
Tangail     ,2024,12,7.5,6.9,7.6,5.6,5.2,7.4,6.9,6.2,2.1,3.4,2.9,0,4.1,6.4,6.3,6,5.7,4.8,4.7,1.2,0,2.7,4.5,6.1,5.6,5.7,6.8,6.1,6,5.6,0
St.Name,Year,Mo,1,2,3,4,5,6,7,8,9,10,11,12,13,14,15,16,17,18,19,20,21,22,23,24,25,26,27,28,29,30,31
Mymensingh  ,2022,1,6.9,6.1,6.2,5.7,5.5,6.5,7.6,8.2,7.2,5.5,0.5,0.6,6.4,0,3.8,8.5,8.1,6.4,5.7,4.7,2.7,0,0,4.8,5.5,0,7.3,6.9,7.4,7.2,6.2
Mymensingh  ,2022,2,1.9,3.5,3.1,0,5.5,5.6,9.2,7.6,8,0,6,9.1,9.6,9.7,9.7,10.2,9.2,9,9.8,5.4,8.5,7.7,7.9,6.3,6.1,8.6,4.6,7.5,,,
Mymensingh  ,2022,3,9.5,9.6,9.5,9.1,9.1,9.3,9.8,9.8,8.9,9.2,9.5,9.5,8.7,9.2,8.9,8.7,9,9.2,8.9,8.7,7.1,7.4,6.5,2,0.4,6.1,3.3,1.3,0,0,2.4
Mymensingh  ,2022,4,7.5,0,1.3,5.8,3.8,1.1,4.6,6.9,0,0,5.7,1.8,2.6,1.1,6.8,2.6,5.5,2.4,7.7,3.8,8.7,1.5,5.9,6.6,6.5,6.4,2.2,4.8,6.2,5.9,
Mymensingh  ,2022,5,7.8,6.5,1.2,6.9,6.1,1.8,5.9,8.5,1.5,0,4.4,4.6,0,0.8,2.6,1.8,1,6.7,3.1,3,0,4.6,7,5.3,3.4,10.4,5.9,10.1,5.6,9.5,3.5
Mymensingh  ,2022,6,4.5,0.2,0,0,0.9,0,0,2.3,0,4,5.8,0,0,0,0,0,0,0,6.3,0.7,1.7,2.7,5.5,5.6,9.3,7,2,1.8,0,0,
Mymensingh  ,2022,7,4.4,10,5.5,9.1,0,2.8,9.6,3.3,11.5,10.5,9.8,10,11.4,11.8,11.3,11.7,8.8,6.1,5.7,3.2,6,4.5,5.3,1,2.2,1.3,6.9,1.6,7.5,1.8,0
Mymensingh  ,2022,8,0,6.9,2.3,4.5,6.5,4.5,11.6,9.1,10.5,6.4,12,10,2.4,8.5,4.5,8.7,7.4,8.1,8.2,7.9,7.9,7.7,8.3,11.1,10.6,8.4,0,0.8,3.7,0.7,7.9
Mymensingh  ,2022,9,0,0.9,1.7,1.8,0.6,0.5,7.6,5.8,10.7,9.9,5.7,2.1,0,0.1,0.8,2.2,7.4,2.3,8.2,6.8,4.9,6.3,5.2,0.7,1.1,6.2,4.1,8.9,4.6,7.1,
Mymensingh  ,2022,10,6.7,0.4,1,9.7,7.2,7.5,9.4,8.4,3.4,9.2,5.2,4.3,4.1,6.2,10.2,10.3,8.1,9.3,9.3,9.8,8.1,9.4,0.6,0,1.9,4.7,8.6,9.6,9.2,9.6,9.6
Mymensingh  ,2022,11,9.4,9.1,7.9,8.7,7.9,9.2,7.4,8.5,9.7,9.8,9.6,9.1,7.4,9.1,8.8,8,8.8,9.5,8.8,9.6,9,9.4,9.3,8.4,9.3,9.9,9.5,8.5,7.3,8.3,
Mymensingh  ,2022,12,8.5,8.9,9,8.2,9.3,8.9,9.3,7.9,10,7.2,8.2,7.5,6.7,5.8,2.9,3.6,6.8,9.2,6.9,6.9,7.6,6.8,7.1,7.5,0,2.7,1.7,1.7,2,0,0
Mymensingh  ,2023,1,5.8,6.8,4.2,2.9,2.9,3.8,2.2,3.5,7.9,8.7,7.9,4.8,5.3,1.9,6.4,0,6.1,6.7,6.9,6.4,7.2,6.8,6.9,7.1,7.2,6.3,3.8,5.3,5.3,6.7,4.9
Mymensingh  ,2023,2,3.1,8.9,8.3,7.2,6.3,4.2,4.9,4,6.2,7.7,7.1,4.8,9.5,9.5,8.1,7.7,6.5,6.5,3.6,0,0,0,8,3.6,7.9,9,9.5,8.7,,,
Mymensingh  ,2023,3,8.5,8.4,8.6,7.3,6.9,9.4,9.5,8.6,9,3.9,9.3,8.1,9.7,5.7,4.7,0.5,0,8.3,0,0.3,4.1,4.7,6.8,9.2,6.8,4.5,9.7,8.7,7.4,2.1,4.3
Mymensingh  ,2023,4,2.8,9.2,9.4,7.1,8.2,7.8,9.9,10.2,9.7,10.4,10.3,10.6,10.8,10.3,5.6,10.4,7.7,7.2,9.1,8.5,5.1,11,0.6,9.9,11.4,9.7,6.6,9.2,7.9,8.7,
Mymensingh  ,2023,5,7.1,10.6,8.9,4.5,5.9,10,10.5,11,11.5,9.3,8,4.7,8.8,0.4,9.6,8.1,9.6,6,1,9.6,3,4.1,6.2,7.7,10.6,9.4,3.4,6.8,11.9,11.3,11.3
Mymensingh  ,2023,6,9.6,10.5,11.2,4.6,9,10.2,4.5,0,0,1.9,1.3,1.2,5.6,0,3.7,1.1,0.7,1.1,0,1.4,0,0,10.2,5,9.1,9.6,0,0,0,0,
Mymensingh  ,2023,7,1.1,0,3.7,5.6,6.9,4.5,2.4,6.8,5.7,1.1,0,5.4,0,5.3,5.4,3.2,4.3,9.4,9.2,9.9,6.2,5,6,5.1,8.3,5.4,4.3,4.1,3.1,7.8,10.1
Mymensingh  ,2023,8,10.4,3,1.9,3.2,1.6,0,0.2,0,3.2,1.9,0,0,0,1.9,1.5,9.6,9.1,8.8,6.9,4.2,2.3,0.4,5,0,0.7,0,0.3,3,8.7,10.7,6.8
Mymensingh  ,2023,9,3.4,4.4,7.7,7.5,11,5.5,3.8,0,5.5,7.2,1.1,3.6,4.2,9.6,10.3,10.8,9.8,7,5.7,0.2,2.9,3.9,0.4,3.5,6.4,8,7.4,10.3,8.8,5.1,
Mymensingh  ,2023,10,8.6,5.3,4.6,0,0,0,0.5,7.9,4.4,1.2,4.3,7,8,8.3,6.2,7.2,8.7,7.5,7.3,7.9,8.7,8.2,4.1,1.3,7.5,5.2,8.6,9.5,9.7,9.1,9.5
Mymensingh  ,2023,11,9.4,9.8,8.2,8.3,8.2,8.6,6.4,8.1,8.7,8.8,7.3,8.2,9.6,9.2,6.9,0,0.1,5.3,9,9,7.6,7,8.6,9.3,9.5,9.7,9.5,9,6.3,9.6,
Mymensingh  ,2023,12,8.2,8.7,7.8,5.4,0,0.1,0,0,6.4,2.7,3.3,2.9,0.8,4.4,8,8.1,6.2,7.1,8.4,8.2,9.1,9.2,1.2,6.5,5.2,5.4,7.6,8.9,9,9,5.4
Mymensingh  ,2024,1,3.1,0,0.9,3.4,5.4,7.6,8,3.9,2.3,1.3,0,0,0,2.3,2.2,0,2.9,5.4,7.1,4.1,2.3,0,0,0,0,3.9,7.7,7,6.1,5.5,0.5
Mymensingh  ,2024,2,5.3,0,7.2,7.5,4.8,0,8.3,8,8.7,7.9,8.2,8.2,7.8,4.2,4.3,6.4,7.6,5.5,6.8,0,0.4,2.5,6,5.3,1.4,9.5,8.5,8.7,9,,
Mymensingh  ,2024,3,9.3,8.4,6.7,4.8,8.6,10,9.6,9.3,9.6,9.6,9.8,8.4,6.2,5.7,7.1,7.6,9,6.1,3.2,0,1.2,7.9,8.1,2.1,6.5,8.2,9,8.6,5.5,0.8,7.8
Mymensingh  ,2024,4,8.2,9,9.2,8.2,5.6,8.4,2.6,0.5,0.4,2.8,0.7,7.9,9.3,9.4,8.6,7.2,7.7,6.1,7.5,8.4,8.5,8.2,8.1,9.8,8,10.2,9.3,9.3,9,9.1,
Mymensingh  ,2024,5,9,11,8.7,4.4,5.2,1.7,7.6,0,10.2,5.8,8,10.2,9.9,8.5,9.1,10.5,7.3,0.8,2.4,4.8,8.4,8.9,10.9,11.9,12.4,4.8,0,2.1,0.8,0,3
Mymensingh  ,2024,6,5.3,6.8,3.6,1.9,7.4,6.5,4.2,4.6,0,0,5.1,4.4,0,0,0,0,0,0,0,0,6.4,5.8,5.8,7.5,1.8,4.6,4.1,0.3,0,0,
Mymensingh  ,2024,7,0,0,0,0.7,0.3,0,2.6,5.4,0,0.8,1.9,2.4,2.4,2.1,7.4,5.6,2,9.4,10.2,8.6,7.4,8,6.8,5.2,7.4,9.4,11.1,11.6,10.4,4.6,2.2
Mymensingh  ,2024,8,0.2,0,0,4.9,0.5,3.8,5.2,1.4,1.7,1,0.5,0,3.9,7.8,8.7,3.9,6.2,2.3,1.3,0.6,0,0,2.6,9.4,6.3,6.3,7.1,9.5,9,9.7,7.3
Mymensingh  ,2024,9,1,9.9,0,1.5,0.9,9.7,7.8,8.3,9.9,9,9.5,11,6.8,0.1,0,0,7.9,9,9.5,9.5,6.6,10.1,3.1,3.1,0.1,0,0.5,2.6,0,0.3,
Mymensingh  ,2024,10,0,3.9,0.3,0,0,1.2,5.2,0,0.3,0.1,0,3.5,0.2,0.8,4.2,6.8,0,1.5,5.4,6.4,7.1,9.1,1,0.5,4.9,1.9,4.8,7.1,6.7,5.9,1.5
Mymensingh  ,2024,11,3.1,5.3,6.7,8.2,6.8,4.3,7.6,9.2,9.7,9.3,9.8,8.5,9.4,8.6,8,5.5,2.4,8.3,9.3,8.2,7.5,6.6,6.2,5.4,5.5,5.4,8.2,8.7,9,7.5,
Mymensingh  ,2024,12,7.5,8,8.4,7,1,5.5,6.7,4.9,2.4,4.3,3.1,2.2,1.8,3,6.7,9.1,7.5,5.6,6.9,2.2,3.4,3.8,7.4,8.1,6.4,6.9,7.5,7.6,6.6,6.3,3.1
St.Name,Year,Mo,1,2,3,4,5,6,7,8,9,10,11,12,13,14,15,16,17,18,19,20,21,22,23,24,25,26,27,28,29,30,31
Faridpur    ,2022,1,9,8.7,8.7,8.2,8.6,8.8,6.6,7.2,6,3.1,0.8,4.1,0,0,6.2,1.5,0,3.9,0,0,5.9,3,3,2.4,6.2,5.2,7.2,5.9,4.6,1.6,7.8
Faridpur    ,2022,2,5.8,7.7,9,8.8,9.5,9,5.2,8.8,9.6,7.9,2.6,1.2,7.1,7.2,5.5,6.7,1.2,8.3,2.5,0,9.4,9.2,8.6,7.6,9,8.7,8.7,8.7,,,
Faridpur    ,2022,3,9.3,9.7,9.6,9.7,9.1,9.6,9.5,9.9,10,10,10,9.8,10,9.6,9.7,9.7,9.8,10.2,10,9.6,8.4,7.8,7.7,8.4,6.4,4.6,7.9,8.3,7.3,7.3,8.8
Faridpur    ,2022,4,8.8,1.9,7,8.2,8.5,8.6,8.5,9.1,8.7,4.1,4.3,5.2,7.9,4.8,8.8,4.7,5.7,7.6,9,0.8,5.2,4.6,9.6,9.9,9.2,9.4,9.6,8.2,9.2,7.7,
Faridpur    ,2022,5,8.5,8,0.7,6.8,8.4,7.2,8.5,10.3,0.6,0.3,1,2.8,2.7,5.5,7.6,8.5,5.9,8.6,9.2,7.8,3.7,3.6,10.7,6.6,4.3,8.4,5.5,7.1,0.2,2,4
Faridpur    ,2022,6,3.7,4.1,3.3,3.5,6.1,3.2,3.4,5.5,0,8.6,7.1,3.5,2.9,4.1,1.5,2.6,0,0.5,0.9,0.2,0.1,3.3,3.8,5.4,6.6,9,10,6.4,1.6,0.5,
Faridpur    ,2022,7,3.5,8.3,3.8,3.3,8.1,4.7,10.9,6.9,8.9,12.3,3.6,10.5,11.1,11.4,9.8,11.3,7.7,7.2,4,3.1,7.3,8.1,4.1,0.8,1,0.6,5.4,3.8,4.2,5.3,0
Faridpur    ,2022,8,0.9,0.4,2.2,4.6,8.7,5.7,9.5,8.4,7.5,1.7,4.1,7.4,5.5,0,3.8,8.4,8.9,9.9,4.4,6.5,10.1,10.2,5.8,6.7,9.2,7.6,2.6,1.1,11.2,10.4,8.3
Faridpur    ,2022,9,4.4,8.5,4.1,2.5,3.3,1.6,4.8,7.5,8.8,5.2,2,0.3,0,0,1.6,2.5,7,3.5,11.6,5.7,6.4,8.1,6.6,6.9,3.6,4.7,2.9,7.8,7.5,6.3,
Faridpur    ,2022,10,4.4,0.4,0.8,5.6,9.3,7.6,7,10.3,9.7,10.2,7,4,4.3,8.9,10,10.3,10.1,9,7.1,9.9,10.2,9.3,0,0,7.8,10,8.9,9.2,7.9,9.7,9.5
Faridpur    ,2022,11,9.4,9.5,6.5,9.5,8.5,9.3,9.2,7.2,6.8,9.4,8.6,8.4,8.5,9.6,9.4,9.4,8.6,8.1,6.6,8.2,9.4,9,8.6,8.7,9.4,9.1,9.5,8.7,5.7,8.1,
Faridpur    ,2022,12,9.4,9.7,9,9.1,9.5,9,8.8,8.4,8.7,6.2,8.9,7.1,6.3,5.7,6.9,8.1,4.9,5.7,7,7.3,6.5,7.2,8.3,8.2,6.6,6.2,2.3,5.8,5.8,4,3.8
Faridpur    ,2023,1,4.9,6.7,0,0,3.9,2.5,0,3.2,8.8,7.8,8.3,5.6,6.9,0,6.9,6,1.1,1.5,8.4,7.7,7.3,5.5,4.8,7,5.5,5.5,8.6,7.9,7.6,5.4,4.9
Faridpur    ,2023,2,2.3,8.9,9,8.5,8,8.9,8.9,7.7,3.3,8.8,7.8,6.4,9.8,9.4,8.3,5.3,5.5,3,0,3.8,0.8,6.5,5.5,5.8,6.1,9.3,7.3,8.4,,,
Faridpur    ,2023,3,8.7,8.6,8.5,8.5,9.3,9.8,9.7,6.2,8.3,0.9,1.2,8.8,8.9,1.8,0.7,0.8,0.6,4.6,0,1.7,6.4,9.4,9.3,5.2,6.5,6.2,7.7,7.3,5.2,7.2,2.7
Faridpur    ,2023,4,3.6,10.1,9.9,9.8,8.4,9.6,9.3,9.9,10.1,9.6,9.7,10.4,10.6,10.5,9.5,7.6,9.2,8.4,8.5,8.1,4.8,9.2,0.2,6.9,10,9.4,7.6,9,7.4,7.2,
Faridpur    ,2023,5,5,10,5.2,5.8,9.9,9.2,10.4,10.2,9.7,8.6,10.4,1.8,0,1.9,10.9,8.1,8.5,5.7,7.2,10.5,10,10.5,5.2,7.4,8.7,9,1.5,9.8,11.1,9.5,10.8
Faridpur    ,2023,6,9.6,10.2,9.3,8.5,10.5,10.3,2.4,0,0,1.6,2.8,1.9,5.9,9.9,3.7,5,5.8,1.6,3.6,2.3,5.3,1.4,6.9,7.5,8.3,1.6,0,0,0,0,
Faridpur    ,2023,7,2.1,0.4,4.9,10.7,8.6,2.8,4.6,8.8,3.8,7.5,4.7,9.5,3.6,8.7,3.5,5.3,7.1,9.3,10.7,11.7,7.2,11,7.7,10.2,10.4,5.8,5.8,8.9,2.7,10.8,6.3
Faridpur    ,2023,8,6.5,1,0.1,0.6,4.3,0,0,0,4.3,3.3,1.9,2,0,0.2,0.9,2.4,7.1,10.3,8.1,10.2,6.9,0.2,0,0.3,0,0,7.5,5.4,8.4,7.2,5.4
Faridpur    ,2023,9,3.5,3,5.8,6.3,8.5,6.7,3.7,0.4,5.6,6.7,2.5,3.2,9.9,6.6,5.2,9.1,8.6,4.7,0,0.5,2.6,3.6,2.2,3.4,3.3,9.4,7.2,9.5,0,1.7,
Faridpur    ,2023,10,7.8,6,2.9,0,0,1.2,5.2,9.8,7.6,5.8,4.9,8.1,7.4,9.6,8.9,8.5,7.6,8.2,9.1,9.6,9.5,3.3,1.2,3.1,6.5,9.5,6.5,8.5,8.6,8,8.9
Faridpur    ,2023,11,10.8,9.3,6.6,5.7,4.3,9,7.1,6.4,8.3,8.1,8.4,9.1,8.6,8.7,8.5,0,0,8.6,8.4,7.1,5.6,5.7,7.2,8.2,7.6,9.7,8.1,8.5,2.6,7.9,
Faridpur    ,2023,12,3.8,7.3,5.4,2,0,0,0,0,3.2,5,5.6,5.5,7.2,6.7,4.9,7.1,7.8,7.3,7.5,8.3,8.1,7.9,4.1,2.7,0.7,0,4.1,7.2,9.2,8.8,0
Faridpur    ,2024,1,4.5,6.9,4.3,6.6,7.3,7.2,6.7,3,3.3,4.2,4.6,0,0,0,0.6,0,0,0.4,3.4,3.3,0,0.8,6.2,1.8,0.6,6.5,7.5,7.9,8.9,6.2,4.3
Faridpur    ,2024,2,0,4.2,8.2,8.8,6.9,0,7.2,9.1,9.9,8.4,8.8,6.8,6.4,3.9,5,7.7,9.3,7.1,5.1,0.4,7.8,0.7,4.5,5.5,0.6,9.1,6.9,8,9.6,,
Faridpur    ,2024,3,9.6,9.6,8.7,4.4,9.6,10.5,7.6,10,9.6,8.8,10.1,7.9,8.1,0.2,8.5,8.6,7.8,1,2.3,0,4.1,6.1,8.5,5.5,7.5,8.3,2.1,2.1,1.1,4.3,8
Faridpur    ,2024,4,9.1,8,9.6,8.5,4.2,7.4,0.1,0.4,4.8,1.9,4.3,9.3,8.7,7.6,9.8,7,8.4,8.3,10.2,10.8,9.1,7.3,10.6,10.9,10.7,9.9,8.5,9.7,10.1,10.3,
Faridpur    ,2024,5,10.6,10.2,10.8,6.4,10.6,2.5,6.3,3.8,6.1,10,4.2,8.5,9.3,10.2,9.8,11.1,8.9,1.1,2.6,4.1,9.9,5.8,9.7,10.5,10.3,0.8,0,4.3,4.1,7.4,6.5
Faridpur    ,2024,6,9.4,7.7,6.9,6.5,8.3,3.2,3.5,4.7,0.6,0.5,7.3,6.6,1.8,0.6,0,1.5,0.5,0,0,0,5.2,5.3,7.6,9.8,7.6,1.3,3.9,5.6,0.7,0.2,
Faridpur    ,2024,7,0,0,0.5,0,0.5,3.7,6.2,5.6,1.7,8.2,3.7,0.3,5.1,8.1,8.7,3.4,7.8,11.6,10.5,8.9,6.9,4.1,6.2,0.9,10.1,9.5,7.9,10.3,5.4,3.9,5.3
Faridpur    ,2024,8,0,0,0,7.1,1.2,6.5,6.7,6.4,7.1,6.9,0.6,1.7,5.4,9.6,7.8,4,9.7,1.9,0,5.7,0,0,1.1,6.8,0,0,4.4,6,8.5,9.2,9.1
Faridpur    ,2024,9,2.7,5.2,1.3,10,4.7,2.5,6.8,9.8,9.2,5.8,5.7,2.1,6.2,0,0,0,7.7,8.3,10.4,10.2,3.4,9.3,2,8,0.1,0,3.9,8.7,0.6,0,
Faridpur    ,2024,10,2.8,4.2,0,0,0,5.7,8.3,4,4.8,4.9,6.8,2.7,8.5,6.3,3.9,3.6,0,2.8,1.2,7.8,6.9,9,0.3,0,0.6,6,8.1,9,6.8,7.6,5.4
Faridpur    ,2024,11,7.5,6.5,2.9,7.4,7.5,7.7,9.4,9,10.1,10,9.8,9.3,9.2,7.3,6,8.4,7.6,7.9,9,9.3,7.7,7.7,6.8,3.5,4.7,7.6,8.2,7.6,8.3,2.3,
Faridpur    ,2024,12,6.5,6,9.7,5.9,7.5,8.4,8.7,7.6,2.2,3.2,4.8,0,5.7,6.9,8.7,8.2,8.1,7.2,5.8,4.6,0,3.8,8.1,9.8,2.4,8.4,9.1,8.8,8.2,5.4,5.7
St.Name,Year,Mo,1,2,3,4,5,6,7,8,9,10,11,12,13,14,15,16,17,18,19,20,21,22,23,24,25,26,27,28,29,30,31
Madaripur   ,2022,1,5.6,0.3,5.2,5.7,3.3,4.3,6,5.2,6,5.8,0,5.5,3.4,0,1.2,6.3,5.9,4.1,5.3,4.2,5.1,0,1.3,0,3.1,0.4,4.6,6.4,5.7,6.1,5.7
Madaripur   ,2022,2,5.7,5.9,2,3.1,5.7,7.2,6.8,6.2,6,0,2.9,7.2,7.7,7.4,7.4,7.5,7.2,8.4,7.8,5.3,7.2,0,5.5,6.3,7.2,7.3,7.3,7.7,,,
Madaripur   ,2022,3,8.2,8.7,8.6,8.9,8.7,8.4,9.1,8.4,9.2,9.3,8.8,8.8,9.2,8.4,8.3,8.7,8.1,8.4,8.5,8.2,6.8,7.3,6.9,7.2,4.3,0.5,3.8,8.2,6.1,7.1,7.3
Madaripur   ,2022,4,7,2.7,5.6,7.9,8.8,8.4,8.6,8.3,7.9,4.4,4.1,4.4,6.1,3.1,7.6,3.5,2.9,7.1,0,8,4.9,3.6,5.9,8.8,0,6.9,8.2,1.3,9.3,4.8,
Madaripur   ,2022,5,9.3,6.4,0,3.7,9,7.4,9.3,10.4,0,3,1.7,4.5,3.8,2,5.8,7.6,6.9,9.4,5.8,8.1,4.6,5.3,10.1,6.4,5.4,8.4,1.4,6.7,0,0.1,1.9
Madaripur   ,2022,6,3.7,1.7,2.2,1.6,7.3,6,6.3,1.4,0,8.3,4.4,6.9,1.6,0.1,0,0.6,0,0.5,0.2,0.9,0.2,4.2,2.4,4.2,4,7.6,5.5,3.2,0.6,0,
Madaripur   ,2022,7,4,7.8,2.9,3.7,1.2,2.8,8.5,3.3,9.3,9.1,5.6,9.6,9.9,10.7,10,9.5,5.1,4.9,4.8,4.7,8.1,6.9,2.3,0.2,1.5,0.7,7.9,2.8,3,6.5,4
Madaripur   ,2022,8,1.8,1.2,2.3,7.3,8.4,4,10.2,9.7,4.8,1.9,1.2,7.2,1.1,0,1.6,10.1,7.1,9.1,0.5,10.4,7.4,7.8,2.9,3.3,8.8,4.6,1,4.5,9.9,10.2,9.7
Madaripur   ,2022,9,5.3,0.7,4.7,0.8,2.5,2.8,5.9,8.3,7.4,2.1,0,0,0,0,2.7,3.8,7.8,2.5,5.8,3.6,4.5,5.1,6.4,4.8,1.9,6,3.5,5.6,8.1,0,
Madaripur   ,2022,10,1.4,1.1,0,4.5,6.3,3.8,7.7,9.3,9.1,5.4,5.5,6.1,9.1,5.6,8.4,9.6,9.4,7.7,5.1,8.6,9,8.8,0,0,6.1,9.1,4.7,7.6,6,3.9,2.9
Madaripur   ,2022,11,6.9,8.7,7.8,7.4,7.8,8.6,8.1,8.4,8.6,7.3,8,8.7,7.3,8.6,7.9,9,8.2,7.6,7.3,2.7,8.8,8.4,8.2,8.3,8.6,7,8.5,8.7,7.7,8.3,
Madaripur   ,2022,12,8.8,8,8.7,8.3,8.4,8.5,7.1,4.9,7.7,6.4,8.1,6.4,5.7,5.1,6.5,5,0.2,6.2,6,6.8,5.5,5,3.9,8,6.6,6.3,0,0,5.8,0,5.3
Madaripur   ,2023,1,0.9,6.2,6.4,0,0.9,0.2,0,0,7.9,7.8,7.8,7.2,6.9,0,4.4,3.8,2,0,7.9,7.1,7.5,5.8,0.3,6,6.3,1.9,7.8,6.3,7.9,6.5,4.4
Madaripur   ,2023,2,0.1,8.9,8.4,7.3,7.7,9.2,5.8,6.7,4.7,8.5,8.2,4.2,9.4,9.3,8.7,8.1,7.4,6.2,5.4,4.7,6.6,6.5,6.7,6.3,4.4,9.2,8.5,7.8,,,
Madaripur   ,2023,3,8.5,7.7,8.7,8.5,8,8.6,8.6,4.7,5.7,0.2,5.8,8.6,8.7,5.4,1.6,3.6,2.5,2.1,0,3.1,5.9,8.8,7,8.5,6.7,6.7,5.1,6.6,3.1,6.9,3.2
Madaripur   ,2023,4,0.9,10.1,9.4,9.2,9.3,9.2,9.2,9.2,9.1,8.6,9.2,9.3,9.4,9.8,8.7,7.8,8.6,7.8,8.3,9,4.3,8.1,0.7,6.7,9.3,9.8,8.2,9.8,8.1,6.4,
Madaripur   ,2023,5,2.4,10.1,1.4,0.5,5.1,6.2,8.9,10,7,9.7,10.1,2.1,2.5,0.2,10.6,8.4,4.9,2.8,6.2,9.6,7.8,9.9,3.7,0,5,7.1,4.2,7.5,10.8,8.5,8.8
Madaripur   ,2023,6,7.6,9,8,9.7,10,8.4,0,0,0,0.2,1.8,1.3,4.2,7.6,0,0.4,5.3,0.3,0.7,3.5,3.3,0.6,2.4,5.4,5.6,0.2,0,0,0,1.9,
Madaripur   ,2023,7,1.5,2,1.4,9.4,5.6,1.3,3,6.2,7.3,0.4,0.4,3.2,2.1,3.6,2.9,0.8,4.7,9,8.7,9.6,9.6,9.4,7,8.5,8.3,6.5,2.5,5,1.9,7.8,7.2
Madaripur   ,2023,8,3.8,0.5,0,0,1.2,0,0,0,1.3,1.2,0,0.1,0,2,2.1,1.9,6.9,10,6.4,8.3,4.5,1,0.1,0,0.2,0.1,2.7,1.5,6.2,4.6,3.2
Madaripur   ,2023,9,1.6,2.5,2.3,4.3,7,5.1,1.5,0.1,5.4,5.7,0.6,6.4,7.5,0,2,9.4,6,2.2,0,0,2.9,2.1,1.6,3.4,4.5,8.4,1.7,5.1,0,2.3,
Madaripur   ,2023,10,6.4,4.8,0.5,0,1.8,2.7,3.1,8.6,6.4,6.4,3,7.5,9.4,9.3,8.3,9.2,5.4,8.3,8.6,9.6,9.6,5.6,1.2,0,6.1,9.4,8.9,8.1,8.9,9.3,8.7
Madaripur   ,2023,11,9.2,9.5,7.9,4.1,2.7,8.9,8.2,7.9,8.5,8.2,8.9,8.5,8.6,9.1,6.5,0,0,8.7,7.4,5.5,5.5,7.9,6.6,7.9,9.1,6.2,9,7.7,7.3,8.5,
Madaripur   ,2023,12,8.8,7.4,6,0.3,0,0,0,0,5.6,0,5.9,7.1,0,6.4,6.3,7.4,7.3,6.6,7.6,6.5,6.1,7.4,3,6.1,1.2,0.4,2.3,2.7,6.9,7.1,1.9
Madaripur   ,2024,1,1.1,4.5,7.3,7.5,7.6,0,3,7.1,8.6,8.1,8.3,6.2,6.3,2.8,4.5,7.8,8.8,8.3,7.9,6.8,0.7,3,6,2.1,0.8,2.5,8.2,8.5,8.8,5.8,1.1
Madaripur   ,2024,2,1.1,4.5,7.3,7.5,7.6,0,3,7.1,8.6,8.1,8.3,6.2,6.3,2.8,4.5,7.8,8.8,8.3,8,6.8,5.7,2.8,3.5,6.6,3.9,8.8,7.1,8,0,,
Madaripur   ,2024,3,8.4,9,8.5,3.6,8.9,9.8,4.6,9.2,5,9.3,9.5,8.2,8,0.8,8.3,8.4,6.2,1.4,0.1,0.5,2.4,6.9,9.3,7.2,6.2,9.1,4.6,2.4,2.2,5.2,6.8
Madaripur   ,2024,4,9.2,7.9,8.1,7.6,1.6,8.5,0,3.9,6.7,1,2.8,7.6,6.4,7.4,8.3,8,7.9,8.2,9.5,10.1,8.5,5.2,9,10.2,10.2,8.4,8.9,9,9.5,8.4,
Madaripur   ,2024,5,9.3,6.5,8.2,7.4,9.6,2.7,4.9,3.1,6.2,8,3.8,4.5,10.2,10.4,9.3,8.2,9.5,2.7,1.3,5.2,9.6,9.2,10,11,10,0.6,0,2.4,1.2,5.4,1.5
Madaripur   ,2024,6,8.8,6.1,6.2,5.8,8.9,4.1,4.7,7.5,0.8,1.3,7.1,1.9,0,0.2,0.4,3.6,0,0,0,0.4,2.2,3.2,5.2,6.5,6.8,0.3,5,0.4,0,1.7,
Madaripur   ,2024,7,0,0,0.2,0.3,2.6,5,4,0.6,2.3,2.8,4.1,0,6.3,7.5,8.1,3.6,5.4,8.4,8.6,2.4,0.5,2,4.9,3.7,6.6,3,0,5.8,4,0,2.9
Madaripur   ,2024,8,0,0,0,1.2,1.7,6.4,4.3,1.2,3.5,1.4,1.8,2.8,5.4,4.2,1.8,3.2,2.5,0.3,0,0.8,0,0,0,4.9,0,0.1,3.4,1.7,9.9,9.6,5
Madaripur   ,2024,9,4.7,4.9,1.9,8.1,6.4,4,5.7,9.4,9.5,5.3,6,0.7,0.9,0,0,0.8,5.8,4.1,6.2,8.6,2.5,8.5,0,5.6,0.1,0,3.2,8.6,6.4,0.3,
Madaripur   ,2024,10,3.6,1.2,0,1.1,0,4.6,4.1,7.2,6.3,6.1,7.9,5.9,5.5,7.7,6.7,3,0.8,3.4,1.1,7.8,8.9,7.2,0,0,3.4,6.9,7.5,7.1,8.2,7.7,7.9
Madaripur   ,2024,11,8.2,7.4,4.3,6.8,1.2,4.4,7.1,7.8,8.3,7.6,3.6,5.4,7.4,6.4,6.1,6,6.2,6.1,7.1,7,7.1,6.7,5.3,5.7,3.7,5.2,4.3,4.6,4.7,0.4,
Madaripur   ,2024,12,5.8,0.7,6.9,6.4,5.5,6.3,6.4,5.9,4.6,4.7,5.4,1.5,4.2,5.7,6.2,6.3,6.3,5,4.1,5.6,3.4,4.8,6.8,6.1,1.6,6.5,6.9,6.5,6.1,6.3,5.5
St.Name,Year,Mo,1,2,3,4,5,6,7,8,9,10,11,12,13,14,15,16,17,18,19,20,21,22,23,24,25,26,27,28,29,30,31
Srimangal   ,2022,1,9.1,9,5.2,5.6,4.9,5.8,8.1,9.2,9,6,6.7,0.9,6.6,0,1.6,5.4,8.6,4.3,5,0.8,4.8,4.1,4.3,4.7,8.5,4.3,0.6,8.5,8.7,7.2,5.5
Srimangal   ,2022,2,2.8,6.4,3.7,3.2,3.8,8.6,7.1,8.3,9.6,0,8.9,9.2,9.7,9.5,9.6,9.4,9.5,9.3,9.5,6.8,8.9,9,8.8,7.9,9.2,9,9,7.5,,,
Srimangal   ,2022,3,9.5,9.5,9.7,9.6,9.5,9.6,10.2,9.4,9.2,9.2,9.6,9,9.1,9.4,9.5,9.5,9.6,9.1,9,9.2,9.3,9,8.7,8.4,4,5.6,4.4,1.7,0.7,0,4.5
Srimangal   ,2022,4,5.5,6.2,4.6,8.5,8.4,7.2,8.3,9.5,6.8,7,4.7,5.9,4.3,2.3,8,2.5,6.8,6.9,8.4,0,9.4,2.2,10.3,9,9.3,9.4,9.7,10.3,8.7,8.9,
Srimangal   ,2022,5,9,5.9,2,3.7,7.7,9.6,7.9,10.3,0,0,2.2,5.6,0.9,2.6,4.9,5.5,0.3,5.7,5,4.1,2.7,10.9,3.4,9.6,2.2,2.7,6.5,7.4,3.2,7.5,5.1
Srimangal   ,2022,6,1.3,1.3,0.7,1.2,2,5.7,0.1,1.7,0.6,1.1,7.3,0.4,0,0.5,0,0,0,0,0.3,1,1.3,2.4,1,3.8,4.8,9.3,9.8,1.7,0,0.9,
Srimangal   ,2022,7,5.1,9.1,2.4,7.4,5.3,0.5,7,1.9,9.3,9.7,9.3,10.4,10.9,10.4,6.8,10.3,7.2,6.4,5,5.9,9.4,5.2,8.6,0.2,0.1,0.6,8.5,4.2,8.5,2.1,1
Srimangal   ,2022,8,2.7,5.3,4,7.5,3.5,6.7,9.6,2.8,6.8,5.7,10.8,5.5,1.4,4.5,4.6,7.6,9,3.3,8.9,8.9,5.5,6.1,9.4,9.4,10,3.9,0,5.4,7.8,4.9,4.6
Srimangal   ,2022,9,6.3,9.4,8.1,4.7,2.7,8.5,6.6,8.5,5.5,9,0.5,0,0,0,2.2,7.1,5.4,6.6,6.9,8.2,6.4,6.8,9.2,6.1,4,5.8,3.3,6.4,8.7,5.5,
Srimangal   ,2022,10,6.1,1.3,3.4,3.5,3.3,8.3,10,7.9,2.8,3.8,6.2,4.6,4.8,8.8,9.5,9.6,9.2,9.8,8,8.7,9.8,9.8,0,0,0.5,7.8,9.7,8.5,9.5,9.5,10.3
Srimangal   ,2022,11,9.9,8.9,0.8,5,8.7,8.7,8.2,9.3,10.1,9.4,9.4,9.4,9.3,9.4,9.5,9.4,9.3,7.3,8.7,8.1,9.3,9.2,8.8,8.8,8,9.5,9.5,8,5.3,2.3,
Srimangal   ,2022,12,7.5,8.3,9,9.4,9.1,8.6,9,9.2,9.3,7.9,9.3,8.4,8.1,6.6,4,4.4,5.9,8.6,8.1,6.8,7.8,8.2,8.5,5.7,4.4,3.3,0.8,4.2,0,2.6,2.3
Srimangal   ,2023,1,5.3,7.3,7.7,4,4.4,2.9,5,4.5,6.1,8.3,8.2,7,7.7,4.3,6.9,6,7.5,8.4,8.9,8.2,7.4,8.4,7.8,5.8,7.9,7.1,6.8,6.7,4.7,5.7,8.1
Srimangal   ,2023,2,0,8,7.7,8,7,7.3,7.6,6.5,7.1,5.2,7.9,1.8,9.3,9.3,8.8,8.4,8.1,7.7,6.8,4.1,2.5,5.8,6.9,5.9,9.3,9.7,8.6,8.8,,,
Srimangal   ,2023,3,8.6,8.6,8.3,9.1,7.6,8.9,9.3,6,8.8,2.7,7.6,8.7,9.4,8.7,2.6,1.2,1.3,6,0,2.7,3.3,8.1,4.2,9.3,4.7,7.5,9,8.2,3.4,4.7,8
Srimangal   ,2023,4,2,9.1,6.7,7.5,7.5,7.7,10,10.4,9.9,9.9,8.4,10.1,10.5,10.5,7.7,8.7,9.5,9.1,9.8,9.9,1,8.8,1.6,8.7,11.2,9.3,9.3,10.7,9.4,10.5,
Srimangal   ,2023,5,5.1,10.4,4.5,2,8,10.5,10.2,10.9,9.8,9.7,10.1,1.9,0.3,0,3.3,9.1,4.9,4,3.2,7.9,9.4,9.3,3.7,1.3,11.3,7,3.7,7.7,10.5,11.1,11.4
Srimangal   ,2023,6,8.5,6.3,9.1,7.3,10.3,9,2.9,0.8,3.2,2.8,0.1,0,5.4,0,1,0,0,0,0,0.7,1.9,0.4,5.5,8.9,6.4,6.2,1,1.9,1.7,1.6,
Srimangal   ,2023,7,0,0,1.9,6.3,5.1,4,5.4,5.5,0.9,0.9,2.3,8.2,5.1,5.5,6.4,2.6,0.4,10.8,10.9,7.9,5.5,8,7.1,5.6,8.1,8.1,5.1,4.5,7.6,8.3,9.5
Srimangal   ,2023,8,8.6,3.7,0.3,0.9,2.5,0,0,0,4.3,0.3,0.1,2.8,1.7,1.4,0.2,1.2,9.1,10.3,9.3,8.8,6.9,0,2.5,1.8,2.7,0,0,3.3,9,8.6,2.8
Srimangal   ,2023,9,2.1,4.6,8.1,7.7,8.7,9.5,3.9,2.7,6.9,4.5,7.7,6.5,7.2,5,8.5,9.6,9.4,4.2,3.4,1.4,4.4,2.7,5.8,6.5,6.8,9.7,7.1,10.2,7.6,4.4,
Srimangal   ,2023,10,6.6,7,4.6,1,0,0,0.6,8.1,2.6,6.2,5.2,7.1,7.6,8,8.9,9.3,7.5,7.3,9.4,9.5,9.4,5.4,0.4,0,2.3,6.7,8.3,9.2,9.1,9.8,10
Srimangal   ,2023,11,10,9.9,8.6,9.1,8.8,8.7,6.3,8.3,9.1,9.5,9.6,9.6,9.7,9.5,7.8,0,0,1.7,9.6,9.3,3.8,8.8,6.1,8.4,9.8,9.6,9.2,8.4,4.7,7.6,
Srimangal   ,2023,12,9.3,0,7.9,3.7,0,0,0,0,3.9,0.4,4.8,2.9,4.3,6.9,8.1,8.2,8.9,8.2,9,7.3,7.7,7.2,1.9,7,5.8,6.8,8.6,8.8,9.1,9.1,9.2
Srimangal   ,2024,1,5.2,1.8,3.9,1.4,5,5,8.7,7.8,0,4.4,0.9,0.3,4.3,3.1,0,3,1.6,3.5,7.9,5.1,3.8,0.6,4.1,3.3,4.6,6.6,5.1,6.6,6.8,6.3,0.4
Srimangal   ,2024,2,5.9,1.7,7.4,6,5.8,0,6.1,7.7,8.5,8.5,8.6,7.2,7.1,3.9,7.4,7.3,6.5,8.5,8,1.7,6,0,2.4,8.2,4.4,9,6.3,8.1,8.9,,
Srimangal   ,2024,3,9.6,9.6,8.8,4.7,9.1,10.1,9.5,10.1,10.1,9.8,9.3,9.3,8.5,5.6,8.8,7.4,9.1,4.7,5,3.4,0.1,7.7,7,6.5,8.4,8.5,6.8,7,3.3,0.5,5.2
Srimangal   ,2024,4,6.8,7.8,7.3,8.4,6.9,8.9,2.3,4.4,7.3,2.2,6.6,9.5,8.9,10,9.7,8.1,8,9.1,7,8.2,9.5,6,7.7,9.8,10.4,9.4,9.9,7,7.8,9.1,
Srimangal   ,2024,5,8.8,7.2,10.4,8.8,4,0.4,9.1,0.7,9.9,7.1,3.7,11.2,10.3,10,9.7,10.3,9,0,0.4,6.8,10.8,8.2,11.6,12.1,11.7,2.9,0,0.3,2.7,0.9,5.4
Srimangal   ,2024,6,8.6,9.1,2.8,0.3,6.7,4.3,4.4,1.6,0,1.5,5.6,1.5,0,0.2,0,0,0,0,0,0.8,5.1,4.4,5,4.3,5.9,4.1,2.1,2.5,1.9,1.2,
Srimangal   ,2024,7,0,0.4,4.2,2.4,1.9,4,4.6,1.4,3.9,1.2,6.7,3.4,3.7,5.5,8.5,6.2,7.8,10.6,7.6,9.3,4.5,1,3.4,7.7,10.2,8.7,9.6,6.9,5.8,4.9,4.7
Srimangal   ,2024,8,0.2,0,0.3,6.5,2.5,4.3,2.9,1.6,3.3,4.9,3.9,0,4.3,7.5,7.7,0.4,0.1,0,0,0,0,0,2.1,9.8,5.9,2.5,6.5,5.2,6.9,9.2,3.4
Srimangal   ,2024,9,4,10.8,4,4.9,3.1,7.2,10.6,10.4,7,4.2,7,10.1,5.3,0,0,4.8,8.3,7,8.8,9.8,0.2,9.1,7.9,4,0.4,0.2,8.2,4.5,0,3.1,
Srimangal   ,2024,10,0,5.3,0,1.2,0,4.4,2.5,1.1,3.6,2.2,0.2,3.5,3.5,2.4,1.2,5.8,2.8,2,2.2,6.8,7.1,9.9,0,0.9,5.7,6.9,8.2,9.6,9.6,2.8,0.6
Srimangal   ,2024,11,7.2,6,8.1,8,8,3.5,9.8,10.4,10.3,10.2,9.7,8.6,9.7,9.8,9.4,9,9.6,9.3,9.6,8.8,8.5,8.1,7.6,7.2,7.8,7.9,8.5,8.2,8.6,8.6,
Srimangal   ,2024,12,7.4,7,7.1,8.7,4.8,5.1,2.8,4.8,3.4,6.6,1.8,3,0,5.8,6.2,8,8,6.2,3.5,3,0,6.2,7.6,8.7,4.4,7.8,8,7.7,5.9,7.8,3.4
St.Name,Year,Mo,1,2,3,4,5,6,7,8,9,10,11,12,13,14,15,16,17,18,19,20,21,22,23,24,25,26,27,28,29,30,31
Sylhet      ,2022,1,8.2,10.6,7.7,7.7,8,8.6,8.6,8.8,8.7,8.6,3.5,3.8,6.1,0,0.2,4.2,8.5,7.5,8,2.4,1.7,5.7,2.8,5.4,5.4,5.6,3,7.9,8.1,6.2,5.3
Sylhet      ,2022,2,1.3,6.6,0.4,0.9,0.8,5.6,8.8,5.8,8.3,0.1,8.7,8.4,7.9,9.7,9.5,9.5,9.1,8.8,9.6,7.3,6.1,8.4,5.1,0.6,6.2,8.7,7.6,8,,,
Sylhet      ,2022,3,8.9,9.6,9.6,9.3,9.1,8.7,7.9,9.2,7.8,8.7,8.7,9.3,9,8.3,9.4,9,8.8,8.2,8.9,7.9,8.8,8.2,8.5,1.1,2.6,6.2,8,1.5,1.4,0,1.1
Sylhet      ,2022,4,1.4,1.3,1,3.6,5.9,6.9,7.1,4.2,6.2,5,2.8,4.4,3.4,0.2,4,4.2,5.8,7.7,6.2,0,11,0.1,6.7,3.9,5.9,8.3,7.2,8.3,6.2,3.7,
Sylhet      ,2022,5,4.6,3.6,0,10.3,9.5,7.5,8.3,9.1,1.1,0,0,1,0,0,0.3,1.7,0,1.8,1.6,2.7,1.6,8.1,3.3,8.7,0.7,3.3,3.7,8.7,5.4,8.7,6.7
Sylhet      ,2022,6,3.9,1.1,0,0,0.1,3,0,0,0.5,0,3.4,0,0,0,0,0,0,0,0,0,2.4,3,2.1,3.7,3.1,4.3,3.8,1.9,0,0.5,
Sylhet      ,2022,7,2.2,8,5,4.7,6.4,0.6,7.8,2.4,7.3,7.6,8.4,8.7,12.1,13,8.9,5.7,5.7,3.7,1.4,3.2,6.9,4.8,7.7,0,2.4,0.5,4.8,2.7,5.7,1.9,0
Sylhet      ,2022,8,1.6,5.1,4.7,3.1,4.4,3.1,9.7,4.9,7.2,0.8,9.6,8,0.2,4.8,5.5,3.7,7.8,5.5,8.9,9.7,5.6,4.4,7.3,8.9,6.2,7,0,1.5,6.7,1.3,6
Sylhet      ,2022,9,1.5,0,0.2,0,0.1,1.6,2.8,7.9,8.9,7.5,7.2,3.5,0.5,2.9,0.3,0,3.9,4.5,9.5,5.8,5.8,6.1,6.8,2.9,4.2,6.4,5.3,6.7,5.6,8.2,
Sylhet      ,2022,10,6.3,1.6,3.7,8.3,6.1,8.1,10.4,6.5,3.4,4.9,0,1.2,4,6.6,8.8,9.5,7,6.7,7.9,8.3,9.9,9.4,1.1,0,0,3.2,9.2,8.5,9.8,9.1,8.8
Sylhet      ,2022,11,9.8,8.6,2.8,8.3,9.5,7,10,9.3,8.5,9.4,9.3,6.7,9,9,6.9,9.1,9.2,8.4,8.3,9.1,7.4,8.4,6.3,7.9,9,6.4,9,7,6.7,6,
Sylhet      ,2022,12,4.9,6,8.6,7.3,8.5,7.8,8.2,8.8,8.7,7,8.2,7.4,6.9,6.5,5.9,6.3,7.9,8.1,7,6,7.8,7.8,7.9,7.3,5,0,0,5.7,5.6,4,4.1
Sylhet      ,2023,1,6.2,7.8,8.4,7.2,5.4,5.4,6.4,5.8,8.4,7.2,7.9,6.1,4.9,1,6.2,4.6,4.7,7.4,8.1,6.6,8.7,8.5,7,7,7.6,7.6,7.5,3.7,6.3,7.6,4.7
Sylhet      ,2023,2,0.7,4.9,6.1,6.4,4.3,4.8,3.5,2.1,6.7,6.7,7.7,1.5,9.3,7.7,8.8,7.9,8.6,8.1,7.7,4.8,0,0.2,3.6,1.8,7.8,9.6,8.7,9,,,
Sylhet      ,2023,3,8.5,8.2,6.5,8.2,8.2,7.2,8.4,6.7,8.3,3.8,4.7,7.8,8.2,7.3,2.1,1.8,0.4,6.8,0,1.6,4.8,4.7,3.6,9.2,6.7,4,8.1,8.7,2.7,6.6,6.5
Sylhet      ,2023,4,0.4,4.7,4.7,5,4.1,6.4,10.3,9.5,10.4,10,10.1,10.2,9.7,9.4,5,9.4,2.9,5.2,6.5,8.3,0.3,9.7,0,10.5,10.2,9.2,9,9.9,8.6,6.9,
Sylhet      ,2023,5,7,10.2,5.3,1.5,6.6,6.9,7.8,8.7,9.5,8.4,5.7,1.8,0.5,0.3,8.3,8.1,3.2,0.4,0,5.2,7.8,5.7,0.7,5,10.2,9.2,5.5,10.5,9.1,10.9,10.9
Sylhet      ,2023,6,5,4,4,5.8,9.4,7.9,6.9,2.1,3.6,5.7,0,0,4.4,0,0.5,0.3,0,0,0,0,0,0,6.2,4.6,6,8.9,1.8,0.9,0,0,
Sylhet      ,2023,7,0,0,0,6.5,5.1,2.5,0,2.5,2.1,0.3,1.6,2,0,2,5.1,1.7,0.2,8,6.9,3.8,4.1,6.6,4.1,5.1,5.1,3.8,1.3,4.9,6.9,7,10.1
Sylhet      ,2023,8,4.8,1.6,1.3,2.9,0.3,0,0,0.2,2.9,0,0.6,0,0,4.4,0,3.2,10.4,7.8,4.6,5.5,2,0,0.2,0,0.2,0,0,0.1,5.6,9.2,4.4
Sylhet      ,2023,9,4.8,1.4,9.3,8.3,6.2,6.5,1.9,1.9,3.2,4.3,8.6,2.8,4.7,8.2,8.4,6.5,9.9,5.6,4.2,0.4,2.4,1.1,5,6,5.1,8,0.4,9.3,9.1,1.5,
Sylhet      ,2023,10,6,6.4,4,0.9,0,0,0,2.1,0,5.2,2.4,4.6,6.1,3.4,5.2,8.9,6.6,7.2,8,9.3,9.4,8.1,3.7,0.3,4.5,6.4,4.2,9.4,9.6,9.4,9.2
Sylhet      ,2023,11,9.9,9.4,8.6,7.8,8.9,6.6,6.9,7,8.1,8.7,9,9.1,8.4,9.3,8.1,0.7,0,8.2,8.8,6.8,3.1,7.4,8.8,8.5,9,9,8.5,6.7,6.3,8.8,
Sylhet      ,2023,12,6.4,8.3,7.7,6.2,0,0.6,0,0,3.1,4.3,5.9,5.9,4.1,5.6,7.3,7.8,6.4,8.6,8.7,8.7,8.1,6.6,0.5,3.2,6.9,6.1,8.6,8.6,8.4,8.2,8.6
Sylhet      ,2024,1,8.3,6.8,5.6,6.2,5.5,6.5,8,7.4,5.9,5.4,1.2,0,4.2,5.6,5.5,4.9,0.2,4.5,7,8.4,3.4,2.8,2,3.8,4.5,7.5,5.1,7.1,7.1,7.4,1.3
Sylhet      ,2024,2,6.7,0,6.4,8.1,6.1,0,6.5,8,8.8,8.3,8.9,8.6,8.9,5.2,8.2,6.2,4.5,7.4,8.2,0,0.1,0.1,2.2,8.9,1.7,9.4,7.3,8.2,8.1,,
Sylhet      ,2024,3,8.7,9.2,9,3.5,8.6,9,10.8,9.9,8.7,9.1,8.2,7.8,5.6,2.8,6.4,6.5,8.3,5.9,3.7,0.5,0.1,4.1,1.7,3.1,6.9,5.9,6,7.3,6.5,0.1,3.4
Sylhet      ,2024,4,3.8,7.6,4.2,2.7,2.9,3.4,1.1,3.9,7.5,2.2,6.1,6.9,10.4,9.5,6.7,4,0.9,9,5.9,9,6.2,5,5.2,7.2,6.7,7.7,9.8,6,6.1,5.6,
Sylhet      ,2024,5,5.4,2.6,10.4,6.2,0,0,9.1,0.8,7.1,9.9,5.4,10.9,11.3,7.8,6.4,7,3.8,0.4,0.5,1.1,8.1,11.2,0.5,10.7,10.6,6.5,0,0,0,0,3.6
Sylhet      ,2024,6,5.3,4.3,0,0,4.6,3.7,7.5,1.8,0,0,2,2.4,0,0,0,0,0,0,0,0,1.2,2.6,4.3,0,1.2,3.9,1.4,0.5,0,0,
Sylhet      ,2024,7,0,0,0,2.3,0,0,0,0.1,0,0,1.4,0,1.8,2,6.5,3.7,5,8.7,8.4,3.5,7.1,1.6,2,6.6,7.6,9.4,9.8,11.6,0.5,0.6,4.3
Sylhet      ,2024,8,0.1,0,0.7,3.5,0,1.6,3.1,0.5,0.4,0.1,0,0,2.1,9,4.3,0,0.1,3.4,0,0,0,0,7.1,4.4,6.8,5.4,7.5,4.9,5.7,9.5,3.1
Sylhet      ,2024,9,2.9,9,2.2,5.3,3.6,6.7,9.9,8.1,5.9,4.4,5.5,11.1,7.3,0.6,0,4,9.3,6.3,6.8,5.7,8.6,10,7.7,5.9,0,0.3,4.6,2,0,3.9,
Sylhet      ,2024,10,0,7.3,0,0,0,4.1,3,1.4,3,1.9,1.2,2.8,2,6.5,2,4.1,4.3,1.3,3.4,8.2,8.7,9.1,0,0.4,7.2,3,6.6,9.3,7.7,3.7,3
Sylhet      ,2024,11,6.9,8,8.9,8.9,6.9,0.2,8.2,7.7,9.2,9.4,9.5,8.9,8.7,9,9.2,9.1,8.4,8.8,9.1,8.9,8.4,6.6,6.5,5.2,7.9,8,7.3,7.6,8.5,8.6,
Sylhet      ,2024,12,6.7,7.8,6,6.3,7.4,0.6,3,7.2,7.9,4.5,6.2,6,4.6,5.2,10.3,5.5,6.4,6.5,6.8,3.7,0.2,7.5,8.3,8,2.9,6.8,6,6.7,6.4,6.7,6.8
St.Name,Year,Mo,1,2,3,4,5,6,7,8,9,10,11,12,13,14,15,16,17,18,19,20,21,22,23,24,25,26,27,28,29,30,31
Bogra       ,2022,1,4.8,0.5,5.4,0,1.2,2.7,3.1,7,0.5,4.8,0,0,5,0,3.2,7.1,7.4,4.3,1.5,0,0,0,0,4,0,0,6.2,1.6,3.6,2.9,0
Bogra       ,2022,2,2.2,3.1,0,0,1.3,0.4,7.6,3.5,6.4,0,5.9,8.8,8.9,9.2,8.9,6,7.6,8.8,9.3,2.8,7.6,8.4,7.8,4.7,4.1,7,1.6,6.9,,,
Bogra       ,2022,3,9.3,9.3,10,9.6,9.5,9.5,9.8,9.7,9.7,9.9,9.7,10.2,9.6,9,10,9.5,9.6,9.6,9.4,8.3,6,3.9,5.8,6.5,5.3,8,5.3,2.9,0,0,1.1
Bogra       ,2022,4,2.8,0,3.4,6.6,3.5,5.4,3.7,3.4,3.5,3,3,0,0.3,0,7.3,5.7,3.5,4,4.9,0.9,0.5,0.2,8.6,9.7,9,7.4,4,6.4,6.5,7,
Bogra       ,2022,5,7.8,7,3.3,1.4,6.7,0.3,4.7,7.9,2.5,2.8,1.6,5.8,1.4,0.9,1,3.4,2.6,6.1,1.1,1.4,0.4,5,8.1,8.6,3,10.7,7.9,6.1,4.5,4.8,1.5
Bogra       ,2022,6,5.2,0.8,2.9,0,1.6,0,0,2.7,0,1.6,1,0,0,0,0,0,0,2.1,2,0.5,0.6,3.9,3.2,7.7,5.8,4.8,2,0,0.4,1.3,
Bogra       ,2022,7,0.9,7.8,9.5,7.5,3.6,1.3,10.4,5.1,10.3,11.3,6.6,10.6,10.9,11.5,10.7,10.9,8,8.5,10.7,2.4,3,3.5,1.8,0,4.4,2.2,8.1,0.1,4.7,1.2,0.7
Bogra       ,2022,8,0,4.9,3.2,2.1,10.3,2,10,8,10.2,5.2,11.3,9.7,2.2,6.8,5.3,9.6,6.3,8.3,6.2,6.4,8.3,4,4.5,8.9,9.3,8.5,0.7,2.6,1.5,0,1.3
Bogra       ,2022,9,0,1.1,4.4,1.9,0.4,0.1,8.6,2.7,10.4,9.3,5.4,1.8,0,0.6,1,7.5,3.1,3.8,5.2,8.9,5.7,6.9,6.5,4.5,0,5.2,3,6.9,2.6,7.5,
Bogra       ,2022,10,9,0.2,1,7.2,5.6,6.6,9.8,10.2,10.3,9.8,7.9,2.7,4.7,7.7,9.9,10.2,9.9,10.3,8.7,9,10.3,10.4,8.4,0,5.4,8.7,7.6,9.2,8.8,8.4,9.5
Bogra       ,2022,11,9,6.4,9.8,9.4,8.7,8,7.3,8.1,8.4,8.2,9.6,6.4,7.9,9.1,8.9,9.1,7,8.7,9.1,9.6,9.5,8.7,8.4,8.5,9.3,9,9.6,8.3,8.7,8.8,
Bogra       ,2022,12,9.4,9,8.6,8.9,9,8.5,6.8,5.7,8.2,8.2,8.2,5.3,5,0,1.1,4.5,5.5,7.1,6.7,5.5,4.7,5.1,7.4,5.8,0,0,2.9,4.4,0,1.3,0
Bogra       ,2023,1,3.8,7.6,0,0.4,0,4.3,3.1,5.3,8.4,9,4.4,6.5,6,0,2.9,0,6.8,7.2,1.7,4.1,4.6,5.4,0.2,5.7,4.5,5.6,6.6,0,3,6.9,1.9
Bogra       ,2023,2,8.1,8.9,7.7,7.6,4.7,5.3,7.8,2.2,0.8,3.2,6.3,7.4,9.5,9.5,7.6,7.8,6.6,1.7,5.3,0.5,2.3,2.6,9,8.8,9.7,8.4,9.4,8.8,,,
Bogra       ,2023,3,6.8,8.4,5.2,8,4.6,9.8,10,9.2,10,8.6,6,9.5,10.1,3.3,6.3,0,0,7,0,2.2,2.9,6.5,8.6,8,8.3,7.8,9,9.4,8.9,0,1.3
Bogra       ,2023,4,4.5,9.5,10.3,10,10,8.7,10.2,10.1,10.1,9.9,10.4,10.5,10.1,7.9,3.9,8.9,10.1,7.7,8.8,8.5,3.3,9.1,2.1,9.5,10.8,8.8,6,7,5.4,5.6,
Bogra       ,2023,5,1.1,10.7,6.6,5.1,8.4,11.5,11.5,11,9.5,11,7.2,7.8,8.2,10.8,9.5,9.8,2.5,6.1,0.2,9,2.8,7.2,3.4,5.8,9.4,10,6.2,8.9,10.5,10,10.5
Bogra       ,2023,6,9.5,11.6,9.1,5,9.5,11,6.5,0,0,4.6,2.5,3.6,1.7,6.4,2.5,6.7,5.4,1.6,1.2,1.5,0,0,6.9,6.2,9.2,7.6,0.9,0.2,0,0.4,
Bogra       ,2023,7,2.6,0,0.6,2,3.1,5.1,4,1.1,5.4,0.5,1.6,0.8,4.6,0.9,5.9,0.7,0.3,11.4,11.1,11.6,5.5,3.6,10.4,9.2,6.4,8.3,7.5,4.5,2.2,8.2,8.1
Bogra       ,2023,8,8.5,3.1,0.4,2.1,0.6,0,0,0,5.4,3.3,3.1,0.2,0,4.8,4.1,2.5,8.7,9.1,5.9,7.4,5.9,1.9,1.9,0,0,0,0,6,3,3.6,3.7
Bogra       ,2023,9,4.6,2.3,5.5,3.6,10.7,8.6,6.5,0.2,8.6,9.3,5.6,4.6,3,9.1,6.1,6.7,6.8,3.3,2.3,1.8,1.9,2.5,2.4,0,0,6.3,3.8,9.2,4.9,0.3,
Bogra       ,2023,10,10,5.9,2.8,0,0,0.5,0.2,7.5,6.1,3.3,6.8,5.9,9,8.9,2.7,6.2,6.8,7.4,9.1,9.1,8.7,8.3,3.9,2,9.4,7,8.2,7.5,8.5,8.1,8.2
Bogra       ,2023,11,9.5,9.1,7.9,6.7,2.2,7.8,6.3,4.8,3.8,8.1,9.2,9,9,9.3,7,0.1,1,5.6,8.4,8.1,6.3,0,6.6,8.5,8.2,9.3,9.4,6.4,2,8.5,
Bogra       ,2023,12,9.2,6.5,6.8,6.2,0,0,0,0.4,0,0,0,5.6,5,2.2,2.6,5.9,6.2,5.5,4.9,7.9,6.9,5.7,0,1.7,4.3,2.8,4.5,4,6.7,4.4,1.6
Bogra       ,2024,1,3.4,1.5,3.7,7.6,6,4.8,5,2,2.9,0,0,0,0,0,0.3,0,2.6,0,2.6,4.4,0,2,5.8,3.1,2.1,4.4,7.3,7.5,6.4,0,0
Bogra       ,2024,2,0,0,7.8,6.4,3.7,0.8,6.7,8.3,7.1,7.2,5.4,8.8,4.3,0.6,0,1.1,4.2,8.2,0.6,0,1.9,3.3,8.3,5,1.2,8.2,7.1,9,0,,
Bogra       ,2024,3,10.1,9.5,4.7,5.1,10.1,10.4,10.4,10.3,10.4,10,9.5,9.9,9.5,8.6,7.4,6.9,8.4,5.6,0.1,0,6.3,5.9,8.5,2.4,1.2,7.3,5.1,6,1.6,0,7.1
Bogra       ,2024,4,10.1,9.9,10.3,8.8,5.8,8.9,2.9,0,6.4,1.1,0,9.8,9.4,7.6,7.6,7.4,9.1,8.5,9,10,7.4,8.4,8.1,9,10.6,10.3,6.5,9.5,9.7,9.8,
Bogra       ,2024,5,10.3,9.9,8.9,2.1,2.8,0,8.1,3.6,2.8,4.9,7.3,2.8,9.2,6.4,7.2,10.1,7.1,1.8,3.8,4.6,4.4,1.7,6.8,10.4,11.6,1.8,0,3.7,0.1,0,3.9
Bogra       ,2024,6,6,7.5,6.7,4.6,5.3,4.6,5,1.7,0.6,2.1,6.2,2.2,0,0,0,0,0,0,0,0.2,1.7,1.3,4.6,6.3,4.4,3.9,3.7,0,1.2,0,
Bogra       ,2024,7,0,0,0.5,0,0,1.8,3,3.8,5.1,5,0,0.6,2.9,5.8,5.8,3.1,11,9.8,6.1,3.8,8.7,3,7.5,6.9,7.9,10.5,10.3,11.7,6.7,2.5,5.1
Bogra       ,2024,8,1.6,0,0.2,4.7,0,7.4,6.6,6.3,3.6,5.7,0,0,2.9,6.6,5.2,7.6,5.1,1,6.6,3.6,0,0.8,4.5,8.2,5.4,2.4,6,3.4,8.8,3.4,5
Bogra       ,2024,9,0.9,5.3,0,5.7,0.7,10.5,7.3,6.9,10.6,9.1,8.5,9.1,7.9,0.2,0,0,7.7,8.3,10.3,10.1,8.7,9.2,4.9,2.4,0,0,1.2,7.6,0,5.5,
Bogra       ,2024,10,1.1,3.1,0.3,4.1,1.2,2.9,6,2,3.7,6.7,5.7,7.3,0.8,4.7,7.7,7.9,0,1.7,4.6,7.4,4.9,9.5,5.8,0,0,0.8,5.3,9,3.7,6.7,8
Bogra       ,2024,11,6.5,3.4,3.4,7.4,6.2,5.5,8.9,8.4,9,9.2,8.9,9.5,7.3,7,4.7,7.1,7.9,6.3,9,9.3,8.6,6,8.3,0,3,8.1,8.8,7.5,8.9,8.3,
Bogra       ,2024,12,8.7,9.4,9.4,0,4.8,8.3,3.4,0.9,0,0,0,1.3,5.9,4.5,6.7,7.2,7.5,4.5,6.1,5.6,5.1,1,5.4,6.1,6.1,8.1,6.5,9.2,8.7,0,0
St.Name,Year,Mo,1,2,3,4,5,6,7,8,9,10,11,12,13,14,15,16,17,18,19,20,21,22,23,24,25,26,27,28,29,30,31
Dinajpur    ,2022,1,4.9,4.2,4.1,2.7,5,5.3,6.4,6.9,2.4,4.7,2.5,1.3,4.6,0.8,8.3,8.7,7.8,5.7,3.1,2.3,7.5,4.4,0,5.4,1.1,0,9.2,1.6,6.8,6.7,4.1
Dinajpur    ,2022,2,5.4,0,5.5,0,2,3.6,8.1,9.1,8.4,0.3,9.1,9.6,9.8,9.3,10,9.7,9.2,9.8,10.1,7.5,7.7,9.6,9.1,0.7,7.2,8,5.7,9.1,,,
Dinajpur    ,2022,3,10.1,9.9,9.6,9.4,9.3,9.1,9.7,9.5,9.8,9.7,9.9,10.2,10,9.1,9.9,9,10.1,8.9,9,9.6,4.6,6.2,7.8,9.8,9.2,9.7,5.1,3.2,0,0,0
Dinajpur    ,2022,4,2.2,0,0,7.4,7.5,5.6,3.6,0.8,0.7,0.4,0,1.1,0,1.3,8.3,8.3,7.7,2.3,7.7,4.5,8.9,6.4,7.4,10.1,10.5,8.6,2.3,4.7,3.7,5.1,
Dinajpur    ,2022,5,10.6,7.6,5.6,4.6,3,3.4,11.3,10.8,7,9.8,4.9,4.1,0,0.4,2.8,3,0,5.5,2.5,0,2.5,3.6,8.5,7.6,5.2,9.8,8.6,5.4,7.8,2.1,9.8
Dinajpur    ,2022,6,10.4,3.9,7,0,0.7,0,3.7,2,0,2.1,1.1,0,1.3,0,2.1,2.6,2.3,2.9,0.7,1.8,2.1,2.1,3.5,7.2,6.8,8,1.8,0,0,5.8,
Dinajpur    ,2022,7,2.8,2.7,7.3,10.5,7.8,5.8,10.1,8.2,10.7,9.9,7.2,11.9,9.8,11.8,10.5,11.1,11.2,9.9,9.7,3,3.9,5.8,7.9,0.9,4.4,2.3,3.8,1.8,2.9,2.4,0
Dinajpur    ,2022,8,0,0.8,0,2.7,3.8,2.2,9.3,7,12,5.5,11.8,9.2,5.2,7.8,6.8,6.4,11.3,9.1,8.4,4.6,11.6,9.8,0.8,10.4,10.1,3.7,1.3,1.3,2.6,0.3,0
Dinajpur    ,2022,9,0.9,1.3,4.8,1.6,4.1,0.3,7.6,7.1,8.5,10.7,6.9,1.7,0,0,0.7,5.5,2.4,5.3,2.6,10.6,6.3,7.6,0.6,8,0,6.1,5.3,5,2.9,6.7,
Dinajpur    ,2022,10,9.1,0.8,1,2.3,6.8,4.6,9.5,9,10.2,9.4,5.4,3.9,0.8,7.8,10.4,9.9,9.3,9.8,9.6,9.6,10.1,10.4,9.7,1.6,4.5,8.1,6.4,7.9,10.3,9.2,9.9
Dinajpur    ,2022,11,10.2,8.6,9,9.2,8,8.3,6.5,8.9,8.5,6.7,6.9,4.2,8.2,8.5,8.6,8.1,6.3,7.8,9.2,9,7.8,8.1,8.2,8.7,9.3,9.1,9.6,8.6,9,9.7,
Dinajpur    ,2022,12,8.8,8.8,7.7,7.9,8.7,6.1,5.3,6.6,8.4,8.5,4.7,5.9,0,0,0,0,0,7.1,7.6,4.5,0,3.2,2.9,4.1,0,0,0,3.4,0,3.9,0
Dinajpur    ,2023,1,0,1.3,0,0,2.3,2.3,4,3.8,5.4,7.6,4.6,6.2,6,5,0,2.9,0,0,0,1.7,3,0,0,6.1,7.9,0,0,0,0,6,0.4
Dinajpur    ,2023,2,3.6,6.5,3.8,0,0,0.8,7.2,6.4,0,5.3,0,0,9.5,6.9,6,0,5.9,5.3,0,4.6,2.4,4.2,9.3,7.3,8.3,6.8,9.8,8.6,,,
Dinajpur    ,2023,3,7.8,8.1,7.7,7.4,7.7,10.3,10.6,9.1,10.2,10.1,10.1,10.4,10.1,9.2,7.7,2,2.5,7.6,0.3,0.6,3.6,9,10.6,8.9,10.2,9.7,10.6,10.5,9.9,4.7,2
Dinajpur    ,2023,4,6,9.3,10.7,7.3,10.9,11,10.8,9.7,9.8,10.5,10.9,11,10.6,10.4,9.7,9.6,11.1,11,9.5,10.8,4.5,11,0.1,8.6,8.5,9.2,7,7,7.4,7.8,
Dinajpur    ,2023,5,2.7,7.8,1.9,3,9.6,11.9,11.2,11.5,11.8,11.4,11.1,11,10.7,10.6,10.1,10.3,1.7,2.1,0,11.2,4,7.4,4.4,11.7,8.4,11.7,9,10.1,11.8,10.7,8.8
Dinajpur    ,2023,6,10.2,12,11.7,10.9,8,10,8.3,2.2,2.1,2.5,5.9,5.1,3.7,6.8,8,8.2,6.6,0.5,0.8,1.4,0,2.3,7.5,9.5,11.1,11.9,4.1,0.3,1,0,
Dinajpur    ,2023,7,1.3,0.3,0.3,1.8,4.8,4.1,4.3,5.3,4.1,4.2,0,1.4,2.3,0,5.5,4.6,5.3,11.8,11.7,12.2,5.8,10.9,7.2,2.2,7.7,6.8,8.8,3.8,5,3.1,9.5
Dinajpur    ,2023,8,9.3,2.2,3.1,2.1,1.7,0.5,0,0,1.8,3.8,1.7,0.7,0,5.8,8.2,5.2,7.4,7.9,11.1,10.5,3.2,0,0.3,2.7,0,0.1,2.3,3.9,8.3,10.2,8
Dinajpur    ,2023,9,7.6,2.9,8.8,4.5,11.2,6.7,7.5,0.6,8.2,3.7,10.3,1.1,1.3,11.2,8,10.8,10.7,5.8,6.3,5.3,0,0,0.1,0,1,8.5,6,9.4,8.5,0,
Dinajpur    ,2023,10,9.5,7.3,5.7,0,0,0.2,0,7.3,8,0.4,4.3,7.8,8.8,9.1,5.1,6.8,8.4,7.6,9.3,9.4,9.1,9.1,5.7,4.6,10.2,9.4,9.2,7.9,9.3,9.4,9.7
Dinajpur    ,2023,11,9.7,8.3,8.9,7.7,7.1,5.6,5.2,7.8,7.5,8.2,9.2,8.6,9.1,9.6,9.3,5.7,8.5,9.8,9.5,9.3,7.7,7.8,6.7,5.5,8.3,9.7,8.4,7,7.3,9.2,
Dinajpur    ,2023,12,5.5,5.7,6.7,8.2,0,1.8,0,5.7,0,3,3.2,5.8,8.1,6.8,3.9,7.4,7,7.1,6.7,8,8.1,8.5,1.4,8.1,8.4,8.5,7.7,8.4,8.6,5,2.8
Dinajpur    ,2024,1,0.8,1,5.3,8.3,7.3,1,0,0,3.3,0,0,0,0,0,0,0,0,0,0,2.6,0,3.8,6,3,2,2.1,5,5.3,7.1,2.3,3.5
Dinajpur    ,2024,2,2.9,0,8.6,5.1,0.4,1.1,5.9,3.6,6.9,6.7,8.1,9.2,4.9,1,7.7,4.2,3.6,8.2,6,0.4,3.7,2.9,3.9,7.9,3.5,6.6,5.6,8.8,9.6,,
Dinajpur    ,2024,3,9.2,7.2,3.6,6.8,10.1,10.3,10.1,10.2,10.2,9.5,9.5,9.6,9.1,8.6,9.8,7.9,9.3,6.9,2.5,0,7.9,7.4,3.8,0,7.4,4.5,7.3,0.8,5.5,1.1,7.7
Dinajpur    ,2024,4,9.6,10.7,10.6,7.9,7.4,8.6,3.7,0.1,9.2,7.4,1.1,8.5,10.5,9.8,10.7,9.9,10.4,10.1,4.2,6.4,10.8,6.3,11.1,11.3,11.4,11.2,5.5,8.3,10.4,10.6,
Dinajpur    ,2024,5,11.2,9.9,10.4,5.3,0.6,0,0.7,6.9,3.1,6.3,10.2,5.1,9.4,9.7,10.6,7.5,7.8,3.9,7.2,5.7,6,0,9.3,10.4,11.4,2.7,0,8.1,5.1,0,3.5
Dinajpur    ,2024,6,2.7,11.1,7.4,6.7,7.6,6.2,6.6,1.3,0.4,2.3,2.2,2.7,1.7,0,0,0,0,0,0,4.9,8.5,4.3,3.1,8.3,2,4.8,3.6,2.3,3.2,0.3,
Dinajpur    ,2024,7,0.2,0.5,0.8,2.3,0,0,3.7,10.4,5.3,0.8,0,3.3,3.4,5.5,8.3,0,12.4,7.1,5.2,6.4,10.2,5.5,4.8,6,9.3,9.1,9.8,9.5,8.6,7.6,7.6
Dinajpur    ,2024,8,6.2,0.1,0,4.4,3.2,1.3,4.6,7.2,2,1.6,1.2,1.4,1.7,7.6,7.5,9.7,9.9,8.3,8.6,10,3,4.2,3.4,9.9,9.4,5.7,5.8,9.5,7.4,6.8,8.2
Dinajpur    ,2024,9,1,10.1,1.6,4.7,2,9.4,9.3,5.5,10.4,10.1,10.8,8.2,7.9,2,0.4,0,7,8.4,10.3,10.1,9.8,9.4,8.7,4.2,0.2,0,0,3.1,2.9,5.6,
Dinajpur    ,2024,10,3.7,3.7,0.5,0,0,0.7,5.4,6.1,5.4,6.9,7.7,7.5,1.8,2.1,7,8.4,1.4,4.1,5.9,8.3,9.6,10.1,9.3,0,0,0,6.4,9.1,2.4,6.1,6.6
Dinajpur    ,2024,11,4.4,2.9,7.4,6.3,8.6,6.8,8.4,9.8,9.9,9.7,9.7,8.9,0.1,5.1,3.7,4,6.8,7.8,9.2,9,8.5,5.8,6,5.6,4.4,7.6,8.5,9,9.9,9.7,
Dinajpur    ,2024,12,6.7,8.6,7.9,0,0.9,6.1,4.2,0,0,0,0,0,6.5,1.7,8.5,8.5,8.8,8.8,8.3,7.2,6.9,0.5,7.3,8.2,6.9,6.9,8.2,8.6,7.9,0,0
St.Name,Year,Mo,1,2,3,4,5,6,7,8,9,10,11,12,13,14,15,16,17,18,19,20,21,22,23,24,25,26,27,28,29,30,31
Ishurdi     ,2022,1,6.7,5.5,7.6,6,3.5,6.9,7.4,8.3,8.3,5.4,0.4,1.2,6.6,0,2.1,8.6,8.2,7.5,4.3,6.4,3.8,0,0,4.9,5.4,0,7.5,5.9,7.2,6.8,5.4
Ishurdi     ,2022,2,7.3,6.7,2.7,0,6.4,7.5,8.6,8.6,7.2,0,5.9,9.5,9.6,9.2,9.6,9.7,9.2,9.7,9.7,3.5,6.9,6.7,8.3,6.5,6.9,9.3,4.2,8.5,,,
Ishurdi     ,2022,3,9.9,9.9,9.8,9.8,10.1,9.8,9.8,9.8,10.1,9.9,10,10.1,10.1,10,10.3,9.9,10.2,10.1,10.3,9.8,6.9,8.3,9,8.9,7.3,7.3,7.1,7.1,5.3,5.2,5.6
Ishurdi     ,2022,4,6.8,0.1,2.1,6.9,6.4,5.6,5.6,7.1,4.9,3.2,5.1,6.9,6.3,6.6,8.3,6.9,7.4,7.6,7.8,1.2,3.4,2.1,9.5,10,9.9,8.8,9.9,5.6,9.4,7.5,
Ishurdi     ,2022,5,9.2,7.9,0.5,5.3,8.4,8.3,8.2,7.1,4.7,1.7,2.6,7.7,0,6.6,8.3,6.3,4.5,7.2,9.2,3.7,4.8,3.2,9.5,9.1,4.7,10.9,10.3,8.8,2.7,5.7,3.5
Ishurdi     ,2022,6,6.4,3.5,4.8,1.9,4.6,0.8,1.2,5.1,0,9.3,5.9,3.4,5.9,3.6,3.2,3,0,0.4,6,1.6,0,1.8,8.2,4.2,6.7,7.1,11,1,5.1,0.3,
Ishurdi     ,2022,7,3.9,9.6,5.6,8.5,10,6.6,10.3,7.4,11.5,10.7,8.9,10.7,10.8,12.4,11.2,11.2,9.1,9.4,9.3,4.3,7.4,2.7,5.9,0,1.6,0.8,7.9,4.4,5.8,4.5,0
Ishurdi     ,2022,8,0,3.4,4.2,1.5,10.9,2.4,9.9,8,11.5,4.5,4.4,9.5,3.8,1.3,3,7.3,7,10.5,5.6,3.2,8.2,8.9,4.2,10.6,8.5,9.8,2.6,4.1,8.7,8.4,5.1
Ishurdi     ,2022,9,1.3,3.2,8,4.2,3.3,0,9.7,3.7,8.8,7.5,6.4,0.5,0,0.1,0.6,1.4,6.4,3.6,9.2,9.2,6.6,8.9,7.3,3.7,2.6,5.4,7.9,6.3,5.9,7.1,
Ishurdi     ,2022,10,8.4,2.8,1.3,6.9,7.7,7.9,9.4,10.4,10.3,9.4,7.3,1.8,6.8,9.1,10.3,10.5,10.3,9.9,8.2,9.6,10.1,10.2,7.8,0,8.4,8.4,7.8,8.7,10.1,9.9,9.9
Ishurdi     ,2022,11,9.1,7.5,9.8,8.5,9.1,9.9,8.4,8.7,8.8,9.4,8.9,7.2,9.1,9,9.6,8.9,8.5,8.2,8.2,9.8,9.5,8.9,8.7,9,9.7,9.3,9.3,9.2,9.4,9.2,
Ishurdi     ,2022,12,9.6,9.3,9.2,9,9.1,8.4,7.2,8.1,8.5,4.8,7.9,7,6.7,5.5,7.3,7.8,5.5,7.7,8.7,7,7.3,7.3,8.4,7.7,4.3,2.1,3,7.3,8,5.1,3.5
Ishurdi     ,2023,1,3.2,6.7,0,0,4.3,6.2,3.7,8.4,8.2,9,6.6,6.8,6.9,4.9,7.1,1.9,5.6,5.7,8.6,7.5,7.1,5.5,4.8,6.6,4.3,2.5,8.5,8.1,8.9,8.4,4
Ishurdi     ,2023,2,7.4,9,9.4,9.2,8.8,8.9,9.5,8.1,7.7,9.1,8.6,7.4,10.3,9.9,9.1,7.2,8.1,7.9,4.8,5.1,1.6,7.8,8.4,8.9,6.7,9.1,9.4,9.5,,,
Ishurdi     ,2023,3,8.4,8.9,8.9,9.5,9.2,9.9,9.5,9,9.6,4.6,6.2,9.6,9.4,7.5,7.4,0.3,0,6.6,0.6,0.3,2.3,10,10,9.8,8.1,8.2,7.5,8.8,6.6,7.1,1.7
Ishurdi     ,2023,4,2.8,9,10.6,9.7,9.7,10.1,9.8,9.9,10,9.9,10.1,10.5,10.1,9.8,7.4,7.9,9.5,8,10,9.5,1.7,9.6,3.5,6.9,9.4,8.4,6,7.5,8.1,6.1,
Ishurdi     ,2023,5,3.1,6.9,8.3,5.5,6.8,10.5,10.7,10.9,9.8,11,7.4,4.7,7.3,10.7,10,9.5,6.7,7.6,4.1,8.9,7.6,8.8,3.3,9.1,8.4,9.9,4.6,10.3,10.3,10.3,9.6
Ishurdi     ,2023,6,9.7,11.2,8.9,7.7,8.9,10.5,9.4,0,0.7,1.9,2.5,4.8,6.5,8.9,3.9,6.2,4.8,3.5,5.6,0.2,0,0.1,7.7,7.2,8.3,3.6,0.8,0,0,1.7,
Ishurdi     ,2023,7,0,1.5,2.1,8.2,8.8,4.7,5.7,2.5,7.2,7.4,2.8,6.6,4.8,3.9,3,4.4,3.9,11.4,11.1,5.7,5.7,7.2,9.7,8.2,7.9,7.9,3.9,4.2,6.1,7,3.5
Ishurdi     ,2023,8,8.5,2.9,2.5,4.5,1.4,0,0,0,4.6,4.9,2.8,4.3,0,6.6,3.1,1.1,9.3,9.6,8.8,8.9,6.8,0.4,0.2,0.8,0,0,4.7,7.3,8.7,2.1,4.6
Ishurdi     ,2023,9,6.9,7.5,5.4,5.1,8.6,8.1,3.2,1.1,7.3,10.1,8.7,2.5,7.1,8,4.5,9,10,3.2,2.2,1.2,0.3,2.4,2.5,2.6,2.1,7.3,5.4,9.5,2.6,4.5,
Ishurdi     ,2023,10,7.7,3.2,2.5,0,0,1.6,7.2,9.2,6,5.8,8.2,8.5,9.1,8.6,9.3,8.9,8.5,8.8,9.9,10.2,9.7,6.6,2.8,2.3,10.2,9.5,9.4,8.2,9.4,8.9,9.5
Ishurdi     ,2023,11,9.7,9.4,8,4.7,3,6.7,6.5,8.7,4.5,7.7,7.9,8.7,9.1,9.5,5.2,0,1.5,2,7.4,9.3,8.2,4.9,5.3,8.3,7.8,9.2,8.7,8.7,4.6,8.4,
Ishurdi     ,2023,12,9.6,7.4,6.6,4.1,0,0.1,0,3.1,6.5,6.7,7.8,5.6,8.8,7.7,7.9,7.8,7.6,7.5,7.7,8.4,8.6,8.9,0.4,5.2,7.4,7,6.7,7.6,8.8,9,4
Ishurdi     ,2024,1,5.9,7.7,5.6,8.4,8.6,6.7,6.7,2.6,5.9,7.7,8.9,8.4,4.9,4.1,5.7,8.7,9.1,7.8,4.7,3.7,1.6,6.4,7.5,4,4.2,7.3,7.3,7.9,7.8,4.9,3.7
Ishurdi     ,2024,2,2.5,4.1,9.4,9.2,5.8,3.5,9,9.1,9.6,9,8.9,8.4,4.9,4.1,5.7,8.7,9.1,7.8,4.7,3.7,8.6,3.7,6.9,8.2,1.8,9.5,8.2,9.6,9.9,,
Ishurdi     ,2024,3,10.3,10.9,6.5,6,10.3,10.5,10.1,10.2,10.4,10.4,10.5,9.6,8,7.5,9.5,8.3,8.6,6.1,3.4,0,4.5,7,9,6.7,3.2,8.9,3.4,8.6,2.7,5.8,9
Ishurdi     ,2024,4,10.2,10,10,9.1,7.9,9,3.9,0.2,6.2,3,0.3,7.4,9.2,0,7.7,8.8,9.8,8.7,10.5,11,10,8.6,10.6,10.8,11.1,9.8,8.7,10.7,10.8,10.9,
Ishurdi     ,2024,5,10.3,10.2,9.8,6.9,7.7,0.8,9.2,7.4,4.1,8.4,5.1,9.7,10.1,8.7,8.6,10,6.1,0.9,6.5,4.7,5.8,2.8,9.6,9.9,11,2.9,0,8.2,4.2,3.2,2.2
Ishurdi     ,2024,6,0,9.7,7.6,8.7,6.1,7.5,7.2,4.8,7.1,1.9,4.8,9.4,5.8,1.2,0.1,0.7,3,0,0,2.7,1.6,1.1,8.7,10.6,10.4,6.7,4,2.1,1.9,0,
Ishurdi     ,2024,7,0,0,1.2,0.5,1,1.9,6.8,8.5,3.3,8.9,0,1.1,3.9,11.3,6.9,3.9,10.6,10.5,8.8,8.6,9.5,2.3,6.1,2.7,9.9,9.6,9.3,10.7,5.8,1.8,5.1
Ishurdi     ,2024,8,1.5,0,0.2,4,0,8.7,9.1,5.4,0.1,6.3,0.4,4.6,3,6.8,8.1,7.9,9.9,0.1,5.1,5.5,0.4,1.8,1,6.2,2.6,0.7,3.7,9.6,9.3,6.1,9.3
Ishurdi     ,2024,9,1.2,10.3,2,5.2,1.6,9.8,5.6,8.9,10,8.3,9.4,7.3,4.1,0,0,0,8.5,9.2,9.4,9.1,9.7,9.2,4.5,0.8,0,0,1.7,9.9,1.6,2.1,
Ishurdi     ,2024,10,1.8,1.2,0.4,2,3.1,3.1,6.4,7.2,6.7,6.5,5.2,8.6,4.9,7.5,6.5,8.7,0.6,0,7.8,9.4,9.4,9.9,3.9,0,0,2.6,7.2,9.3,9.2,7.3,6.9
Ishurdi     ,2024,11,8.7,7.1,5,6.5,9.4,9.6,8.8,9.4,8.7,9.8,9.8,9.6,7.8,7.9,7,9,8.7,8.6,8.5,9.2,9,8.8,7.5,8,7.5,8.6,8.5,8.7,9.7,4.5,
Ishurdi     ,2024,12,7.9,5.7,7.9,5.2,7.7,8,8.2,3.3,0,5,4.4,0,7.4,6.8,8.5,8.2,7.9,7,8.1,4.1,1.8,2.7,7.2,8,7.4,8.2,8.3,8.1,7.8,0,0
St.Name,Year,Mo,1,2,3,4,5,6,7,8,9,10,11,12,13,14,15,16,17,18,19,20,21,22,23,24,25,26,27,28,29,30,31
Rajshahi    ,2022,1,7.4,4,6.3,5.4,3.4,6.6,7.7,8.8,6.6,5.4,0,2.5,4.1,0,2.3,8.7,8.2,7.8,5.5,5.9,4,0,0,5.5,1.1,0,8,5.7,7.5,4.6,5.9
Rajshahi    ,2022,2,6.5,6.8,2.3,0.5,5.8,7.7,8.7,7.7,6.2,0,7.7,8.8,9.3,9.2,9.5,8.8,8.2,9.9,9.7,1.9,7.8,7.8,9.2,5.5,3.7,9.3,2.5,9.3,,,
Rajshahi    ,2022,3,8.8,9,9.8,9.5,9.2,9.5,9.7,9.5,9.8,9.3,9.5,9.7,9.5,9.5,9.6,9.5,9.6,9.7,10,9.3,5.6,6.9,7.7,8.8,7.7,8.3,7.7,8.2,3.7,3.7,6.6
Rajshahi    ,2022,4,5.9,0,3.6,7.6,8.2,5.9,5.2,5.8,5.2,5.1,2.8,4.3,6.3,5.6,9.4,7.1,7.5,6.6,7.2,5.6,3.7,1.5,9.7,10.3,9.4,9.4,8.3,4.8,5.6,7.4,
Rajshahi    ,2022,5,7.7,8.5,0.5,7.1,7.3,8.6,6.7,10.1,6.6,0.6,3.8,7.2,1.1,5,8.3,6.9,4.4,7.9,6.2,4,5.9,1.9,7.1,7.7,6.6,10.7,10.2,9,3.8,5.9,4
Rajshahi    ,2022,6,7,4.3,6.1,0.9,3.2,0.3,0,3.2,0,8.7,3,5.3,2.1,3.3,3.1,0.4,0,2.6,4.8,1.8,4.4,0.9,5.9,5.7,7.2,9,6.2,0.8,2.6,3.1,
Rajshahi    ,2022,7,4,7.5,7.2,10.7,8.2,5.6,10.4,8.8,11.8,11.5,8.6,10.8,10.2,11.3,12.2,10.8,8.9,9.9,7.9,7.8,5,3.3,5.4,0.3,2.6,1.3,7.1,1.5,2.8,5.5,0
Rajshahi    ,2022,8,0,2.8,3.5,1.7,11.4,1.2,8.8,7.8,10.4,5.4,3.4,9.2,7.1,3,2.2,8.4,8.8,9.9,5.3,0.4,10.3,9.8,3.2,11,8.7,8.7,4.7,4.9,6.3,8.5,4.4
Rajshahi    ,2022,9,2,1.8,7.5,4.7,1.1,0,5.9,5.1,9.6,6.9,6.9,1.3,0,0,1.7,1.3,8.5,6.5,7.6,8.5,8.3,8.4,4.7,5.3,1.8,7.5,6.8,6.3,5.3,5.5,
Rajshahi    ,2022,10,8.4,0.2,1.2,6.3,7.9,6.1,10.7,10.5,8.7,10.4,7.8,3.2,7.3,8.5,9.3,10.2,10.7,9.7,8.5,9.5,10,9.7,7.5,0,9.2,7.2,7.9,7.7,10.3,10.2,9.9
Rajshahi    ,2022,11,7.7,6.2,9,8.7,9.3,5.4,6.2,9.3,8.9,7.3,7,3.3,8.8,8.8,9,9.3,8,6,8.6,9.4,8.9,7.5,8,7.8,8.8,8.7,9.2,8.5,8.9,9.3,
Rajshahi    ,2022,12,8.8,9.4,8.3,8.7,8.9,8.4,6.7,7.4,7.9,5.6,5,5.7,4.5,3.3,4.4,7.2,2.2,6.7,6.3,3.5,2.1,1.2,4.7,7.2,0,0,3.4,7,6,3.3,2.1
Rajshahi    ,2023,1,1.7,4.8,0,1.3,4.1,4,4.7,6.2,8.4,7.7,6,7,6.4,2.5,4.2,0,2.7,3.8,7.7,5.4,5.2,2,0.4,3.3,0,2.3,7.7,8.1,8.3,8.3,2.7
Rajshahi    ,2023,2,8.2,7.1,8.8,7.5,6.1,8.1,8.6,8.8,7.8,7.3,8.7,7.8,9.9,9.8,8.7,6.5,6.7,5.2,4.2,0.9,0,5.6,8.8,9.3,8.7,6.2,8.5,7.8,,,
Rajshahi    ,2023,3,8.4,9.1,8.4,9.3,9.3,9.5,10,8.7,9.1,7.7,2.3,9.2,9.3,7.3,7.9,0,0,4.9,0.3,1.5,3.3,8.7,10,8.3,8,7.9,9.7,10,9.6,8.8,0.2
Rajshahi    ,2023,4,4.2,6.7,9.8,8.7,10.2,10.4,10.4,10.1,9.7,9.7,10.1,10.5,10.8,9.5,3.9,7.2,10,9.6,10.4,9.4,2.4,10,2.5,8.4,10.7,8.6,5.4,7.3,6.4,6.6,
Rajshahi    ,2023,5,1.6,8.5,4.9,6.2,9.7,11.5,11.1,10.8,10.6,11.3,9.2,7.6,8.3,10.4,10.6,9.6,4.3,6,4.9,9.5,7.4,10.1,4,9.3,10.2,10.2,6.4,9.8,11.2,10.4,10.4
Rajshahi    ,2023,6,9.5,11.4,10.3,10.8,8.4,10.9,8.4,0.9,0.7,3.1,5.5,4.5,6.4,8.9,2.2,4.3,3.8,3,9.6,1.6,0,3.7,7.1,4,8.3,4.9,0.2,0,0,0.7,
Rajshahi    ,2023,7,0,0.4,0,6.7,7.1,5.5,7.9,4.5,9.5,6.7,4.8,1.8,4.8,5,6.1,3.6,4.8,10.3,11.4,11.7,9.4,8,11.2,11.4,9.8,8.6,11.2,5.8,8.7,10.4,3.7
Rajshahi    ,2023,8,9.5,3.4,4.3,5.7,1.7,0,0,0,4.6,0.6,4.5,0.8,0,6.9,5.1,3.8,7.2,8.9,9.3,9.1,6.9,2.9,2,1.1,0,0,6.2,7.5,7.6,9.1,5.2
Rajshahi    ,2023,9,6,8.4,6.8,2.9,8.7,6.5,5.2,2,6.5,10.4,9.3,1.5,6.2,9.6,6.7,10.5,9.5,1.6,1.9,1.3,0.1,2.1,4.4,0.7,0.8,6.2,7.8,9.7,6.4,2.6,
Rajshahi    ,2023,10,8.5,4.8,4.3,0,0,0.1,1,9.8,6.4,6.7,6.7,9.1,9.4,9.3,9.3,7.6,8.1,7.7,9.7,10,9.3,9.7,4.6,2.2,9.8,9.4,7.9,6,8.7,9,9.3
Rajshahi    ,2023,11,9.6,8.7,7.3,5,5.2,6.4,5.6,7.9,4.8,7.6,6.3,8.4,9.4,9.4,6.7,0.2,5.3,4.1,10.1,9.4,7.9,6.2,8.5,6,8.6,9.6,7.8,7.5,6.1,8.6,
Rajshahi    ,2023,12,9.5,4.2,5.3,4,0,0,0,5.3,5.3,5.8,7.4,3.4,8.2,7,5.4,8.2,6.5,6,7.1,8.6,7.9,8.3,0,5.1,6.4,6.8,4.9,6.1,8.4,6,4.9
Rajshahi    ,2024,1,3.6,3.9,5.7,6.7,7,1.5,3.7,0,4.2,5.3,3.8,0,3.8,1.2,0,0,1.2,0,3.8,3.1,0,5.3,6.5,3.1,0,5.8,8,6.9,7.2,1.3,1.4
Rajshahi    ,2024,2,0,0.7,8.8,8.1,5,3.9,9,9.4,9.2,8.7,8.3,8.3,3.4,1.7,4.4,8,7.3,8.3,3.3,3.1,7.1,5.9,8.6,7.9,1.1,8.5,8.1,9,0,,
Rajshahi    ,2024,3,10.1,9.4,5.3,6.1,10.1,10,9.8,10,10.4,10.5,10.4,8.6,9.6,8.9,7.7,8.4,8.3,6,2,0,4.2,7.7,9,6.5,1.5,7.9,4.9,8.4,1.7,2.3,8.8
Rajshahi    ,2024,4,9.9,10,9.8,8.7,8.6,8.8,1.6,0.3,6.4,1.1,0,9.6,9.4,6.4,8.8,8.6,8.8,10.9,10.2,10.7,9.2,8.5,8.2,9.8,10.9,10.9,7.4,11,10.8,10.6,
Rajshahi    ,2024,5,11,8.9,10.6,6,7.2,0,9.4,6.2,1.4,7.7,7,8.6,10.9,7.6,7.9,10.3,5,1.6,5.2,5.8,2.9,1,8.6,8.6,10.7,3.2,0,9.4,1.2,0,2.3
Rajshahi    ,2024,6,5.3,8.7,9.2,5.6,7,6.9,6.4,7.2,3,3.1,6.8,7.3,0.5,0,0,0,0.8,0,0,3.2,0.9,1,10.1,8.8,5,8.2,5.5,0.7,1.4,0,
Rajshahi    ,2024,7,0,0,0.8,0.6,0,0.3,9.5,8.6,5.6,8.9,0.5,0,7.5,8.5,5,4.5,11.3,8.2,7.7,5.6,8.5,3.1,4.7,3.6,8.7,9.2,9.2,8.2,6,1.6,7.1
Rajshahi    ,2024,8,1.9,0,0,4.6,1.2,3.1,8.2,3.9,1.1,5,0.7,3.4,2.1,6.4,5.2,6,9.5,1.1,8.5,7.1,0.2,2.8,0.6,3.4,0.9,0,5.1,10.6,10.6,5.1,9.1
Rajshahi    ,2024,9,3,10,3.7,5.2,0,10.4,6.2,9,10.3,10.1,9.1,8.6,1.6,0.2,0,0,8.1,7.9,10.4,9.1,9.3,9.5,4.9,1.8,0.3,0,1,8.6,0.8,2.5,
Rajshahi    ,2024,10,1.8,0.2,0,6.7,5.7,1.4,6.8,6,7.1,6.2,4.9,8.8,3.1,4.2,5.8,8.1,1.1,0,6.8,8.2,7.7,9.5,3.9,0,0,1.4,5.3,8.1,6.8,4.8,7.6
Rajshahi    ,2024,11,9.1,4.4,4.5,3.1,8.2,7.9,9.3,10,9.7,10.2,9.5,9.2,4.2,6.2,6.7,9,8.3,8.4,9.1,8.9,9.1,8.6,7.7,5.2,0,5.9,7.7,7.6,8.6,3.8,
Rajshahi    ,2024,12,8.1,5.5,7.6,0,5.6,7.3,6.4,0,0,0,2.6,0.1,4,6.3,6.8,7.4,5.2,5.9,7.2,3.9,4.7,0,4.1,7.2,6,3,5.2,7.3,3.5,0,0
St.Name,Year,Mo,1,2,3,4,5,6,7,8,9,10,11,12,13,14,15,16,17,18,19,20,21,22,23,24,25,26,27,28,29,30,31
Rangpur     ,2022,1,7.4,5.3,4.4,1.4,5.2,7.2,7.6,8.3,4.7,4.4,3.3,1.1,5.1,0.6,8.9,8.8,5.7,6.9,5.3,0,3.7,1.6,0,5.6,0.3,1.1,7,5.2,5.7,5.5,5.2
Rangpur     ,2022,2,4.3,1.1,3.8,0.2,2.3,2.4,8,7.4,8.6,0,6.4,8.3,9.2,9.8,9.9,9,8.5,9,9.5,8.6,7.2,9.2,8.9,0,7.2,8.1,5.1,8.2,,,
Rangpur     ,2022,3,9.2,9.3,9.2,9.5,9.9,9,9.7,9.5,9.8,9.2,9.5,9.8,9,8.6,9.6,9.1,9.1,8.8,8.3,8.9,2.4,5.3,1.7,8.8,4.7,9,5.6,0.2,0,0,0
Rangpur     ,2022,4,0.9,0,0,7.4,3.9,1.6,2.5,0,0.4,0.6,0,1.3,1.1,1.4,8.5,4.8,4.4,1.9,3.7,3.5,8.8,0,3.7,9.5,7.9,6.4,2.4,4.9,2.7,0.9,
Rangpur     ,2022,5,8.1,6.3,3.9,6.9,7.6,4.5,9.5,9.9,6.8,5.2,5.9,6,0.9,0.3,0.5,1,0,5,0,0,3.1,3.4,7.7,9.6,3.5,8.7,5.6,4,8.1,7.6,6.5
Rangpur     ,2022,6,7.3,4.5,2,0,0.1,0,2,1.3,0,0,0.8,0,0,0,0,0.9,2.7,0.9,1.4,1.3,1.3,5.8,1.1,10.4,9.3,8.1,2.2,0,0,6.3,
Rangpur     ,2022,7,4.9,3.9,3.5,7.6,11,1.6,9.9,5.3,9.3,8.5,5.1,10.8,7.7,10.9,10.5,10.9,9.6,10.3,5.7,0.5,5.6,2.9,7.2,0.9,2.7,2.4,6.7,2.2,2,1.5,0
Rangpur     ,2022,8,0,1,4.5,1,7.2,2.2,8.4,6,9.8,4.3,10.6,9.6,4.2,6.9,5.9,6.9,8.8,7,9.5,7.4,10.7,8.3,2,8.5,7.8,7.7,1.3,1,4,2.4,0
Rangpur     ,2022,9,0.3,0,4.2,1,2.5,3.2,8.4,5.9,10,9.5,6.3,0.7,0,0,0,4.8,4.6,6.5,3.5,9.1,9.3,5.2,0,3.4,2.3,8.3,3.6,6.1,2.3,9.1,
Rangpur     ,2022,10,8.8,0,1.9,1.7,4.4,2.7,9.6,6.7,6.9,8.4,3.2,3.6,0.2,6.8,10.1,10.1,9.8,9.9,9.3,9.9,10.5,10.4,10,0,4.1,7.7,5.4,7.7,10.2,10,9.8
Rangpur     ,2022,11,10,6.4,8.5,10.1,10,8.8,8.7,8.8,9.2,8,9.1,5.6,5.3,9,9.2,8.1,5.9,9.3,9.6,8.8,10.5,8.5,8.3,8.8,9.6,9.3,9,9.1,8.6,9.4,
Rangpur     ,2022,12,9.4,9.3,9,8.4,9.3,8.8,5.4,7.2,8.3,8.1,6.1,4.3,3.8,3.4,2.8,3.6,6.2,7.7,7.4,7,2.7,2.5,3.4,5.3,1.7,2.9,3.2,0,2.3,6.1,0
Rangpur     ,2023,1,3.7,6.9,3.5,4.3,4.2,5.7,6,5.8,7.1,8.3,4.8,6,5.8,4.6,3.3,1.2,0,4.9,3.9,4.2,4.3,3.3,3.6,5.3,7.2,7.4,0,0,5.2,7.5,2
Rangpur     ,2023,2,2.3,8.7,6.8,4.7,1.7,3.8,8.1,6.1,3.8,4.8,3.9,4.5,9.7,8.5,7.4,7.4,8,3.7,3.9,0,0,0,7.9,3.4,1.1,4.7,1.7,0,,,
Rangpur     ,2023,3,0,6.8,7.4,6,5.7,9.9,10.3,9.2,10.1,9.3,8.4,9.9,9.6,8.8,4.1,1.8,2.4,7.6,0,0,4.4,9.1,9.8,5.8,9.6,9.4,9.6,9.5,9,6.4,3.1
Rangpur     ,2023,4,6.8,8.5,10,9.1,8,9.5,9.6,9.1,9.6,9.6,10.7,10.5,10.2,10,8.7,10,10.4,6.7,8.3,5.3,3.8,10.3,0,8.5,9.3,7.8,7.3,4.6,7,7.1,
Rangpur     ,2023,5,2.3,6.2,3.2,3.5,8.6,10.4,9.2,9.7,10,10.3,9.1,8.1,9.3,9.2,5.9,7.2,0.3,2.4,0,9.2,3,6.8,1.5,10.8,10.2,10.2,4.3,9.1,12.3,11.8,10.1
Rangpur     ,2023,6,9.7,11.7,10.4,6.9,6.3,10.9,7.5,3.4,1.1,1.7,2.7,2.9,1,4,5.9,3.1,1.3,0,0,0,0,0,8.5,11.5,11.9,11.2,4.4,0,0.1,0.5,
Rangpur     ,2023,7,0,0,0,0.4,4.1,6.1,8.1,4.3,4.4,3,0,2.4,1.1,1.1,3.9,6.1,3.9,7.1,9.5,11.5,4,10.3,7.2,1.4,6,9.7,7,1.3,3.6,7.3,10.5
Rangpur     ,2023,8,8.3,1.9,2.2,2.5,0.5,0.1,0,0,3.9,4.4,0,0.4,0,6.7,8.4,5.1,6.7,7.3,9.6,8.8,2.2,0.5,0.1,2.4,0.2,0,0.8,6.9,7.7,7.1,8.3
Rangpur     ,2023,9,8.4,2.8,2.2,3.9,11,9.7,6,0.1,6.4,5.6,7.2,0.2,2.7,9.9,9.9,10.5,9.2,6.1,4.3,4.2,0,0.9,0,0,0.6,4.4,5.4,8.8,8.3,0.6,
Rangpur     ,2023,10,7,3.8,2.4,0,0,0,0.1,6.3,7.2,0,3.5,5.2,5.1,8,3.6,5,7.3,6.5,7.7,8.4,8.8,9.8,6.7,4.6,9.9,9.3,8.6,8.9,9.6,9.9,9.9
Rangpur     ,2023,11,9.8,9.1,8.5,8.5,4.3,8.3,8.3,6.8,7.8,8.2,8.9,9.3,9.3,9.2,9.6,5,5.5,9.6,9.5,9.2,8,4.7,3.5,6.8,8.5,9.4,8.8,7,7.3,9.4,
Rangpur     ,2023,12,6.6,8.6,8.3,8.5,0,2.3,0,7.7,0,1.7,0,8,4.4,4.7,6.9,7.6,7.8,6.9,7.7,8.6,8.2,8.3,0.8,6.6,7.2,7.8,8.2,8.6,9.2,8.5,5.2
Rangpur     ,2024,1,1.8,0,5.8,7.8,7.5,3.1,5.3,0,0,0,0,0,0,0,0,0,0,1.9,2.6,2.2,0,0,0.9,4,4.1,3.3,4.5,5.1,5.3,0,0.3
Rangpur     ,2024,2,5.7,2.9,8.6,5.2,2.2,0.1,5.8,5.9,7.3,8.5,8,8.8,6.5,0.8,5.4,3.3,5.1,7.4,6.8,0,1,1.9,5.9,7.4,4,3.7,4.8,7.5,9.1,,
Rangpur     ,2024,3,8.8,8.4,6.2,5.9,9,9.3,9.3,9.4,9.3,8.9,8.7,9.1,8.2,9,8.5,8.1,8.5,8.4,0,0,3.3,7.1,0.5,0,6.1,3.8,4.6,1.6,3.8,0.1,3.5
Rangpur     ,2024,4,8.2,8.5,8.7,7.8,3.3,7,3.8,0.1,6.9,6.5,0.5,7.1,8,7.6,7.7,7.1,7.8,7.6,6.1,4.1,8.1,4.4,8,8.4,8.3,8.2,2.8,8.1,7.8,8,
Rangpur     ,2024,5,8.4,8.3,8.3,4,0,0,0.7,1.1,5.7,4.8,7.6,5.1,4.6,5.4,5.9,4.5,6.3,2.3,5.2,4.6,7.6,0.1,6.8,8.6,8.8,3.8,0,4.5,3.5,0,1.2
Rangpur     ,2024,6,5.4,7.5,6.9,4.8,6,6.2,5.8,1.4,0,0.9,3.5,0.9,1.7,0,0,0,0,0,0,3.2,5.6,1.6,5.3,4.7,1.7,4.6,3.5,0.6,0.6,0,
Rangpur     ,2024,7,0.6,0,1.4,2,0,1.6,3.2,6.2,4.1,0.6,0,2.5,2.2,5.3,5.1,3.3,7.3,6.3,3.4,4.4,8.8,5.4,2.5,6.4,6.4,5.7,7.1,7.4,6.2,6.1,6.3
Rangpur     ,2024,8,3.8,0,0,5,1.4,1.5,5.6,5.2,3.4,1.7,0,2.5,3.4,7.2,3.8,8.7,3.6,4.1,4.8,2.9,2.3,1.5,6.1,7.6,6,2.6,5.1,5.5,5.2,6.5,3.4
Rangpur     ,2024,9,1.2,5.5,0,6.3,0,8.6,7.9,7.2,8.7,8.4,7,5.9,4.9,1.5,0,0,7.5,8.8,9,8.4,7.4,8.9,7.4,5.2,0.7,0,0,2.1,1.5,4.6,
Rangpur     ,2024,10,4,2.2,0.1,0,0.4,0,5,6.5,4.8,3.5,8.7,6.9,2.1,3.6,5.5,6.5,0,3.4,4.9,8.9,8.7,10,8.4,0,1.1,0,7.7,8.8,4.2,6.7,5.3
Rangpur     ,2024,11,0,2.9,7.6,6.9,8.2,8.5,8.9,9.9,9.8,9,8.9,9.3,3.2,6.1,6.4,3.9,6.8,7.3,9.3,9.4,8.9,7.5,7.6,3.7,6.9,8.6,9.1,8.4,9.3,9.3,
Rangpur     ,2024,12,7.3,9.1,9.1,3.9,0.1,3.4,4.1,0,0,0.3,0.9,1.4,4.6,6.5,8.6,9.2,8.7,8.5,8.9,7.8,7.9,2.5,8.9,9,8,8.6,9.2,8.9,7.7,1.6,0
St.Name,Year,Mo,1,2,3,4,5,6,7,8,9,10,11,12,13,14,15,16,17,18,19,20,21,22,23,24,25,26,27,28,29,30,31
sydpur      ,2022,1,5.3,4.4,3.4,0.7,5.1,5.6,5.7,6.1,0.5,0.6,0,0.3,4.5,0.3,5.6,6.7,5.1,6.6,3.7,0,3.3,3.3,0.2,5.1,0.2,0,7.1,3.8,5.8,5.5,4.8
sydpur      ,2022,2,3.4,0,6.4,0,1.7,4.2,6,7,7.2,0,6.3,7.7,6.7,8.5,8.1,8.2,8.3,8.3,8.4,6.1,3.9,8.1,7.7,0,6.7,8.1,4.1,8,,,
sydpur      ,2022,3,8.5,8.5,8.5,8.6,8.6,8.3,8.4,8.4,8.4,8.4,8.5,8.5,8.5,8.2,8.4,8.3,8.4,8.3,8.3,8.5,2.2,6.3,5.6,8.6,7.6,8.7,5.2,0,0,0,0
sydpur      ,2022,4,0.7,0,0,7.1,6.6,2.8,1.6,0,0.8,0.4,0,1.3,1.5,2.6,7.7,8.2,6.9,3.8,4.1,3.8,9.1,0,5.1,9.5,9.3,7,1.9,1.4,0,0.2,
sydpur      ,2022,5,3.2,4,4.3,5.5,1.3,2.3,8.5,9.5,3.2,7,6.1,3.9,1.3,0,0,0.5,0,5.6,0,0,3.1,5,7.2,8.2,4.7,9.5,5.1,1.6,5.6,3.2,6.4
sydpur      ,2022,6,9.1,3.4,2.6,0,2.3,0,0.6,1,0,0.8,0.7,0,0,0,0,0.8,3.6,1.5,0,0,2,0,3.3,6.7,7.2,7.6,2.5,0,0,3.9,
sydpur      ,2022,7,2.1,3.7,4.6,6.3,9.7,3.5,8.4,6.3,9.9,8.3,5,10.5,7.4,9.8,9.8,9.3,9.7,7.9,8.3,2.9,3.5,3.3,6.2,1,4.2,2.5,3.9,2.9,3.2,2.2,0
sydpur      ,2022,8,0,2.2,4.6,1.7,7.6,0.9,8.3,6.9,10.2,3.4,9.6,8.6,5.3,6.6,6.3,8.4,9.4,7.2,8.5,6.2,9.5,7.2,0.9,9.3,7,8.3,4.2,0.6,3.3,1.2,0.7
sydpur      ,2022,9,1.6,2.2,4,4.1,5.4,1.2,7.9,5.7,7.4,8.8,6.7,0.5,0,0,0.7,4.8,1.1,6.9,4.1,8,7.6,6.8,0.7,7.8,0.2,6.8,6.2,5.8,3.2,7.9,
sydpur      ,2022,10,7.7,2.8,2.3,2.4,5.8,4.4,8.7,6.5,8.2,7.8,4.6,5.1,0,6.6,8.1,7.6,8.7,7.8,7.8,7.7,8.1,8.2,8,0.3,4.3,7.5,5.2,7,8.3,8.2,8
sydpur      ,2022,11,8.2,7.2,7.3,8.2,8.1,8.2,7.5,8.5,9.2,7.6,8.2,5.5,7.3,8.1,8,7.9,7.8,8.2,8.3,8.4,8.4,8.3,8,8.1,8.3,8.3,8,8.3,8.4,8.3,
sydpur      ,2022,12,8.3,8.3,8.3,8,8.3,8.1,6.7,8,8.1,8.1,5.5,7.7,7.4,3.9,2.3,4.8,6.8,8,8.1,6.4,4.6,4.4,4.1,6,5.5,3.8,4.6,5.1,1.9,6.9,4.1
sydpur      ,2023,1,5.5,6.7,3.1,4.4,4.9,5.9,5.5,4.5,7.5,8.2,5,6.8,6.8,7.1,4.4,2.3,3,4.9,4.7,5.9,6.5,4.2,5.3,7.4,7.7,7.4,2.3,0,6.9,7.7,4.2
sydpur      ,2023,2,2.2,7.1,7,7.2,2.8,6.6,7.8,6.6,5.7,7.8,6.4,7.5,8.3,8.2,8,7.8,7.9,7.7,6.6,4.3,0,4.4,8.1,6.8,7.8,8.2,7.8,7.6,,,
sydpur      ,2023,3,6.4,7.6,7.6,5.3,6.1,8.5,8.5,8.1,8.3,8.4,8.5,8.6,8.4,7.4,6.1,2.2,2.1,8.2,0,0.8,5.6,8.1,8.5,6.8,8.6,8.5,8.6,8.6,8.5,6.3,2.6
sydpur      ,2023,4,8,8.3,8.8,6.8,8.6,8.7,10,8.8,9.1,8.7,9.3,9.4,9.1,9.2,9.3,9.1,9.6,9.5,9.4,8.1,1.5,9.6,0,8.4,8.1,8.9,5.7,4.4,5.2,6.5,
sydpur      ,2023,5,1.6,5.3,2.5,2.8,8.5,9.7,9.6,9.9,9.9,10.4,10,9.9,9.3,9.6,7.8,7.9,0.6,3.1,0,9.6,3.4,7,3.4,9.8,8.5,9.5,6.6,8.9,9.3,9.6,8.4
sydpur      ,2023,6,9.8,9.8,9.9,8.8,8.3,9.2,6.9,4.1,0.6,2.5,6.5,3,1.7,4.9,7.3,6,4.4,0.1,0,0,0,0.8,7.7,8.7,9.4,10.3,5.4,0,1.3,0,
sydpur      ,2023,7,0.1,0.6,0,0,2.8,7.9,5.6,4.4,5.2,2.3,0,2.9,0,0,3.7,6.2,6,9.1,9.1,9.6,4.3,9.4,7.4,1.7,3.5,6.9,6.6,1.4,3.4,3,9.5
sydpur      ,2023,8,8.2,1.2,6.4,1.6,1,1.3,0,0.3,6.5,2.5,1.4,0.9,0.5,6.8,7.2,4.1,7.6,7.4,8.7,9.6,2,0,0,3.5,0,0,0.7,1.7,7.5,7.3,9.1
sydpur      ,2023,9,7.8,3.3,8.5,4.2,9,8.6,5.9,0.4,7.6,7.7,8.5,2.3,1.2,8.8,8.2,8.5,8.6,5.4,4.5,4.6,0,0,0,0,1.5,5.8,7.4,7.8,7.1,0,
sydpur      ,2023,10,6.9,5.8,5.8,0,0,0.5,0.4,4.2,7.5,0.6,3.6,4.8,6.7,6.9,6.1,4.4,7.4,6,7,6.2,7.4,7.3,4.8,3.2,7.6,7.4,7.5,7.6,7.6,7.7,7.8
sydpur      ,2023,11,7.7,6.6,7.2,6.8,6.7,7.1,6.9,7.6,7,7.6,7.8,7.8,8,8.1,8.2,4.6,6.7,7,8.1,8,7.3,6.2,7.1,4.6,7.9,8.1,7.8,7,7.4,8,
sydpur      ,2023,12,4.3,6.1,7.3,7.7,0,2.6,0,6.8,0,2.4,4.1,6.8,5.8,5.1,4.1,7,6.5,4.2,6.5,6.8,7.4,7.6,1.3,6.7,7.3,6.9,7.2,7.6,7.6,6.8,3.3
sydpur      ,2024,1,1,0.2,6,7.3,6.9,2.3,5.1,0.4,0,0,0,0,0,0,0,0,0,1.8,0,2.4,0,3.9,5.1,2.7,3.2,3,4.5,5.6,5.8,0,0
sydpur      ,2024,2,0,0,7.8,4.9,0,0.8,4.4,4.8,3.9,0,7.5,7.4,4.9,0,2.3,0.3,6.4,7.5,6.5,0,1.8,1.8,3.3,7.1,3.6,4,4.7,7.5,****,,
sydpur      ,2024,3,7.4,7.3,3,5.9,8.2,8,8,8.1,8.2,7.5,7.5,8,7.4,8.2,8.1,7,8.2,6.4,0,0,5.4,6.5,2.5,0,6.9,4.7,5,2.7,6.8,0.2,5.1
sydpur      ,2024,4,9.7,8.8,8.8,8.6,5.5,8.1,3.3,0,8.5,7.6,1.6,7.5,7.8,8.6,9.4,8,10.2,8.3,4.3,7.7,8.9,5,9.4,9.4,9.4,9.4,2.6,8.6,8.6,8.7,
sydpur      ,2024,5,9.3,9.1,9.3,1.2,0,0,3.6,3.2,5.3,6.8,8.3,4.4,7.4,8.8,7.9,7.3,7.9,4.1,7.1,5.1,4,0,9,9,9.4,4,0,4.9,4.9,0,1.4
sydpur      ,2024,6,4.6,8.8,5.8,4.7,6.5,7.2,6.4,0,0,1.7,5,0.9,1.7,0,0,0,0,0,0,3,7.2,3.5,5.2,4.6,1.4,1.7,2.6,0.3,1.2,0.6,
sydpur      ,2024,7,0.4,0,0.7,5,0,0.2,4.2,7,5.8,1.2,0,3.2,1.2,4.7,7.5,0.6,8,5,4.3,4.8,9.4,6.6,3.8,6.6,7.5,7.7,7.8,8.4,7.3,7.4,7.3
sydpur      ,2024,8,5.2,0.5,0,4.6,2.6,2.7,5,5.9,3.8,1.9,0.2,2.1,2.9,8.7,6.5,8.4,7.3,6.1,7.8,5.2,1,2.8,5.2,8.4,6.1,6,4,7.4,7.3,5.7,5.3
sydpur      ,2024,9,0.4,7.1,1.4,6.9,0.1,9,8,5.1,8.7,8.6,8.6,6.2,7.6,2,0.1,0,7.2,7.7,8.4,7.8,8.2,8.2,7.7,6.2,0.3,0,0,1.2,5,5.8,
sydpur      ,2024,10,2.2,3.4,0.1,0,1,0.9,5.2,6.2,5,6.3,7.4,6.9,2.7,2.6,3.1,5.1,0,1.8,1.9,6.9,7.4,7.6,7,0,0,0,6.6,7.7,4.2,6.9,6.7
sydpur      ,2024,11,2.4,4.3,7.3,7.5,7.6,7.4,7,7.9,8,7.9,7.4,8.1,0,2.7,4.7,4.8,5.9,6.5,7.8,8.1,7.2,7.8,6.1,0.1,1.9,7.5,7.9,8.1,8.3,8.3,
sydpur      ,2024,12,5.2,7.9,6.1,0,0,0,0,0,0,0,0,1.7,4.9,3.7,7.4,8.2,8.4,8.1,5,7.3,7.7,3.4,7.7,8.1,7.8,6.4,8.2,8.3,7.6,2.9,0
St.Name,Year,Mo,1,2,3,4,5,6,7,8,9,10,11,12,13,14,15,16,17,18,19,20,21,22,23,24,25,26,27,28,29,30,31
chuadanga   ,2022,1,6.8,3,4.3,4.3,4.6,7.3,8,8.8,9.1,6.5,0.4,0.1,3.8,0,2.8,8.8,9.1,6.9,7.1,8.3,6.2,0,0,10.7,5.1,1.3,9.4,9.2,8,8.6,8.8
chuadanga   ,2022,2,8.1,7.4,2.4,0,7,9.6,8.5,8.9,6.9,0,7.4,9.5,9.9,9.5,9.9,9.3,9.7,9.9,9.7,3.2,8.4,5.4,9.4,8.1,7.3,9.2,5.4,8.8,,,
chuadanga   ,2022,3,9.2,9.4,9.5,9.6,9.7,9.2,9.8,9.2,9.6,9.6,9.7,9.5,9.5,9.7,9.7,9,9.6,9.9,9.7,9.4,7.2,7.6,6,8.4,7.7,6.4,7.4,8.7,5.4,3.9,7.8
chuadanga   ,2022,4,9.1,0.8,4.8,8.8,8.6,5.4,7.2,9.1,8.6,4.8,6.7,4.5,5.8,6.3,9,6.6,7.4,7.5,8.3,5.4,1.8,3.6,9.6,9.7,9.6,8.5,8.6,7.8,8.4,5.1,
chuadanga   ,2022,5,6.1,8.4,0,9.1,7.8,9.3,9.8,5.4,3.1,3.6,1.2,6.2,2,5.2,7.9,8.3,4.3,8.3,9.6,9,6.9,2.4,10.3,8.9,5.4,9.5,6,7.8,0.5,1.5,2.9
chuadanga   ,2022,6,2.1,2.9,7,2.7,3.4,4.4,1.6,4.2,0,7.7,5.1,5.3,6.2,4.7,2.1,5.7,0,3.8,3.2,0.7,0.7,2.6,5.3,7.8,6.4,9.3,9.5,1.4,4.3,0.3,
chuadanga   ,2022,7,4.1,7.4,5.6,7.5,5.2,5.1,7.5,10.5,9.6,9.8,6.9,10.6,11.5,11.7,11.7,9.5,10.3,10.8,5.1,7.1,5.9,4.8,4.7,0.8,4.8,1.6,6.6,1.4,9.8,2.6,0
chuadanga   ,2022,8,0,1.9,1.4,2.3,9.4,4.2,9.5,8.2,7,0.6,2.2,6.5,6.3,0,2.8,9.3,9.2,10.4,3.7,0,8.6,8.3,2.8,6.9,9.3,9.1,3.4,5.3,6.7,9.9,8.8
chuadanga   ,2022,9,4,7.9,5,5.8,3.6,0,6.2,5.4,5.5,5.8,3.3,0,0,0,2.1,1.5,2.8,4.7,7.2,8.8,6,6.4,7.4,6.9,3.3,5.6,4.5,4.3,5.4,8.6,
chuadanga   ,2022,10,6.5,1.3,1.5,5.9,8.1,7.3,10,7.8,8.8,10,8.4,1.7,6,6,8.6,9.9,10.1,7.9,8.7,9.7,9.9,9.8,4,0,8.6,9.5,9.1,9.9,10,10.1,10.2
chuadanga   ,2022,11,10.2,9.5,8.2,7.6,9.4,9.1,7.3,8.4,8.6,8.6,7.8,5.6,8.9,8.4,8.5,8,8.6,6.4,7.3,9,9.2,8.5,8.7,9,9.3,9,8.8,8.9,9.5,9,
chuadanga   ,2022,12,9.4,9.1,8.8,8.5,8.6,7.3,7.5,5.4,8.2,2.6,8,6.9,5.5,6,8.3,8.8,6.8,6.4,7.4,6,3.3,5.8,8.7,7.6,6.8,5.9,0,6.4,6.9,5.3,4
chuadanga   ,2023,1,0,4.6,0,0,2.6,5.3,2,7.6,8.7,8.7,8.2,7.7,6.7,1.8,5.5,2.6,0.3,0,7.9,8.4,7.4,3,10.1,4.5,3,5.2,8.8,7.9,8.8,7.6,1.9
chuadanga   ,2023,2,6.4,8.7,9.3,8.6,8.5,8.9,9.2,8.3,8.3,9.6,5.5,6.5,10.2,9.8,8.8,9,8.5,4.1,2.5,1.6,3.4,8,10.8,8.3,2,8.7,6.5,8.6,,,
chuadanga   ,2023,3,8.8,8.9,8.4,9.1,9.1,9.5,9.2,7.2,8.5,1.1,3.8,6.6,7.6,3.8,4.2,0,0,5.5,0,0,5.2,9.5,9.9,8.7,7.2,8.1,6.8,9.3,8.1,8.1,0.9
chuadanga   ,2023,4,2,9.2,9.8,9.4,9.2,10,9.5,9.4,9.7,9.6,9.9,10.4,10.5,10.6,7.9,8.9,10.1,9.1,9.1,9.8,4.2,9.3,2.1,5.9,7.1,8,6.7,6.2,7.2,7.4,
chuadanga   ,2023,5,3.4,9.1,6.7,8.5,8.4,9.2,10.7,10.6,7.5,9.8,9.8,0.8,5.1,7.2,0,7.6,7.8,3.3,8.2,10.7,7.5,9.7,5.4,2.5,8.1,10.3,2.7,8.6,10.8,8.7,9.4
chuadanga   ,2023,6,9.7,10.9,9,9.9,7.2,8.1,8.2,0.1,1.4,2.5,4,3.5,3.9,8.1,6.9,7.5,1.7,1.9,0,1.3,1.4,0,9.3,5.1,5.5,2.2,1.2,0.1,0.1,1.8,
chuadanga   ,2023,7,2.9,4.2,3,11.4,8.7,4.9,4.3,3.9,5.4,6.3,5.7,6.4,7.2,6.5,2,2.5,5.3,9.1,10.2,9.7,6.2,7.2,8.2,10.4,7.9,6.8,7.1,7.8,5.1,8.6,5.7
chuadanga   ,2023,8,6.2,3.5,2.1,2.7,0.9,0,0,0,3.9,7.9,2.3,2.8,0,3.7,5.1,1.2,8.3,8.8,8.2,9.5,5.5,1.1,0.2,0.4,0,0,6.5,6.2,6.4,4.5,7.2
chuadanga   ,2023,9,4.5,2.7,1.9,3.5,5.2,6.1,5,1.7,7.6,9.5,8.4,1.6,8.7,5.5,4.1,9.6,8.8,1.5,4,0.6,0,1.4,1,11.7,2,7.4,6.8,7.4,0.7,2.4,
chuadanga   ,2023,10,2.1,5,4.6,0,0,2.4,4.6,8.4,5.4,7.8,8.2,9.5,9.5,7.6,9.2,8.4,6.7,8.5,9.7,9.7,9.5,3.4,2.6,2.8,6.8,9.2,6.3,6,8.6,9.1,8.8
chuadanga   ,2023,11,9.8,9.4,6.3,4,0.1,7.7,3,8.1,8,8.4,6.2,8.6,9.7,8.5,6.6,0,4,3.1,9.5,8.4,7.8,6,7.8,8.2,7.9,9.2,7.5,7.7,3.5,8.4,
chuadanga   ,2023,12,9.7,7.6,3.8,4.5,0,0,0,3,5.6,5.8,7.1,6.2,8.4,8.1,7.2,5.9,6.6,5.4,7.5,6.8,8.2,6.3,0,5,6.3,6.6,5.4,8,8,7.3,3
chuadanga   ,2024,1,0,5.5,6.9,8.3,8.4,4.1,1.6,1.2,4.4,3.9,6.5,0,6.7,1.3,0,3.1,0.3,3.1,2.2,2.8,5.7,3.8,7.4,2.1,6.5,8.2,6.9,7.6,7.3,2.9,1.7
chuadanga   ,2024,2,0,3.1,8.4,8.8,5.4,0.2,7.2,9.3,9.7,7.7,8.5,7.7,1.2,2.1,2.8,8.4,7.9,3.3,0.8,1.4,6.4,1.2,6.3,5.2,0.9,8.3,6.8,6.9,9.6,,
chuadanga   ,2024,3,9.3,9.4,7.5,5.6,9.2,10,6.9,10,10,9.8,9.8,9.2,7.1,4.6,7.9,7.4,7.4,3.7,2.8,0,4.3,9.3,9,6.7,4.7,8.8,2.3,6.1,3,5.4,8.7
chuadanga   ,2024,4,10,10,9.7,9.1,8.5,9,1.2,0.1,6,1.8,0.3,8.6,8.7,9.4,9.8,9,9.5,9.3,10.7,10.6,10.2,6,9,10.5,11,11,9.4,9.6,11,10.9,
chuadanga   ,2024,5,10.3,10.6,11.2,5.4,7.6,2.5,6.7,5,4.7,9.8,4.8,10.2,9.7,9.5,11.3,10.9,7.9,0.5,5.8,4.7,8.2,7,9.1,9.1,9.6,0.2,0,5.7,1.5,6.6,3.1
chuadanga   ,2024,6,6.7,5,7.8,6.6,7.2,6.9,10,3.9,5.6,7.9,9.3,6.2,8.9,6.5,2,0.5,1.7,0,0,0,1.1,0.6,8.9,10,9.7,6.8,4.3,6.6,0,0,
chuadanga   ,2024,7,0.6,0,0.4,1.8,0.3,0.2,6.2,6.2,2.3,8.2,0,0.2,9.9,10.4,5.8,4.9,9.6,20.2,10.4,5.9,4.4,3.3,5.6,4.6,9.1,9.3,5,8.8,5.9,1.4,3.9
chuadanga   ,2024,8,0.8,0,0.1,4.1,0.5,5.3,7.6,8.1,0.3,1.4,0.8,4,3.1,5.7,8.3,6.9,10,0,1.9,5.6,2.9,0.3,0.3,3.3,0.3,0,0.3,8.6,10.7,7.4,7.4
chuadanga   ,2024,9,1.9,9.9,3,5.1,4.7,6,5.9,9.9,7.7,5.9,8.8,5.1,1.1,0,0,0,9.3,8.8,9.9,7.7,5.4,8.8,2.1,3.3,0,0,3.1,9.1,1.9,2.6,
chuadanga   ,2024,10,1.3,0.2,0,0,0.9,2.6,17.9,5.1,8,4.4,5.5,3.6,7.7,17,3.6,1.8,0.5,1.8,3.6,6.9,7.5,8.8,0.5,0.2,0,4.5,8.4,8,6.7,8.2,5.8
chuadanga   ,2024,11,6.9,6.1,2,6.1,6.1,8,6.1,9.3,7.9,9,8.9,7.6,5.5,5.3,6.4,8.6,6,7.5,8,8.7,8,7.4,3.9,3.1,10.5,5.3,8.7,8.7,8,1,
chuadanga   ,2024,12,6.3,4.1,8.5,7.8,8.6,9.1,8.7,8.5,0,5.3,4.8,5.8,7.9,7.2,8.4,8.5,6.9,8.3,7.6,5.5,1.7,4.7,8.6,8.4,6.8,7.6,7.9,9,8.2,3.1,3.7
St.Name,Year,Mo,1,2,3,4,5,6,7,8,9,10,11,12,13,14,15,16,17,18,19,20,21,22,23,24,25,26,27,28,29,30,31
Jessore     ,2022,1,5.1,3.9,5.8,5.7,3.8,6.1,6.9,7,7.2,4.3,3.2,0,4.5,0,4.5,7.2,6.8,6.3,6.6,6.5,1.8,0,0,0.3,3.7,1.4,5.9,6.5,6.8,6.9,5.9
Jessore     ,2022,2,7.1,7.6,3.4,0.6,7.3,7.6,7.5,7.1,5.4,0,2.8,8.1,8.2,8,8.3,8.1,7.9,8.5,8.2,7.8,2.3,7.1,5.8,3.5,7.2,8.3,6.9,7.3,,,
Jessore     ,2022,3,7.3,6.8,8.9,8.1,8.8,9.2,8.3,8.4,8.5,8.3,8.4,8.4,8.2,8.8,8.4,8.3,8.4,9.5,8.7,8,7.8,7.4,6.3,6.9,2.9,2.1,6.4,7.3,0.8,7.8,7.5
Jessore     ,2022,4,7.3,3.8,8,3.3,6.5,6.3,7.4,7.3,7.3,6,6.9,6,8.3,6.8,0,0,0,7.1,0,0,3.4,0,0,8.7,8.8,8.6,8.1,8.4,8.9,4.2,
Jessore     ,2022,5,8.5,7.8,0,7.2,8.2,7.8,8.3,8.5,0.2,3.3,1.6,3.8,2.2,6.6,6.3,8.2,5.3,8.1,3,6.5,5.8,1,7.3,7.2,4.7,5.2,3.3,4.5,0,5.9,0
Jessore     ,2022,6,0.1,1,1.1,5.4,5,8.1,3.7,3.4,0,5.8,3.1,6.1,6,2.7,1.5,0,1,1.2,1.1,1,3.2,0.5,4.4,4.9,0,5.5,7.9,3.9,2.7,0.9,
Jessore     ,2022,7,0.3,5.3,2.7,5.8,4.8,0.4,7.4,6,9.4,9.4,7.2,8.6,8.9,9.8,10.4,2.3,6.1,5.8,2.6,3.9,3.9,3.6,0.8,0.5,1,0.2,6.7,1.8,6.6,6.6,0.3
Jessore     ,2022,8,0.5,1.7,0.4,5.6,5.3,3.6,8.4,7.3,5.5,0.2,1.1,2.8,4.8,0,4.2,9.1,8.4,8,1.1,0.3,5.8,8.4,1.8,3,6.7,7.2,0.1,1.7,8.7,8.8,7.3
Jessore     ,2022,9,3.1,2.2,6.7,4.6,2.6,1.1,7.9,5.5,1.1,4.4,0.7,0,0,0,0.7,0.4,5.6,2.7,8.5,6.8,8.3,7.5,6.5,7.4,1.9,3.6,2.9,5,6.9,0,
Jessore     ,2022,10,6.1,0,0,2.8,7.7,5.7,7.7,7.9,8.7,7.7,5,4.9,3.1,6,8.8,8.6,8.8,6.7,7.4,8.3,8.5,8.4,0,0,7.1,8,7,7.8,7,8.1,7.8
Jessore     ,2022,11,7.9,7.6,1.9,5.4,7,7.3,7.2,6.4,4.1,7.4,7.1,6,7.6,7.2,7.4,7.1,6.9,6.5,5.3,4.1,7.1,6.9,6.7,7.3,7.2,7.1,6.9,6.8,4,7.7,
Jessore     ,2022,12,7.5,7.3,7.4,6.9,7,6.9,6.5,4.1,7.4,4.6,6,5.7,5.1,5.1,5.6,5.5,5.1,3.2,5.2,4.6,4.8,4.4,5,5,4.7,3.6,0,1.8,5.2,3,4.1
Jessore     ,2023,1,0,4.4,0,0,3.2,4,0,4.5,6.8,7.1,6.4,6.7,2.3,0.8,4.8,1.5,0,0,5.4,6.5,6.5,2.1,2.8,1.3,4.9,6,6.9,6.9,7.3,6.7,1.7
Jessore     ,2023,2,1.6,7.3,7.3,7.7,7,7.3,5.5,5.8,5,6.8,3.5,6.9,8.2,8,7.5,7.2,5.9,3,4.3,5.3,1.4,6.9,5.6,5.3,6.5,7.9,6.1,7.9,,,
Jessore     ,2023,3,7.2,7.4,7.9,8.1,8,8.3,8,6.8,7.8,0.8,2.6,6.7,8,5.8,4.6,1.9,0.2,1.6,0.6,0.3,5,8.1,7.6,7.5,6.2,6.8,5.4,7.5,4,1.4,1.6
Jessore     ,2023,4,1.9,8.6,8.5,7.1,7.9,8,8,8.5,8.6,8.3,8.1,8.6,8.7,8.7,7.1,7.2,7.8,7.2,7.4,7.4,4,6.3,0.2,5.2,7.1,6.3,6.1,5.7,4.6,4.8,
Jessore     ,2023,5,3.6,7.6,2.1,6.3,8,8,9.1,9.2,8.4,6.8,8.4,1.5,0,3.4,8.3,8.1,7.4,4.2,6.2,8.1,2.6,4.6,5.5,0,7.5,7.5,9,8.5,8.8,6.5,8.7
Jessore     ,2023,6,7.6,7.8,6.1,7.2,8.3,7.8,5.6,0,0.1,0,4.7,3.5,1.6,8,3.6,3.2,2.7,0.6,0.1,2.3,0,0,5.9,2.5,3.7,1.2,0,0,0,2.8,
Jessore     ,2023,7,3.5,2.9,5.6,9.7,5.2,0.9,5,5.7,5.3,2.2,5.1,5.2,3.6,3.9,4,3.1,5.2,5.9,5.4,7,3.5,4.3,6.3,7.6,4,3.9,2.6,5.9,1.6,4.9,4.4
Jessore     ,2023,8,4.1,2.8,0.4,0.5,1.9,0,0,0,3.6,1.8,2.9,0.6,0,1.7,3,1.3,6.3,5,7,7.2,5.4,0,0,0,0,0,6.7,4.7,6.4,3.9,2.1
Jessore     ,2023,9,2.1,0.5,2.1,0.7,0.6,3.4,1.2,0,6.1,8.2,3.7,4.4,8.3,0.5,0,8.2,6.7,3.9,4,1.8,0.8,2.9,1.1,0.3,2.1,8.4,6.6,5,0,2.7,
Jessore     ,2023,10,3.4,1.1,1,0,0,2.1,3.4,8.2,4.4,7.2,7.3,7.3,6.4,6.1,7.2,8,7.1,7,7.7,7.9,8.2,2,2.2,4.4,7.7,8,5.1,4.8,5.9,7.6,7.5
Jessore     ,2023,11,7.5,7.3,5.9,3,2.4,7,3.3,6.5,6.1,6.2,6.5,7.1,7.4,3.9,6,0.2,0,4.5,7.4,6.1,6.3,5.5,7,6.6,5.9,6.6,4.6,6.2,0.5,5.4,
Jessore     ,2023,12,6.7,5.3,2.8,0,0,0,0,0.3,3.5,3.7,4.1,4.1,4.1,3.6,4,3.6,3.9,2.4,0,4.1,2.1,3.3,1.3,2.6,3,3.3,2.7,3.9,4.8,4,2.4
Jessore     ,2024,1,4.8,0,3.9,5.4,5.2,5,4,1.6,3.9,4.8,2.9,0.6,5.9,1.9,0,5.2,0,0,3.1,1.6,2.5,2.6,6.6,1.3,0.6,6.6,5.9,5.9,6.3,4.1,1.8
Jessore     ,2024,2,0,4.9,7.2,7.6,4.9,3.4,3.8,7.5,7.8,7.1,7,6.7,2,4.2,5.3,7.1,7.6,5,2.3,0.3,6.2,0,4.8,4.7,1.3,7,6.1,6.4,7.7,,
Jessore     ,2024,3,4.6,7.7,7.2,4.2,8,7.6,1.5,8.3,8.6,8.2,8.7,6.4,6.2,2.2,6.9,6.4,7.2,1.5,3.4,6.4,5.1,8.2,8.1,6.6,2.5,8.1,4.2,4.2,4.8,7.5,7.3
Jessore     ,2024,4,6.8,6,7.7,7.3,5,7.3,0.3,1.5,4.9,1.6,1,4.2,5.2,6.5,7,7.5,7.9,8.3,8.8,8.8,8.1,5.9,8.1,8.3,9.3,9,8.8,8.4,10.3,8.7,
Jessore     ,2024,5,8.9,8.4,9.1,6.1,8.4,3.5,6,5.4,6,5,3.2,5.6,8.2,8.5,8.7,6.6,8.4,2.4,4.2,3.6,7.2,6.6,9,9,7.9,0.1,0,3.3,3,5.1,2.4
Jessore     ,2024,6,8.7,4.8,5.7,8.1,7.5,3.3,8.5,6.4,6.3,6.6,7.2,4.5,5.9,5.9,4.3,1.8,0.3,0,0,0,2,1.6,5.9,8.1,8.6,3.3,2.6,2.5,2.7,0.6,
Jessore     ,2024,7,0,0,0,0,0,1,5.1,4.1,4,5.9,1.1,0.4,2.5,7.3,5.7,4.8,3.2,8.1,7.3,2.9,3.6,0.6,4.1,2.4,4.9,6.2,5.2,3.4,4,0.7,3.2
Jessore     ,2024,8,0,1.6,0.2,3.9,0.2,4,6.6,1.6,3.4,0.3,0.7,0.8,1.6,4.1,7.9,3.1,7.2,0,0.2,4.1,0,0,0.2,0.9,0,0,0,2.8,7.4,4.6,4.5
Jessore     ,2024,9,1.8,1.9,2.2,3.8,7.5,2.1,5.6,6.6,6,3.7,5.7,0.4,0.5,0,0,0,7.5,7,6.9,6.9,6.2,8,9.4,7,0.9,0,4.7,8.1,4.4,5,
Jessore     ,2024,10,1.9,0,0,0,0,0.5,7.4,4.3,5.1,3.8,4.6,2.5,4.6,5.3,4.6,0,0,2.7,3.5,6,4.7,6.7,0,0,0,6.4,5.6,5,6.3,5.7,5
Jessore     ,2024,11,5.5,6.5,4.1,4.6,0,6.5,5.9,7.2,7.4,7.5,7.2,5.5,5.1,2.4,5.3,7.4,5.6,4.3,5.9,6.9,5.2,5.6,5.6,4.6,4.7,2.9,5.7,6.1,3,0,
Jessore     ,2024,12,5.2,7.9,6.1,0,0,0,0,0,0,0,0,1.7,4.9,3.7,7.4,8.2,8.4,8.1,5,7.3,7.7,3.4,7.7,8.1,7.8,6.4,8.2,8.3,7.6,2.9,0
St.Name,Year,Mo,1,2,3,4,5,6,7,8,9,10,11,12,13,14,15,16,17,18,19,20,21,22,23,24,25,26,27,28,29,30,31
Khulna      ,2022,1,7.7,0.7,8.5,8.3,9,7,9,8.7,9.3,7.3,7.7,0,5.2,0.8,4.7,9.2,9,8.9,8.7,8.3,7.7,0,1.2,0,6.9,3.5,8.4,8.8,8.6,8.8,8.8
Khulna      ,2022,2,8.8,9.1,6.3,1.6,8.5,9.6,9.1,9.1,8.1,0,1.8,9.5,9.1,10.1,10,9.8,9.8,9.7,9.6,5.7,9.2,7,5.7,7.8,7.9,9.2,8.7,9.6,,,
Khulna      ,2022,3,8.5,9.6,9.4,9.5,8.3,9.9,9.4,9.9,9.9,9.7,9.4,9.6,9.8,9.9,9.8,10,9.5,9.5,9.8,9.4,8.2,8.1,7.7,8.3,3.9,0.1,2.9,8.5,8,8.5,8.9
Khulna      ,2022,4,7.9,1.6,6.5,7.7,9.2,5.9,7,9.3,8.8,7.1,5.7,6,8.2,2.7,8.6,7,8.1,6.8,9.9,5,8.5,1.9,9.3,9.9,10,9.6,9.7,9.1,9.9,8.1,
Khulna      ,2022,5,9.7,8.5,0.2,8.4,8.1,10.4,6.6,11,0,4.6,3.8,5.4,4.8,9.8,6.5,7.4,9.6,8.1,4.8,8.3,5.9,4.8,10.2,10.9,8.6,10.1,7.4,8.1,0,2.5,6.5
Khulna      ,2022,6,0.5,0.9,0.5,6.6,4.2,6.8,5.7,0.8,0.6,3.3,6.3,6.9,8.3,1.3,0.7,1.9,0,0.3,0.9,1.6,0.3,2.5,9,10.1,5.7,8.8,7.7,4.4,4.2,0.5,
Khulna      ,2022,7,5.4,4.4,1.3,8.3,6.2,2.7,6.5,8.8,9.8,9,9.9,10.9,11.7,10.4,10.6,10.1,10.5,5.7,6.8,2.3,8,7.6,3.6,1,0.8,3.3,9.5,5.1,7.6,10.7,4.9
Khulna      ,2022,8,0.5,1.7,0.4,5.6,5.3,3.6,8.4,7.3,5.5,0.2,1.1,2.8,4.8,0,4.2,9.1,8.4,8,1.1,0.3,5.8,8.4,1.8,3,6.7,7.2,0.1,1.7,8.7,8.8,7.3
Khulna      ,2022,9,6.3,9.4,8.1,4.7,2.7,8.5,6.6,8.5,5.5,9,0.5,0,0,0,2.2,7.1,5.4,6.6,6.9,8.2,6.4,6.8,9.2,6.1,4,5.8,3.3,6.4,8.7,5.5,
Khulna      ,2022,10,3.4,0,0,3.3,9.1,5.7,8,10.4,10,9.8,6.1,4.8,8.8,8.8,10.3,9.9,10,9,8.7,9.2,10.2,9.9,0,0,9.8,9.7,9.2,9.8,10.5,10.3,10.3
Khulna      ,2022,11,9.7,10.2,1.8,8.9,9.2,9.4,9.2,4.6,8.5,9.3,10.1,7.9,9.1,9.4,9,9.5,8.8,9,8.5,4.9,7.5,8.9,8.7,9.1,9.9,9.3,9.2,9.1,5.2,6.8,
Khulna      ,2022,12,10,9.8,9.2,8.4,8.9,8.6,6.8,6.7,8.2,3.4,8.9,7.5,6.2,4.5,7.6,8.6,6.9,5.1,6,5.1,5.5,6.1,8,8.1,7,5.3,0,0,8.1,5.9,6
Khulna      ,2023,1,0,6.8,6.7,1.3,4.5,7.6,2.5,4.9,8.5,9,8.5,8.7,7.5,7.5,6.1,5.8,5.1,0,3.7,8.3,7.7,5.8,6.3,1,6.5,7,8.1,7.8,9.2,7.3,1.4
Khulna      ,2023,2,0.4,9.8,9,8.5,9.1,8.7,4.6,6.7,6.1,8.4,7.7,9.9,9.7,9.8,8.5,8.6,6.1,2.5,0,6.4,4.6,6.8,7.5,6.1,5,9.3,8.8,8,,,
Khulna      ,2023,3,8.8,8.7,9.3,9.4,9.3,9.5,8.5,3.4,3.7,0.3,3.4,9,9,4,0,1.5,1.6,3.4,0.9,3.8,6.7,10.9,9,9.1,9.5,9.3,5.8,9.1,7.6,7.6,1.7
Khulna      ,2023,4,8.8,1.3,10.4,9.8,9.2,9.7,9.7,10.1,9.6,9.5,9.1,9.7,10.5,9.8,9,7.2,8.9,8.7,8.4,8.8,3.7,8.1,2.3,7.2,8.5,9.4,9.3,8.1,8.1,6.5,
Khulna      ,2023,5,4.1,11.3,5.3,1.5,9.3,8.4,10.6,10.9,9.1,9.6,9.3,4.8,5.2,1.4,10.9,9.7,8.6,3.8,10.4,10.6,11,9.8,5,3,9.2,9.7,7.5,10.1,11.1,10.4,10.5
Khulna      ,2023,6,5.8,8.4,9.4,10.6,11.2,9.7,2,0,0.2,0,5,2.2,6.2,10.6,0.8,6.5,7,0.8,3.6,6.7,4.4,1.5,3.9,4.6,2.3,2.4,0.3,0,0,4.6,
Khulna      ,2023,7,0,6.8,7.2,10.2,6.8,0.7,8.2,9.4,10.3,4.3,0.8,5.9,7.8,5.1,7.1,3.2,5.7,6.3,10.5,9.5,4.7,9.2,9.4,10.2,6,5.2,5,9.7,2,8.7,4.8
Khulna      ,2023,8,3.5,0.2,0,0,3.7,0,0,0,7.2,2.6,1.1,0.7,0.7,0.5,7.7,2,4.8,9.2,8.6,9.8,6,1,1.1,0.7,0,0.6,2.8,2,5.5,4,1.5
Khulna      ,2023,9,2.1,3.7,2.1,0.9,4.7,5.5,3.2,0,8.7,7.9,3.1,4.3,8.7,0.2,0,10.4,7.1,1.5,4.6,0.8,1.3,3.1,3.2,3.8,4.9,10,7.5,7.4,0,5.4,
Khulna      ,2023,10,4.7,0,1.2,0,0,4.9,7.3,9.7,4.8,7.3,8.2,6.9,8.4,9.1,9,9.5,9.2,8.2,9.3,9.9,9.7,5.8,1.1,0.8,7.4,9.8,6.9,8.7,8.9,9.9,9.6
Khulna      ,2023,11,9.3,9.7,9,5.2,4,9.2,8.3,8.5,8.7,8.3,8.3,9.1,9.5,9.4,7.7,0,0,8.8,10,6.4,5.2,8.3,7.7,8.2,8.9,9.6,6.7,8.2,0.1,7.9,
Khulna      ,2023,12,8.5,8.8,5.1,0.4,0,0,0,0.1,7.4,6.6,7.2,2.8,5.6,3.3,6.9,7.7,8.3,5.5,8,8.8,6.4,6.7,3.3,3.3,1.1,6.8,3.8,8.3,8.2,8.2,3.3
Khulna      ,2024,1,2.7,7.2,6.3,6.2,8.6,6.8,7.6,6.8,7.2,7.4,7.1,2.7,7.9,3,1.5,5.5,2.5,0,5.3,7.7,1.1,3.9,7.6,3.7,4.6,8.4,7.8,9.4,9,8,1.1
Khulna      ,2024,2,2.4,5.7,8.2,9.3,8.5,0,6.1,9.7,10.2,9.2,9.4,6.9,5,4.2,6.9,7.7,8.9,7.2,7.4,4.6,8.2,2.1,7.2,7.3,0.2,8.9,9.2,9.3,9.4,,
Khulna      ,2024,3,9.3,10,7.9,4.5,9.5,10.2,5.7,10.1,10.3,10.2,10.5,7.8,7.1,4.7,9,6,7.4,3.1,1.4,0,5.9,9.5,10,9.8,8.4,9.6,8.1,5.5,4.5,6.6,8.4
Khulna      ,2024,4,9.9,9,8.9,8.6,6.3,9,0,6.3,7.9,2.3,2.4,8.2,9.2,10.4,10.6,10,10.1,9.3,10.6,11,8.3,7,9.9,11.2,11,10.7,10.5,10.2,10.7,10.5,
Khulna      ,2024,5,10.4,8.7,10.2,7.5,10.3,5.8,7,4.5,4.6,8,2.1,6.6,8.5,10.4,11.5,10.6,10.5,6.4,3.4,4.7,7.3,11.1,11.2,11.8,8.6,0,0,2.4,5,4.5,3.8
Khulna      ,2024,6,7.6,6.3,3.3,8.9,7.2,8.8,8.6,7.4,4.4,7.4,8.5,3.8,5.7,7.2,4.2,2.5,0,0,0,1.2,0.3,1.6,7.3,10.8,6.7,2.9,2.3,3.4,1.1,0,
Khulna      ,2024,7,0,0,0,0,1.4,4.8,5.4,4.1,2.3,7.1,5.8,0,10.5,7.2,6.3,2.9,7.7,11,5.1,5,5.1,2.3,4.7,3.3,3.3,4.1,7.2,4.5,7.4,4.5,0.5
Khulna      ,2024,8,0,0,0,2.6,1.2,5.3,7.8,0,1.1,2.1,0.4,4.9,2.5,5,7.3,4.5,9.1,0.8,0,0.5,0,0,0,0.7,0,1.6,0.4,5.9,9.5,9.9,10.4
Khulna      ,2024,9,4.5,6.7,1.9,11,9.3,5.3,5.5,8.7,8,5.4,4.5,0,1.1,9.7,0,0,9.7,8.5,6.6,10.2,6.1,10.3,0,5.6,0,0,6.4,9.2,8,8.4,
Khulna      ,2024,10,3.6,0.1,0,0.7,1.1,5,2.7,4.6,7.1,8.6,8.1,7.2,6.2,8.6,8.8,2.4,5.3,4.5,0.4,8.7,9,9.3,0.1,0,0.7,9.2,9.2,9.4,8.8,9.1,9.2
Khulna      ,2024,11,8.9,7.2,5.5,6.4,3.3,8.2,8.3,8.5,9.7,9.8,4,7.1,9.1,6.6,6.1,8.3,7.7,5.5,8.5,8.6,8.3,6.8,6.2,1.7,1.6,3.9,6.8,6.1,3.9,0,
Khulna      ,2024,12,4.6,1.3,6.8,6.6,6,8,8.6,8,3.6,4.2,5.2,6.4,6.1,6.5,6.9,6.8,4.8,6.3,4.3,2.2,0,5.8,6.4,3.7,1.9,6.8,6.7,8,7.1,5.4,4.7
St.Name,Year,Mo,1,2,3,4,5,6,7,8,9,10,11,12,13,14,15,16,17,18,19,20,21,22,23,24,25,26,27,28,29,30,31
Mongla      ,2022,1,8.4,3.5,9,8.9,8.8,8.6,8.5,9,8.7,8,8.2,0,4.2,0,1.1,9.2,8.6,7.7,8.1,7.4,4.4,0,2,0,5.9,3.4,7.4,8.7,8.4,8.2,8.9
Mongla      ,2022,2,8.8,6.6,5.7,0.2,7.7,9.6,8.8,9.5,8.3,3.5,4.3,9.4,10.2,10.3,10.1,9.8,9.5,9.8,9.5,4.2,9.2,7.8,7.6,7.2,5.8,9.3,8.6,8.9,,,
Mongla      ,2022,3,9,9.1,9.8,9.8,9,9.5,9.7,9.7,9.9,10,10,8.9,9.6,10.1,9.8,9.2,9.7,9.7,9.9,9.7,8.9,8.8,8.3,8.5,5.4,0.4,5.4,8.3,8.2,8.4,9.1
Mongla      ,2022,4,8.1,2.9,5.2,3.6,9.2,5.7,8.8,9.4,9.5,8.5,7.4,6.3,8.3,5.9,7.6,6.3,9.4,7.1,10.3,5.1,8,4.4,9.6,10.5,10.2,9,9,8.2,7.9,4.1,
Mongla      ,2022,5,10,9.8,1.8,8.8,6.6,9.1,9.7,10.9,0,2.1,2.5,4.1,1.9,7.2,7.6,7.8,10.7,9.7,7.6,6.8,5.4,3.5,9.5,11,6.6,8.1,5.2,6.5,0,3,5.1
Mongla      ,2022,6,0,0,0,2.2,7.5,6.5,7.4,2.2,0.8,0.5,3.7,4.6,6.2,0.6,0,0,0,0.3,1.7,1,0,1,7.4,5.2,3.7,7.7,6.4,3.5,5.3,1.6,
Mongla      ,2022,7,2.2,3.1,2,10.6,5.8,1.1,8.6,3.4,11.7,7.9,10.2,10.3,8.2,11.3,7.9,8,8.2,10.6,5.1,4.2,3.9,4.5,1.8,0.3,0,1,10.4,6,9.2,9.2,6.1
Mongla      ,2022,8,2,4.6,0.4,5.7,6.9,3.4,10.2,2.9,3.3,0.1,0,4.8,4.4,0,0.1,11.3,10.3,7.9,0,3.8,4.6,8.8,3.7,2.5,10.3,4.5,1.4,0,9.8,11.3,7.8
Mongla      ,2022,9,4.5,5.4,6.7,1.7,1.4,5.4,7.8,9.7,1.6,1.2,1,0,0,0,1.3,5.1,2.4,4.8,4.2,7.6,6,6.3,5.3,3.5,3.7,7.9,6.8,7.7,10,5.3,
Mongla      ,2022,10,2,0.5,0,6.7,8.7,3.1,6.9,9.6,8.4,8,3.4,6.1,5.4,9.5,9,10,10,8.4,5.8,9.7,10.4,10.4,0,0,9.4,10.4,9.7,9.5,9.1,10,10
Mongla      ,2022,11,10,11,2.7,9.3,9.7,10,9.5,7.8,8.4,8.9,9.1,8.7,8.9,9.2,9.2,9.4,8.4,9.2,9.3,3.6,8,9.5,8.5,8.7,9.5,9.3,9.6,9.1,6.1,8,
Mongla      ,2022,12,9.6,9.5,9.6,8.4,9,8.4,6.1,6.6,6.7,2.9,9.1,7.1,5.4,6.4,5.6,9.2,4.4,4.3,5.8,5.6,5.6,4.6,6.8,7.6,5.7,7.1,2.7,0,7.9,5.1,3.5
Mongla      ,2023,1,0,4.5,5.6,4.4,3.3,6.3,6.6,5.9,8,8.6,6.5,7.7,5.1,2.1,3.3,5.6,9.8,0,0.4,8.5,7.8,5.3,4.5,1.4,5.8,4.9,5.8,6.1,9.2,7.7,7.9
Mongla      ,2023,2,5.2,9.5,9.1,8.7,9,7.5,7.3,7.4,8.1,3.8,8.7,6.4,10,9.2,9.2,5.6,3.8,2.2,0,1.1,5,5.6,7.1,3.8,0.7,8.7,7.1,2.3,,,
Mongla      ,2023,3,8.5,8.9,8.6,9.8,9.8,9.9,9.1,1.2,2.3,2.1,5.2,8.2,8.1,1.9,1.4,1.7,1.7,1.4,0.3,3.4,5.7,8.4,5.3,7.6,8.4,8.3,2.8,7.2,6.1,7.4,1.4
Mongla      ,2023,4,1.2,10.7,9.4,9.3,8,9.5,7.9,8.8,8.1,7.1,7,8.1,9.7,8.9,9,7.2,9,8.4,8,8.6,3,10.4,0.3,7,10.2,8.6,9.5,8,7,5,
Mongla      ,2023,5,3.2,10.1,5.5,0,4.7,9.3,11,9.7,8.5,10.7,10.4,6.6,1.8,0.7,10.3,10.6,9.9,2.7,9.2,8.8,8.4,9.7,8.3,2.7,9,5.1,6.8,10.9,11.3,8.5,9.4
Mongla      ,2023,6,6.9,8.6,8.1,7.6,11.1,9.5,0,0,0,0,2.5,3.5,6.8,9.9,0,6.1,3.3,0.5,0.7,5.1,1.5,0.2,4.2,3.1,0,0.7,0,0,0,2.1,
Mongla      ,2023,7,2.3,4,4.2,7.5,5.4,0.1,1.9,7.8,7.2,3.1,1.4,2.3,1.3,2,3.5,4,7.3,9.2,9.7,9.7,4.9,7.8,8.7,7.6,3.4,7.7,7.8,9.4,1.7,8.7,3.4
Mongla      ,2023,8,2.4,0,0,0,0,0,0,0,3.8,0.9,1.3,0,0,0.6,3.6,3,6,7,9.4,9.3,7.2,0.5,1.4,0.1,0,0.2,0,0.1,7.7,2.1,3.6
Mongla      ,2023,9,4.6,3.9,4.7,1.5,4.5,4.2,3.3,0,5.2,7.1,1.2,3.5,5.2,0,1.4,9.6,10.5,1.6,4.3,0,1.5,4.6,2.4,1.9,4.7,9.7,0,6.9,0,6.9,
Mongla      ,2023,10,4.8,0.5,0,0,0.6,0.6,3.5,8.5,6.7,7.9,7.7,9,7.2,9.1,8.9,9.1,9.1,7.7,8.4,9.9,10,6.6,0.1,0,7.7,9.5,6.3,8.8,8.9,9,9.6
Mongla      ,2023,11,9.8,9.5,9,6.1,4.5,8.8,7.7,8.1,8.8,7.5,8.2,9.2,9.2,8.6,4.6,0,0,8.5,8.9,2.9,2.3,6.7,7.2,7.7,8.5,9.5,5.7,7.9,0.2,7.5,
Mongla      ,2023,12,9.4,8.8,5.4,0,0,0.3,0,0.2,7.3,5.3,8.3,6.1,8,7.8,8,7.4,7.9,7.2,6.8,7.8,7.9,6,3.4,1.1,2.9,5.7,4.1,5.8,8.6,8,5
Mongla      ,2024,1,3.9,4.9,6.6,6.9,8,7.7,7.7,6.8,8.2,7.5,5.3,5.9,5.8,3.6,1.1,4.6,2.4,0,5.1,6.9,0,4.1,7.8,3.3,3.5,6.9,7,8.9,8.8,8,0.1
Mongla      ,2024,2,1,4.7,7.7,8.3,7.3,0.9,4.5,8.9,9.8,9.1,8.9,6.5,6.5,3.8,6.9,7.5,8.1,5.7,2.4,2.5,7.3,1.2,3.2,2.8,1.1,7.7,8,7.1,****,,
Mongla      ,2024,3,8.9,9.9,7.3,5.2,9.4,9.1,4.8,10,9.3,10.2,9.5,2.8,7.4,3,7.1,7.2,6.3,2.2,0.9,1.3,5.2,8.6,9.8,9.7,7.7,9.8,7.6,8.7,6.9,5.3,7.4
Mongla      ,2024,4,9.5,7.5,7.3,6.8,6.3,8.5,0,6.4,7,2.5,0.1,8.4,8.8,11,10.9,10,8.1,8.5,10.2,11.1,8.7,5.3,10.1,11.4,11,9.7,10.7,10,10.8,10.3,
Mongla      ,2024,5,13.7,7,7.3,7.7,10.4,7.2,7.8,3.7,3.4,9.4,3.6,10,9.6,9.6,10.4,7.9,10.6,4.5,4.9,3.1,9.9,7.8,8.9,11.8,10.1,0,0,0.2,3.1,5.1,0.9
Mongla      ,2024,6,9.4,3.7,2,4.4,8.6,6.4,7.2,6.9,3.7,7.4,6.5,0,4.9,2.9,1.9,1.6,1.1,0,0,0,1.4,4.5,3.4,3.3,2.5,0,0.3,0,0,0,
Mongla      ,2024,7,0,0,0.1,0,0,4.5,3.2,6.3,0.6,4.9,2.9,0.3,5.6,10,5.4,4.6,6.6,7.6,5.1,5.6,2.7,0.5,0,2.2,6.9,5,3.6,3.9,3.6,0.3,1.8
Mongla      ,2024,8,0,0,0,0,1.8,4.2,2.2,0,0.6,1.2,1,2.3,2.2,2.1,0.4,1.1,9.1,0.3,0,0.7,0.3,0,0.2,1,0,0,3.5,1.7,10.2,11.1,8.2
Mongla      ,2024,9,4.2,2.6,1.5,9.5,5.6,6.4,6.1,2.5,7.7,6.9,4.1,0.1,0.9,0,0,0,7.3,9.1,3.6,8.6,2.6,9.8,0,1.2,0,0,6,5.5,7.6,7.8,
Mongla      ,2024,10,1.8,0,0,0,0,2.7,2.8,5.5,6.1,7.1,8.8,8.5,5.7,4.2,6,0.6,0.5,3.4,0.9,8,7.4,8,0.1,0,0,6.7,3.9,8.8,7.4,9,8.4
Mongla      ,2024,11,3.9,4.9,6.6,6.9,8,7.7,7.7,8.6,9.9,10,0.8,4.4,9.5,4,0.1,8,7.7,2.6,7.9,8.8,8.8,6.3,4.7,2.1,3.9,4.7,5.2,6,2,0.1,
Mongla      ,2024,12,5.9,1.9,8.1,7.8,5.5,7.8,8.1,7.4,3.1,0,3.8,6.3,7,6,7.7,7.4,0.7,0.5,3.9,1.6,0,5.1,7.2,1.8,0.2,7,7.2,7.9,7.5,3.9,3.5
St.Name,Year,Mo,1,2,3,4,5,6,7,8,9,10,11,12,13,14,15,16,17,18,19,20,21,22,23,24,25,26,27,28,29,30,31
Satkhira    ,2022,1,7.2,6,8.2,7.8,7.6,8.2,8.2,8.1,8.7,4.6,3.8,0,4.8,0,3.2,8.7,8.7,7.9,8.1,6.8,5.3,0.4,0.2,0,6.7,3.8,7.6,8,7.9,8.6,8.7
Satkhira    ,2022,2,7.2,7.7,4.8,1.2,7.9,9.6,8.9,8.1,3.5,0.1,2.5,9.5,10,10.1,9.9,9.6,8.9,9.2,9.6,1.1,6.7,7.9,4.7,7.9,3.6,8.8,7.9,7.9,,,
Satkhira    ,2022,3,9,9.1,9,9,8.2,9.3,9.3,9.4,10,9.3,9.8,9.5,9.8,10.1,9.5,9.5,9.4,9.5,9.9,9.2,8.1,8,7.3,8.4,5.2,0.9,5.6,7.4,6.5,8.2,8
Satkhira    ,2022,4,5.4,4.2,6,7.5,8.2,5.3,8.7,8.4,9.1,8,7.7,4.1,6.1,6.3,9,7.6,8.8,7.6,9.8,6.5,7,3.2,8.8,10.1,10,9.6,9,9.8,9.1,5.7,
Satkhira    ,2022,5,9.3,9.4,0.1,8.1,4.4,10,8.2,10,0.3,3.6,1.9,5.1,5.7,8.9,8.3,9.2,8.5,9.6,3.4,8,4.8,2.4,9.9,10.3,9.8,9.4,6.6,9.3,0,4.9,3.9
Satkhira    ,2022,6,0.1,0,0,5.5,7.8,7.6,8,2.7,0.8,2.8,1.4,6.4,8.6,3.4,0,0.7,0.4,0.6,0.4,0.5,4.1,2.3,9.6,3.5,3.5,6.9,7.9,7.2,6.2,0,
Satkhira    ,2022,7,0,2.1,0.3,8.8,8.9,2.6,6.5,9.2,7,6.9,6.2,10.4,8.5,10.9,8.3,6.8,8.6,10.1,6.2,4.9,5.8,6.5,2.6,0.6,0.3,2.3,7.4,5,8.1,9.8,3.9
Satkhira    ,2022,8,1.5,0.9,0.2,6.8,7.7,2.7,9.7,2.6,4.1,1,0.2,7.5,6.6,0,1.5,10.2,10.9,8,0.1,1.8,7,9.4,5.4,4.4,7.6,7.4,2,4,10.9,11.1,10.7
Satkhira    ,2022,9,9.5,9.2,5.4,3.3,2.6,1.3,7.6,9.3,4.7,8.5,1.8,0,0,0,0,6.7,0.8,5.6,5.9,4.5,6.4,5.6,6.8,7.2,5.2,5,4.8,6.9,8,3.9,
Satkhira    ,2022,10,5,2.3,0,4.6,6.3,5.7,6.1,10.1,9.2,9.7,6.4,6.3,7.6,7.6,8.8,10.2,10.3,9.1,1.2,9.9,9.9,9.9,0,0,7.8,9.7,7.7,9.1,10,10,9.8
Satkhira    ,2022,11,10.2,10,2.7,8.4,7.5,7.4,8.7,7.3,8.7,8.9,7.2,7.6,8.7,9.4,9.2,9.3,8.9,8.9,8.4,5.9,8.1,8.9,8.5,9.1,9.4,8.8,9.2,8.8,6.5,8.2,
Satkhira    ,2022,12,9.5,9.3,9,8.9,8.9,8.6,7.4,4.4,7.8,2.3,8.6,7.7,6.8,7.8,7.9,8.1,8.6,4.3,7.2,6.6,6.7,6.1,8.3,7.9,6.7,4.8,1.6,0,8.5,6.4,5.2
Satkhira    ,2023,1,0.9,5.9,1.4,2.8,4.9,8,6.3,5.8,8,8.9,8.6,8,6.6,1.2,4.7,5.1,2.2,0,3.6,8,7.3,6.2,5.1,0,5.6,7.3,8.3,8.1,9.2,7.2,3
Satkhira    ,2023,2,2,9.4,8.5,9,8.7,9.1,5,6.9,6.2,8.7,5.8,7.9,9.9,9.6,8.2,8.1,4.9,2.5,4.8,7.1,5.6,8.9,8.2,4.5,4,8.8,6.8,9.2,,,
Satkhira    ,2023,3,7.7,8,9.7,9.8,9.7,10.1,9.3,5.9,5.5,0.3,6.1,9.3,8.7,4.7,2.9,2.7,1.1,3.3,0.8,4.6,5.9,8.4,9.2,7.6,7.9,7.9,5.3,8.4,7.7,8.5,0.8
Satkhira    ,2023,4,1.5,10,10.1,9.7,10.1,9.8,9.4,8.7,9.6,9.4,9.2,10.2,10.5,10.2,8.3,8.3,8.9,8.2,7.7,9.1,4.8,7.9,1.3,6.4,7.7,6.7,8.5,9.4,6.6,6.5,
Satkhira    ,2023,5,3.7,10.9,4.7,1.3,9.2,8.2,11.4,10.9,8.4,9.7,9.9,3.9,2.2,5.4,10.7,10.5,9.2,5.4,10.1,9.2,9.4,10.5,8,3.4,9.3,9,6.8,10.3,10.6,8.1,10.4
Satkhira    ,2023,6,6.5,7.3,8,9.4,10.6,10.6,6.4,0,0.1,0,5.6,4.4,6,10.5,1.8,6.8,4.5,0,0,3.6,5.3,2,4.2,3.7,2.7,1.4,0.4,0,0.5,4.9,
Satkhira    ,2023,7,1.1,6.1,7.9,10.5,6.3,1.8,6.5,8.8,9.3,0.2,2.5,2,7.4,3.3,5.5,2.2,8.8,8.9,8.4,9.9,3.3,5.1,4.2,11.2,4.4,3.4,3.5,7.3,2.8,7.4,5.6
Satkhira    ,2023,8,4,3.3,0.5,1,1.3,0,0,1.2,6.5,1.3,2.6,1.3,0,1.4,7.6,4,5.4,6.7,9.3,8.7,8.7,1.6,0,0,0,0,5.9,2.5,7.8,5.6,6
Satkhira    ,2023,9,1.1,3.9,1.6,2,3.6,6.6,1.9,0,8.7,8.3,6,6.2,8.1,1.7,2.7,9.3,10.6,4.4,5,2.3,0.9,3.4,3.8,0.7,2.2,9.9,9.6,7.7,0,3.8,
Satkhira    ,2023,10,3.2,1.1,1.6,0,0,3.7,5.5,10,4.7,8.8,8.8,9,8.3,7,5.6,8.7,9.8,8.7,9.5,10.2,10.2,3.5,2.8,3.3,9.7,9.5,5.1,7,8,9.2,9.6
Satkhira    ,2023,11,10,9.3,8.4,6.3,6.3,7.3,7.2,8.1,7.9,8,6.8,8.8,9.8,9.4,7,0,0,8.6,9.8,7.3,6,7.9,7.4,8.3,8.4,9.2,7.9,8.5,1,7.6,
Satkhira    ,2023,12,9.4,9,5.9,0.1,0,0,0,0.9,7.7,8.2,8.7,7.3,8.5,7.1,8.7,8.2,8.1,6.2,7.6,8.1,8.8,6.5,5.5,4.6,5.5,7.1,6.7,8,8.4,8.4,5.2
Satkhira    ,2024,1,7,7.8,7.4,7.4,8.3,7.4,6.8,5.1,6.8,6.8,6.1,4.1,7.9,5.9,0,5.7,0,0,3.1,3.2,0.5,3.7,8.2,3.5,3.4,8.3,7.4,8.7,8.1,6.5,0.5
Satkhira    ,2024,2,0,4.1,7.8,9.1,7.3,0,5.9,8.8,10.1,9.5,8.7,6.1,3.4,4.1,5.8,6.9,8.9,6.9,4.2,4.4,8.2,0.8,5.8,6,1,8.6,7.7,9,9.3,,
Satkhira    ,2024,3,9.7,9.4,4.1,5.5,9.5,10,3,10.2,10.4,9.9,10,4.7,5.5,2.2,7.7,6.6,5.3,2,0.9,0.1,7.5,8.8,9.2,8.9,8,7.6,7.1,5.5,9,6.1,9.3
Satkhira    ,2024,4,9.9,8.8,8.9,8.2,6,9.3,0.2,4.2,6.9,0.8,1.2,8,9.2,10.8,10.1,10.3,9.5,9.5,10.3,10.8,10,6.4,8.7,10.7,11,10.4,10.3,9.6,10.7,10.7,
Satkhira    ,2024,5,10.4,7.6,10,7.7,9.7,5.7,7.3,6.4,3,6.4,2.5,9,10.8,8.5,10.8,10.3,9.8,5.1,3.3,4.4,9,9.4,11.1,11.3,6.7,0,0,2.3,3.1,6.4,2.1
Satkhira    ,2024,6,8.7,6.7,4.4,9.4,9.7,7.8,9.9,8.6,7.8,9.9,8.7,5.1,9.1,5.1,4.4,5.1,0.9,0,0,1,2.6,5.1,6,10.5,7.4,5.9,1.4,2.6,0.7,0.6,
Satkhira    ,2024,7,0,0,0,0.7,0.7,2.5,6.8,4.6,3.8,8.9,3.9,0,5.6,7.8,3.4,4.6,6.2,6.6,7.4,6.3,2.2,0.8,5.4,2.9,3.5,3.8,3.7,5.6,7.6,5.2,1.1
Satkhira    ,2024,8,0,0,0.2,3.2,0.8,5.4,5.1,0,0.1,1.8,0,5.8,1.6,2.9,5.6,4.2,9.9,0,0,0.1,0.3,0,0,3.1,0,0,0,9.2,10.2,10.5,8.5
Satkhira    ,2024,9,4.9,9.4,5.1,9.6,8.5,6.6,7.9,7,5.4,0,6.1,0,0.2,0,0,0,8.1,10.2,6.5,10.1,3.8,10.1,1.6,2.8,0,0,7.1,8.6,7.9,0,
Satkhira    ,2024,10,2.4,0,0,0,0.6,0.9,8.7,7.2,7.2,7.1,9,6.7,7.5,8.5,8.3,1.8,3.1,1.2,0.4,8.2,8.3,7.4,0.4,0,0,9.3,6.3,8.3,6.8,8.5,8
Satkhira    ,2024,11,9,8.8,8.1,8.1,6.9,7,7.7,9.3,10,10,0.7,7,9.1,7.8,8.3,9.1,8.1,7.8,8.5,9,8.3,7.7,7,5.5,6.6,7,7.5,7.1,3.8,0,
Satkhira    ,2024,12,4,0.9,6.7,8.2,7.9,8.4,8.8,8.7,6.2,6.6,8.1,6.2,8.3,9,9.1,8.2,8.4,7.1,7.5,5.1,0,8,8.7,7.9,1.8,8.1,9.2,8.9,8.3,6.4,5.4
St.Name,Year,Mo,1,2,3,4,5,6,7,8,9,10,11,12,13,14,15,16,17,18,19,20,21,22,23,24,25,26,27,28,29,30,31
Barisal     ,2022,1,8.4,4.2,7.8,8.1,8.3,5.9,8.4,8.6,8.9,8.7,8.1,0.2,4.1,0,0,9.2,8.8,7.9,7.7,7.1,7.2,0,2.9,0,5.4,4.3,5.7,8.4,7.2,8.3,8.6
Barisal     ,2022,2,8.1,8.7,2.2,4.4,7.6,9.8,9.5,9.3,8.3,3.5,5.6,9.7,10,10.2,8.6,10.1,9.2,9.2,9.5,4.7,8.6,7,5.8,8.2,8.1,8.7,9,8.7,,,
Barisal     ,2022,3,7.4,9.4,9.5,9.4,9.3,8.6,10,9.6,9.5,9.8,9.6,9.8,9.7,9.5,9.8,9.2,9.7,9.8,10.1,9.7,8.7,8.1,8.2,9,7.5,0,5.2,8.4,7.9,8.7,8.2
Barisal     ,2022,4,8.1,5.5,4,8.1,9.3,9.2,9.5,9.4,9.6,8.1,6.3,4.6,7.4,5.9,7.3,5.4,8.6,7.6,9.8,3.1,6.9,5.4,8.7,10.3,9.4,9.8,10.3,9.2,10.3,6.3,
Barisal     ,2022,5,10.8,9.4,2.2,7.3,9.3,7.8,9.9,10,0,5.9,2.9,5.4,2.7,8.3,9.5,9.1,9.5,10.1,9.4,8.5,5.3,6.2,9.6,9.3,7.7,8.7,2.9,8.5,0,1,2.6
Barisal     ,2022,6,0.8,0.5,0.2,1.2,9.2,7.9,8.1,2.5,0.2,4.3,6.8,8.4,7.7,0.6,1.3,0.8,0,0.8,1.1,1.2,3.1,2.9,7.5,4.4,5.5,7.8,7.9,3.5,0.9,0,
Barisal     ,2022,7,5.1,3.6,8.4,10.1,8.3,3.2,7.5,4.1,10.2,10.7,7.7,11,11,11.2,9.2,11.2,7.2,6.5,6.3,2.7,6.3,6,2.1,0,0,1,8.9,6.9,8,10.5,10
Barisal     ,2022,8,3.2,4.6,1,8.5,10.1,3.3,11.1,9,5,0.8,0.3,7.6,4,0,3.4,9.3,8.1,8.8,0.3,9.2,9.8,5,6.1,0.5,9.1,5.3,0,3.1,7.2,11.3,9.2
Barisal     ,2022,9,2.6,3.7,6.7,2.8,2.5,4.7,8.6,9.1,6.2,4.6,0,0,0,0.1,3.4,1.9,6.6,0.4,7.3,4.8,8.2,6.1,5.5,2.7,2.2,4,6.9,6.8,10,6.6,
Barisal     ,2022,10,4.3,0.5,0,8.2,9.5,6,9,6,10.5,8,4.9,5.4,6.7,7.6,9.8,9.7,9.6,9.4,5.9,9,10.5,9.9,0.1,0,8.6,10.3,8.1,9.6,9.6,10.2,10
Barisal     ,2022,11,8.8,9.3,5,9.5,7.4,9.8,9.9,9,8.5,8.9,9.5,9.8,8.6,9.3,9.3,8.9,9,8.5,9.6,9,9.9,9.5,8.8,9,9.2,9.5,9.4,7.7,6.5,4.7,
Barisal     ,2022,12,9.7,9.5,9.4,8.9,9.2,9.2,8.3,7.7,8.6,7.6,8.9,8,7.3,7,6.5,8.1,6.5,7.3,6.8,7.2,6.5,6.6,8.1,9.3,8.1,8.6,2.5,0.3,6.9,6.7,5.4
Barisal     ,2023,1,5.9,6.7,7.6,6.6,4.7,5.9,3.5,3.1,7.1,9,9.1,8.4,7.8,6.6,3.8,6.4,6,0,7.8,8.1,8.6,7,5.1,7,7.4,5.7,7.7,8.2,8.4,7.8,7.6
Barisal     ,2023,2,3.2,9.3,8.7,9,8.7,9.4,6.9,8.7,4.3,9,8.4,6.3,10.1,9.8,9.5,8.7,7.5,5.8,5.4,7.5,7.5,7.1,7.4,8.6,6,10,9.3,8.6,,,
Barisal     ,2023,3,9,9.2,9.2,9,9.4,9.5,9.3,3.8,5.5,4.1,8.2,9.4,9.8,6.2,1.8,2,3.1,1.6,0.2,4.3,7.1,9.8,6.9,9.6,8.5,7.3,2.2,8.6,6.9,6.1,2.9
Barisal     ,2023,4,0,10.4,10,8.6,9.8,9.1,9.9,10.3,10,9.5,9.4,10.3,9.9,10.7,9.7,9.2,9.4,8.4,9,9.1,3.4,9.1,0.2,7.5,11,10.8,10.2,8.9,8.7,5.4,
Barisal     ,2023,5,3.7,11.1,3.2,0.1,8.7,7.4,9.2,9.9,9.9,10.9,9.5,7.2,0.8,0,11,9.6,7.7,1.3,8.1,10,8.6,10.8,6.2,0,5.5,9.3,6.6,10.3,11.1,10.3,9.8
Barisal     ,2023,6,6.2,9.6,9.7,9.3,9.9,9,0.3,0,0,0,0.4,4.6,7.1,9.3,0,3.8,2.4,2.2,1.9,6.2,2.8,1.2,3.9,3.6,3.7,0.4,0,0.2,0.4,4.3,
Barisal     ,2023,7,3.8,3.4,4.1,8,7,2.9,3.3,6.2,6.5,2,1.3,4.5,3.7,4.3,3.5,3.1,6.9,7.7,10.9,9.8,7.6,9.8,7,7.2,8.1,7.7,5,6.7,6,10.6,6
Barisal     ,2023,8,2.7,1.5,0,0,0.1,0,0,0,0.9,0.8,1.2,0.1,0,0.1,1.5,3.2,7.4,8.4,7.2,10.2,9.1,1.9,0.9,0.5,0,0.2,0,0.2,3,4.3,4
Barisal     ,2023,9,1.9,6.2,4,5.4,4.6,7.4,0.3,0,5,8.8,3.9,8.3,8.3,0,2.8,8.5,8.9,0.9,1.5,0.3,2.4,2.4,2.3,4.1,4.6,9.8,1.3,8.4,0.6,3.5,
Barisal     ,2023,10,7,4,1,0,1.9,0,0,5.1,6.3,7.2,5.4,7.9,9,9.3,8.3,8.2,8,9,7.3,9,10,7.5,0.1,0,8.9,9.1,9.1,9,9.1,9.5,8.8
Barisal     ,2023,11,10,9.6,8.5,7.6,7.2,9.5,8.8,8.1,9.2,9.1,9.8,8.5,9.2,9.3,5.6,0,0,5.7,9.3,6.2,0.3,7,6.3,7.6,8.2,9.5,6.5,7.9,0.9,8.5,
Barisal     ,2023,12,8.8,8.7,6.3,0,0,0.4,0,0.4,7.2,5.6,6.9,4.2,8.1,5.9,6.4,7.4,7.3,6.4,7,8.4,6.1,7.9,6,4.4,2.6,3.8,3.5,5.8,7.5,8.2,4.9
Barisal     ,2024,1,4.2,6.8,5.5,7.1,7.2,6.7,7.2,6.1,5.4,5.9,5.5,0.4,0.6,0,5.6,3.9,2.8,0,5.1,6.5,1.9,5,5.6,3,1.7,3.7,8.1,8.2,8.1,6.9,0
Barisal     ,2024,2,0,0,7.8,6.3,6.2,0,0.3,8.8,9.1,7.9,7.4,3.9,7.1,2.7,6.4,6.4,6.1,7.4,7.3,0,4.4,2.7,0.6,8.4,7.3,9.3,7,7.2,4.7,,
Barisal     ,2024,3,9.2,10,9.1,4.3,9.4,10.4,8.2,10.2,10.3,10.5,10.3,7,7.6,1.6,6.5,8.2,7,2.7,1.2,2.8,2.4,7.5,8.2,8.4,8.3,10.2,7.8,5,4.7,6.8,7.7
Barisal     ,2024,4,9.7,3.8,8.5,7.9,5.7,9.3,0.8,6.7,7.6,5.2,3.2,9.3,9.4,9.5,10.2,10.2,8,7.9,10.5,10.9,8.5,6.6,10.6,11.2,10.7,10.3,9.2,8.1,10.5,10.3,
Barisal     ,2024,5,10.6,8.6,8.9,7.8,10.3,6.2,5.9,4.4,7.5,9.2,4.2,2,6.6,9.6,10.5,7.2,11.2,5.2,3.1,5,9.3,7.5,10.6,11.7,9.9,0.3,0,0.4,3.1,6.1,4.3
Barisal     ,2024,6,10.1,8.5,5.7,8.6,8.3,6.9,7.8,9.6,4.1,3.7,8,4.1,1.8,0.3,4.5,3.9,1,0.1,0,0,0.5,5.4,4.1,5.2,7.4,0.9,6.3,1.9,1.4,1.4,
Barisal     ,2024,7,0,0,0.3,1.4,0,5.6,5.5,2.7,1.7,5.9,5.6,0.3,7.1,7.5,8.1,7.1,9.5,9.4,9.4,6.4,0.4,2.4,6.3,4.8,8.3,3.9,7.2,4.2,2.4,0,3.9
Barisal     ,2024,8,0,0,0,0.1,1.6,1.4,1,2.3,2.1,0,1.1,2.2,6.5,5.2,6.7,0.1,0.1,1.3,0,1.1,0,0,1.9,5.7,0,0,2.5,1.9,9.1,9.5,5.3
Barisal     ,2024,9,4.5,2.8,4.4,8.9,8.6,4.1,9,11.4,10.4,8.9,3,1.5,0,0,0,3.2,9.9,8,6.3,8.4,0.1,10,0,6.8,0,0,5.6,7.1,8.8,7.5,
Barisal     ,2024,10,2.9,0.2,0,2.4,0,4.3,4.8,6.7,6.2,8.2,9.7,8.9,4.4,6.7,8.5,3,0.3,4.8,2,8,8,9.2,0,0,4.6,7.5,8.2,7.6,7.9,6.9,8.1
Barisal     ,2024,11,7.1,8.1,7.5,7.5,5.5,6.1,9.6,9.9,10,10.2,6,7.9,9.9,8.2,7.1,7.1,8.4,7.7,9.3,9,9.4,8.5,7,6.8,2.6,6,6.7,6.2,8,2.1,
Barisal     ,2024,12,6.3,3.8,9.3,8.2,7.2,8.2,8.5,8.1,5.5,3.8,6.2,8,4.2,6.4,7.4,8.4,3,5.8,6.7,3.9,0,7.5,8.6,6.6,1.2,8.4,8.6,8.7,7.9,8,6.7
St.Name,Year,Mo,1,2,3,4,5,6,7,8,9,10,11,12,13,14,15,16,17,18,19,20,21,22,23,24,25,26,27,28,29,30,31
Bhola       ,2022,1,7.8,4.1,6.7,5.8,5.7,4.4,8.1,7.8,8.8,8.9,6.1,0,2.1,0,0.1,8.9,8.4,7.2,5.5,6.2,6.3,0.5,3.3,0,9.4,3,4.7,8.8,4.3,8,7.7
Bhola       ,2022,2,6.8,6.3,3.5,4.3,6,9.3,9.3,8.6,9,6.1,7.9,9.6,9.6,9.6,9.5,9,9.8,9.6,9.6,5.5,8.9,5.6,4.9,7.4,7.8,8.8,8.8,7.8,,,
Bhola       ,2022,3,7.6,8.8,9.2,9.3,9.2,8.6,9.5,8.9,8.3,9.3,9.3,8.9,9.3,8.7,8.2,8.9,7.9,8.6,8.7,10.1,9.5,7.8,7,5.7,6.3,0,4.9,6.2,4.4,5.7,5.1
Bhola       ,2022,4,4.7,3,3.6,7.8,8,7.4,8.9,8,8.5,7.6,4.9,3.6,8.7,3.8,5.2,5.3,6.1,7.1,10.1,2.3,6,6.4,8,9.3,8.8,8.9,9.7,7.5,9.4,5.2,
Bhola       ,2022,5,8.9,8.3,1.1,5.2,9.3,7.5,8.1,8.3,0.1,1.6,2.7,6.1,2.3,5.6,8.2,8.9,8.7,7.4,8.1,7.7,5.4,5.7,9.9,7.8,6.4,6.7,4.5,5.3,0.1,1,2
Bhola       ,2022,6,0.7,0.1,0,0.8,8,7.2,5.9,2.9,0.7,4.6,6.4,7.4,5.2,0.1,0.2,0.3,0,0.5,0.3,1.5,4.4,4.2,5.8,3.3,4.6,7.2,8.4,3,1.2,0,
Bhola       ,2022,7,4.5,4.1,4,4.8,6.6,6.1,5.4,3.1,10.3,10.5,6.5,10.9,10.8,11.6,9.2,10.5,5.7,4.8,5,2.4,5.3,5.2,2.7,0,0.1,1.3,8,6.2,4.6,10,10.3
Bhola       ,2022,8,3,5.8,2.4,8.9,8.4,6.6,11.2,9.8,6,0.5,1,7.2,3.2,0,2.3,8.6,6.3,8.7,0.2,10,6.7,6.8,5.3,1.3,9.1,3.6,0,1.5,8.2,11,8.5
Bhola       ,2022,9,4.6,2.8,7.2,1.6,1.8,3,5.7,9.5,3,4.3,0.1,0,0,0,3.4,0.4,6,4,6.5,6.7,7.7,5.9,3.5,2.5,2.6,3,6.6,8.3,9.9,3.5,
Bhola       ,2022,10,5.1,1.9,0,8.7,9.1,7.2,10.4,9.1,9.7,5.1,6.3,5.1,5.7,9.2,9.7,10.2,9.2,9,3.4,9.5,10.3,10.1,0,0,7.2,9.8,9.5,9.7,9.8,10,9.9
Bhola       ,2022,11,9.2,9.4,4.8,9.6,8.1,9.6,9.3,7,7.7,9.1,9.3,8.1,7.7,9.1,8.9,8.9,9.3,8.4,9.2,7.8,9.7,8.9,8.8,8.6,8.9,9.6,9.1,5.2,6.6,3.4,
Bhola       ,2022,12,8.9,9.4,9.2,8.3,8.4,8.4,8.2,6.6,8.1,5.8,9.1,7.9,5.7,5.1,5.2,5.6,3.2,5.8,5.7,6.1,4.6,3,5.6,7.3,5.7,7.2,1.9,0,6.4,5,5.1
Bhola       ,2023,1,5.7,5.9,6.2,6.3,4.2,3.7,0,2.8,5.7,8.1,9,7.7,6.7,6.1,3.9,5.6,7.4,0.6,8.6,6.8,7.6,6.8,5.5,7.3,7.3,3.5,6.4,8.2,6.5,8.5,6.6
Bhola       ,2023,2,3.2,8.2,8.9,8.6,8.4,8.3,6.4,8,3.8,8.7,8.9,5.3,10,9.6,9.4,8.6,7.6,5.4,4.3,5,6,5.8,4.2,6,5.7,8.9,7.4,9,,,
Bhola       ,2023,3,9.3,9.4,9.6,9,9.4,9.7,9.6,4.2,1.2,3.3,5.6,8.9,7.8,5.3,2.7,2.4,2,1.4,0.1,2.6,3.8,9.2,4.6,8.8,7.9,6.2,0.9,4.5,5.8,3,3.3
Bhola       ,2023,4,0.1,10.3,10.1,8.9,7.1,7.3,9.2,10.4,8.4,8.1,7.1,10.3,10.8,10.6,9.9,8.7,8.5,7.2,8.2,8,2.1,7.7,0.2,6.4,9.8,8.5,9.9,8.3,8.8,6.2,
Bhola       ,2023,5,3.4,10.3,2.3,0,7.6,4.9,9.5,10.7,10.7,11.1,10.5,8.2,0.3,0.1,10.8,8.1,4.5,1.8,9.3,9.3,8.4,9.8,6.8,0,4.6,6.8,5.1,10.2,9.3,9.1,9.7
Bhola       ,2023,6,6.8,7.5,7.4,7.1,9.7,8.4,0,0,0,0,0,4.6,6.1,8.6,0,3.8,2,1.6,1.4,2.4,3,1.1,4.4,0.9,4.1,1,0.1,0.7,1.2,5.7,
Bhola       ,2023,7,3,5.5,6.8,7.2,4.5,1,2.5,1.8,4.4,0.7,0.7,4.6,2.8,3.7,2.3,6.6,5.2,8.8,10.5,11.3,9.4,11,9.2,8.7,7.4,6.3,6.3,9.8,8.1,11.3,8.3
Bhola       ,2023,8,2,1.7,0,0.7,0.3,0,0,0,2.4,0.3,1.4,0.1,0,0.8,2.1,2.7,8.1,7.7,4.4,6.9,8,0.7,1.3,1.2,1.2,1.5,0,0.5,8,5.8,2.4
Bhola       ,2023,9,2.3,5.4,6.2,5.3,3.1,6.4,3.1,0,5.9,9.2,2.7,7.5,7.1,0,4.3,7.3,9,2.3,1.8,0.4,0.7,0.4,3.7,7.2,5.7,8.5,0.8,8.3,0.6,1.4,
Bhola       ,2023,10,6.7,3.3,0.2,0.2,1.3,0.1,1.1,3.8,7,8.2,5,7,8.5,8.6,6.9,9.1,9.5,8.6,7.9,9.1,9.7,7.4,0,0,8.3,7.2,8.9,9.1,9.4,9.3,8.1
Bhola       ,2023,11,8.7,8.2,6.8,6.6,8.3,7.2,8.8,6.8,7,7.6,8.5,8.6,9.2,8.5,3.5,0,0,3.8,8.4,7,0.5,8,6.9,7.7,8.5,9.6,7.3,8.3,0.3,9.3,
Bhola       ,2023,12,9.5,8.1,4.2,0.1,0,0.6,0,0.1,7.6,5.4,6.6,4.8,7.1,6.7,7.7,7.5,7.2,6.1,8.1,8.8,6.6,8.3,6.9,6,3.5,4.4,3.6,3.8,8.3,7.5,5.9
Bhola       ,2024,1,5.5,6.1,5.8,8.1,5.9,6.5,7,5.6,5.4,6.3,5.9,3.7,0.2,0,5,3.9,4.5,0,6.4,5.5,3.1,4.4,4.1,2.4,1.8,3.8,7.5,8.1,6.4,6.5,0.7
Bhola       ,2024,2,2,3.9,7.3,7.8,7.2,0,4.2,9.1,9.4,8.6,9.1,6.6,7.1,6.4,7.5,7.8,9.6,9.3,8.4,2.7,3.4,4.1,2.1,3.2,4.1,8.4,7.8,7.3,8,,
Bhola       ,2024,3,9.4,9.7,9.4,5.8,9.1,10.2,8.9,9.9,10.2,10.1,10.2,7.5,6.1,1.6,5,5.9,6.8,3.5,0.4,5.7,2.2,4.1,8.8,7.3,7.2,9.4,8.1,2.6,3.9,6.8,6.6
Bhola       ,2024,4,9,3,8.9,8.4,5.1,8.8,1,6.5,7.3,5.8,3.1,8.6,9.3,9.3,10.2,9.7,7.4,8.5,10,10.6,8.4,7.8,10.4,10.9,11.4,9.8,9.5,7.6,9.4,10.1,
Bhola       ,2024,5,8.5,6.6,8.2,7.8,9.8,5.4,4.9,3.7,8,8.2,4.3,2.2,8.6,11.5,11.2,7.3,10.6,4,1.6,3.8,9.3,9.8,10.8,11.8,10.7,1.1,0,0,4.2,6.6,4.4
Bhola       ,2024,6,9.1,6.5,5.5,5.1,6.8,4.8,6,6.8,3.6,3.2,7.1,2.8,0.8,0.9,3.9,3.3,3.4,0.6,0,0,1.2,2.8,3.4,4.8,4.7,1.2,6,0.6,0.6,1.9,
Bhola       ,2024,7,0,0.2,0.5,0.1,0,4.7,3.7,2.6,0.5,6.3,3.1,0.7,5.2,9.8,7.2,5.8,8.2,8.4,8.7,5.6,1.9,0.3,5.5,4.9,8,4.4,7,5.9,3.8,0,2.7
Bhola       ,2024,8,0,0,0,0,2.5,6.8,0.2,0,3.5,0.3,1.2,1.3,7.1,4.6,8.9,0,0,0.3,0,0,0,0,1.1,6.3,0,0,3.3,2.1,11.1,9.1,6.7
Bhola       ,2024,9,5.5,4.4,4.7,6.8,4.2,5.1,6.7,10.3,10.5,5.1,5.5,2.3,0,0,0,4.8,9.8,7.2,7.9,9.3,0.1,10.4,1.5,5.9,0,0,4.9,8.6,8.3,6.9,
Bhola       ,2024,10,3.8,0.6,0,2,0,2.4,4.9,5.8,5.2,5.6,9.9,8.9,5.8,8.3,7.8,5.1,2.5,7.8,2.9,8.7,9.3,9.8,0,0,5.6,7.9,8.1,9.2,8,6.6,8
Bhola       ,2024,11,7.7,9.3,9,8.6,4.7,5.4,9.7,9.8,9.7,9,8.4,8.4,9.4,9,8.6,7.1,8.8,9.4,9.9,9.6,9.4,7.2,6.7,5.4,4.7,5.9,7.9,6,6.6,2.5,
Bhola       ,2024,12,6.7,1.9,9.4,8.7,7.3,8,8.7,8,5.3,5.2,6.7,5.1,4.5,6,7,8.9,2.2,4.7,5.4,3.5,0,8.5,6.3,5,0.9,8,9.4,8.9,6.9,7.8,6.7
St.Name,Year,Mo,1,2,3,4,5,6,7,8,9,10,11,12,13,14,15,16,17,18,19,20,21,22,23,24,25,26,27,28,29,30,31
Khepupara   ,2022,1,7.1,6.2,6.7,6.9,6.7,5.6,6.9,7.3,7.4,7,7.1,0,1.1,0,0.1,7.9,7.8,7.6,7.4,5.7,5,0,5.6,0,5.1,2,5.3,7.7,7.6,7.6,7.8
Khepupara   ,2022,2,7.6,4.8,6.8,5.8,6.7,8.7,8.6,8.7,8.5,7.4,7,8.5,8.5,8.7,8.7,9.1,8.9,8.5,8.7,4.2,8.5,7.3,7.5,7.2,8.9,9,8.7,8.8,,,
Khepupara   ,2022,3,7,9.1,9.3,9.2,8.9,9,9.1,8.9,9.1,9.3,8.9,9.5,8.5,9.3,8.8,9.2,8.3,9.1,9.3,9.5,9.4,8.4,7.8,5.9,6.7,0,2.1,6.3,6,6.4,7.4
Khepupara   ,2022,4,7,5.8,2.8,6.3,8.8,8.9,2,8.7,8.9,8.7,8.3,4.8,8.5,0.9,2.3,8,8.7,7.5,9.3,6.8,8.4,4.6,8.7,8.8,9.3,8.2,9,9.2,8.5,7.2,
Khepupara   ,2022,5,7.2,4.6,4.2,6.7,1.7,5.7,8.3,9.3,0.2,3.2,0,8.2,6.7,5.2,8.3,8.5,9.3,9.1,9.2,5.1,5,3,7.1,9.7,7.9,7.4,7,7,0,0,5.1
Khepupara   ,2022,6,0,0,0.4,0,7.2,9.5,5.2,0,0,1.5,1.3,6.8,6.7,2.7,0.4,0,0,3.5,0.6,0,1.6,0.7,7.3,7.1,5.9,9,9.9,3.3,0.7,0,
Khepupara   ,2022,7,2,3,7.1,5.8,6.9,8.9,5.7,7.2,9.8,8.6,6.7,8.7,7.9,9.4,8.1,8.2,5.6,1.8,6.6,3.1,6.9,4.8,1,0,0,0.1,9.1,5.3,9.1,9.6,8.8
Khepupara   ,2022,8,2.6,6.8,0,5.9,8.1,5.7,6.3,1,3.7,0.3,0.6,7,3.4,0,2.5,5.6,8.2,6.2,0.2,9.5,7.5,6.2,4.1,6,9.7,5.4,0.6,4.8,9.5,9.4,7.8
Khepupara   ,2022,9,8.2,4.9,9,0.9,1,6.7,7.3,9.4,7.6,2.6,0.2,0,0,0,1.2,0.5,4.7,0,6,5,6.3,8.7,8.6,3.6,1,3.8,6.2,7.3,8.9,1.6,
Khepupara   ,2022,10,0.3,2.3,0,6.4,9.8,7.9,8.7,9.3,7.7,5.7,2.3,7.8,9.2,9.6,9.1,9.5,9.6,9,4.7,8.6,11.3,11,0,0,7.2,9,8.4,8.6,8.6,8.6,8.4
Khepupara   ,2022,11,8.3,8,5.7,7.7,7.9,8,7.9,7.4,7.7,7.8,7.8,7.8,7,7.5,7.8,7.8,7.9,7.7,6,7.3,8,7.8,7.4,7.1,7.5,7.5,7.9,4.4,6.5,4.4,
Khepupara   ,2022,12,7.8,8,7.7,7.2,7.5,7.3,6.3,7.3,7.1,2.8,7.2,6.7,6.5,4.9,6.4,7,6.1,5.8,6.6,6.6,5.9,3.6,6.9,7.1,6.7,7,4.2,2.8,6.7,6.5,5.2
Khepupara   ,2023,1,2.4,4.8,6.6,5.3,6.4,6.3,5.8,5.5,4.9,6.9,7,7.2,5.7,5.4,0.6,4.6,4.6,0.1,3.3,7.6,7.8,6.7,3.5,4.7,7.1,3.7,6.6,7.4,7.5,6.9,6.5
Khepupara   ,2023,2,4.5,6.9,7.6,7.7,7.2,7.6,7,7.5,3.8,7.4,7.2,6.7,8.5,8.4,8.3,7.3,5.9,5.6,5.7,5,6.7,7.1,7.3,6.9,5.4,7.6,8.1,7.4,,,
Khepupara   ,2023,3,8.4,9,8.6,8.5,8.6,8.6,8,6.4,7.3,3.3,7.8,8.6,9.1,5,4.7,1.1,0.1,0.1,1.4,2.8,6.7,7.7,4.3,8.8,8.6,8.1,1.9,6,8.7,5.9,2.7
Khepupara   ,2023,4,2.5,8,7.4,8.8,7.1,8.2,8.4,8.9,8.9,9,8,9,8.9,9.1,8.9,8.1,7.3,7.2,8.2,5.5,0.9,7.2,3.2,6.1,8.5,6.6,9.2,5.9,5.4,5.2,
Khepupara   ,2023,5,3.3,8.8,2.6,0.5,5.8,5.4,9.2,9.3,8.8,9.7,9.6,8.5,0,0.3,8.8,8.6,6.1,2.8,6.7,8,8.9,9.3,6.3,0.6,4.9,7.7,7.1,10.1,10.4,8.9,9
Khepupara   ,2023,6,4.8,7.9,9.1,8.1,7.4,9.9,0,0.6,0,0,0,5.7,7.9,8.8,0.5,4.2,0,0,2.1,3.9,4.1,0.3,0.6,0.1,0,0,0,4.4,2.1,7.7,
Khepupara   ,2023,7,2,3,7.1,5.8,6.9,8.9,5.7,7.2,9.8,8.6,6.7,8.7,7.9,9.4,8.1,8.2,5.6,1.8,6.6,3.1,6.9,4.8,1,0,0,0.1,9.1,5.3,9.1,9.6,8.8
Khepupara   ,2023,8,2.6,6.8,0,5.9,8.1,5.7,6.3,1,3.7,0.3,0.6,7,3.4,0,2.5,5.6,8.2,6.2,0.2,9.5,7.5,6.2,4.1,6,9.7,5.4,0.6,4.8,9.5,9.4,7.8
Khepupara   ,2023,9,8.2,4.9,9,0.9,1,6.7,7.3,9.4,7.6,2.6,0.2,0,0,0,1.2,0.5,4.7,0,6,5,6.3,8.7,8.6,3.6,1,3.8,6.2,7.3,8.9,1.6,
Khepupara   ,2023,10,0.3,2.3,0,6.4,9.8,7.9,8.7,9.3,7.7,5.7,2.3,7.8,9.2,9.6,9.1,9.5,9.6,9,4.7,8.6,11.3,11,0,0,7.2,9,8.4,8.6,8.6,8.6,8.4
Khepupara   ,2023,11,8.3,8,5.7,7.7,7.9,8,7.9,7.4,7.7,7.8,7.8,7.8,7,7.5,7.8,7.8,7.9,7.7,6,7.3,8,7.8,7.4,7.1,7.5,7.5,7.9,4.4,6.5,4.4,
Khepupara   ,2023,12,7.8,8,7.7,7.2,7.5,7.3,6.3,7.3,7.1,2.8,7.2,6.7,6.5,4.9,6.4,7,6.1,5.8,6.6,6.6,5.9,3.6,6.9,7.1,6.7,7,4.2,2.8,6.7,6.5,5.2
Khepupara   ,2024,1,6.8,4.6,5.1,6,6.2,6.3,6.2,6.3,6.3,5.9,5.8,6.1,3.2,4.2,3.6,6.6,5.8,0,5.8,5.9,1.6,6.4,6.2,1.4,0.2,5.4,5.7,7.5,7.5,7.3,5.1
Khepupara   ,2024,2,2,2.5,6,6.3,6.3,3,0.1,8,8.4,8.5,8.5,6.8,7.2,6.7,6.7,7.2,8.7,8.2,7.9,6.4,6.5,4.1,1.6,1,8.9,8.9,7.9,7.7,0,,
Khepupara   ,2024,3,9.8,9.3,9,9,9,8.9,6.9,9.4,9.5,9.3,9.4,6.6,4.9,4.5,3.3,6.8,7.9,4.7,0.3,6.4,0.2,5.9,7.4,8.4,7.3,8.7,7.4,6.2,7.9,3.8,5.7
Khepupara   ,2024,4,7,5.8,2.8,6.3,8.8,8.9,2,8.7,8.9,8.7,8.3,4.8,8.5,0.9,2.3,8,8.7,7.5,9.3,6.8,8.4,4.6,8.7,8.8,9.3,8.2,9,9.2,8.5,7.2,
Khepupara   ,2024,5,8.5,7,8.5,8.8,8.8,7.1,7.5,0,6.6,7.4,2.7,8.4,9.7,8.5,8.8,8.5,10,7.3,6.5,3.5,7.9,9.3,9,10.6,8.1,0.2,0,0,1.4,7.9,1.8
Khepupara   ,2024,6,9.4,8.3,2,8.6,7.1,7.5,4.8,7.7,6.3,6.9,5.9,0,2.7,0,1.8,6.1,1.6,0,0,0,1.5,2.5,8.9,6.4,2.7,3,5.6,0.9,3,0,
Khepupara   ,2024,7,0,0,0,1.8,0,2.6,10,4.3,0,7.6,0,0.3,8.6,7.1,4.2,7.2,8.7,9.4,6,5.1,7.1,0,3.6,1.6,5.4,3,3.2,2.6,5.3,0,0.6
Khepupara   ,2024,8,0,0.5,0.1,0.4,0,2.3,2.7,1.2,0.1,0,0.6,0,3.3,3.4,0,0,0.5,0,0,0,0,0,0,0.4,0,0.5,5.8,1.6,9.7,10.1,8.7
Khepupara   ,2024,9,4.4,4.7,9,7.2,2.7,7.6,5.5,5,6.3,6.5,0.2,0,0,0,0,2.3,7.1,8.3,5.4,8.5,0,7.8,1,0,0,0,8.5,9.3,7.7,6.4,
Khepupara   ,2024,10,1.2,0,0,0.6,0,6,3.1,8.4,8,7.2,7.3,8.6,6.9,6.9,4.9,2.1,3.5,6.1,3.8,7.3,8.3,8.4,0,0,4.4,9.1,7.3,8.3,8.1,7.7,8.1
Khepupara   ,2024,11,6.2,8.2,8,7,3.9,4.9,8.3,8.2,7.6,6.1,2.2,6.3,7.9,6.6,6.3,6.8,7,6.9,7.6,7.3,7.4,6.8,5.9,5.2,3.8,5.8,6.2,4.1,1.5,3.2,
Khepupara   ,2024,12,6.4,2.9,7.2,7.6,6.3,6.5,7.3,6.7,6.2,1.4,5.8,6.6,5.5,6.8,6.6,6.8,3.7,5.9,6.5,3,0,6.6,6.9,2.1,0.1,7.2,7.1,7,6.7,6.6,6.4
St.Name,Year,Mo,1,2,3,4,5,6,7,8,9,10,11,12,13,14,15,16,17,18,19,20,21,22,23,24,25,26,27,28,29,30,31
Patuakhali  ,2022,1,8.8,6.8,8.1,9.1,8.5,6.9,8.7,8.9,9.1,8.8,8.7,1,2.9,0,0.5,9.4,9.2,8.4,8.3,7.6,7.6,0.4,4.1,0,7.2,2.2,6.4,10.3,8.5,8.7,8.9
Patuakhali  ,2022,2,7.4,7.2,6.4,4.1,7.2,9.3,9.4,9.4,9,6.6,8,9.5,9.6,9.5,9.5,9.5,9.6,9.7,9.4,4.9,9,6.8,6,7.3,7.9,9.7,10.5,9.4,,,
Patuakhali  ,2022,3,8.1,9.2,9.4,9.3,10.5,9.3,9.5,9.2,9.1,9.5,8.8,9.2,9.2,9.4,9.2,9,9.2,9.5,9.5,10,9.2,7.9,8.2,8.1,6.8,0,5.6,7.6,8.1,8.6,8.5
Patuakhali  ,2022,4,8,5.6,3.5,8.7,9.6,8.9,9.3,9.1,8.4,9.4,5.4,5.1,8.7,5.1,5,6.2,8.2,6,9.3,3.4,6.6,4.3,8.7,9.3,9.2,9.1,10.5,9.2,9.1,7.8,
Patuakhali  ,2022,5,9.4,6.9,3.1,7.8,8.6,7.3,7.3,10.1,0.1,1.8,0.9,8.1,4.4,6.1,7.3,9.2,11.2,10.3,10.9,7.6,6.5,2.3,7.1,10.1,5.7,6.4,6,5.4,0.3,1.8,3.3
Patuakhali  ,2022,6,0,1,0,1.1,7.2,7.5,7.4,4,0,4.8,5.6,8.8,7.4,2,1.7,0,0,0.3,1.4,1,2.7,2.1,9.4,6.6,6.2,9.8,11.6,2.5,0.7,0,
Patuakhali  ,2022,7,3.3,3.2,4.6,7,8.9,5.3,8.2,4.1,11.3,7.4,7.5,11.3,11.8,11.3,9.4,11.5,7.8,7.2,6.1,4.8,6,5.7,0.8,0,0,0.9,8.9,7.9,10,9.1,11.2
Patuakhali  ,2022,8,5.3,6.5,0.8,7,10.6,7.2,9.9,5,1.9,0.3,0.1,6.9,1.1,0,2.2,6.4,9.3,7.6,0,8.1,4.2,5.5,4.6,3.1,8.9,2.5,0.3,1.6,9.5,8.4,7.3
Patuakhali  ,2022,9,4.8,3.2,7.1,2.7,2.7,5.7,6.9,7.5,6.6,1.2,0.5,0,0,0,1.2,1.1,8.4,0.1,8.1,5.9,9.8,7.8,7.7,1.5,2.7,3.5,5.4,7.1,10.1,5.8,
Patuakhali  ,2022,10,4.9,4.2,0,8.4,10.3,9.7,9.1,8.6,6.7,2.9,5.2,4.5,5.6,8.3,9.6,9.7,9.7,8.4,6.5,9.5,9.6,9.6,0,0,7.8,9.6,9.5,9.6,9.5,9.6,9.4
Patuakhali  ,2022,11,8.4,9.5,4.7,9.1,9.2,9.4,9.7,9.5,8.1,8.6,9.4,9.5,8.6,9.3,9.2,9.3,9.6,8.2,9.2,7.4,9.9,9.9,8.6,9.2,9.4,9.6,9.5,5.8,6.9,5.9,
Patuakhali  ,2022,12,9.7,9.6,9.9,9,9.4,8.9,8.6,8.7,9,7.3,9.1,8.3,7.8,7.8,7.4,8.6,6.4,7.3,7.9,7.9,5.7,5.1,8.3,8.9,8.1,8.7,3.7,0,7.8,6.7,6.5
Patuakhali  ,2023,1,4.8,6.1,8.3,7.2,6.3,7,6.1,6.5,6.6,9.1,9.4,8.9,7.7,6,3.1,6.7,7,0.6,7.5,8.8,8.8,7.1,4.7,7.2,8.3,5.9,8.6,9.3,8.5,7.9,7.3
Patuakhali  ,2023,2,3.3,8.6,9.3,9.2,8.6,9.2,6.2,6.1,4.3,8.2,7.6,6.6,9.7,9.4,9.2,8,6.4,7.1,6.2,7.3,7.3,8.6,7.7,8.3,7.7,9.5,9.4,9.4,,,
Patuakhali  ,2023,3,9.5,9.5,9.3,9.4,9.2,9.3,9.4,5.3,3.3,6.1,8.7,9.3,9.6,5.8,2.9,2.4,0.6,0.3,0.9,3.7,6.2,7.8,5.7,8.3,7.9,9.3,1.3,7,7,4.5,2.5
Patuakhali  ,2023,4,2.5,9.2,9.9,10,7.9,8.6,9.5,9.9,9.8,10.5,9,9.1,9.6,8.9,9.5,9,8.8,9.3,8.5,7.8,1.3,7.9,1.2,7.4,10.2,8.2,9.2,6.1,7,7.1,
Patuakhali  ,2023,5,5.5,10.3,3.3,0,6.1,7.1,10.5,11,9.8,10.7,10,5.8,0.3,0,10.5,8.3,6.9,3.1,8,8.8,9.2,10.7,5.6,0,8,8,6.9,11.1,11.6,9.6,8.6
Patuakhali  ,2023,6,7.6,7.5,9.5,10.2,11.3,11.4,0,0,0,0,0,5.6,7.6,9.5,0.3,3.4,0.2,0.9,3,2.1,3.9,0.9,3.7,0.3,0.8,0,0,0.6,2.2,6.4,
Patuakhali  ,2023,7,0.5,4.5,5.3,8.1,5.9,2.6,1.3,5.1,4.8,0,0.3,2.2,0.4,1.9,1.8,7.3,7.2,9.3,9.7,10.9,6.7,8.6,9.1,6.8,3.9,7,6.4,4.2,7.8,11.4,6.2
Patuakhali  ,2023,8,0.7,1.5,0,0,0,0,0,0,1.4,0.6,1.3,0,0,1.8,4.2,4.6,9.1,3.3,7.1,9.1,6.1,0.5,2.4,1.2,0,0,0,2.1,6.1,3.2,2.4
Patuakhali  ,2023,9,2.3,4.2,6.2,4.5,4.4,5.3,0,0,6.2,9.4,3.4,6.6,5,0,0.6,6.4,8.8,0.6,1.4,0,1.6,2,6.3,4.4,7,9.3,1.8,6.7,0,0,
Patuakhali  ,2023,10,4.9,1.9,1,0,2.1,1.8,1.9,3.4,7.1,7.1,3.6,5.3,7.8,8.4,7.9,8.3,8.2,8.2,8.5,9.4,9.5,8.2,0,0,8.8,8.8,8.8,9.1,9.3,9.5,8
Patuakhali  ,2023,11,8.6,8,8.3,6.5,7.5,9.5,8.4,9.1,9.2,9.1,9,9.4,9.7,9.5,5.8,0,0,5.7,9.3,7.9,0,8.5,8.5,8.3,9.1,10,8.7,8.7,0.5,8.9,
Patuakhali  ,2023,12,9.2,9.2,5.8,2.1,0,1.3,0.9,1.1,8.7,7.5,7.8,7.7,7.9,8.5,8.8,8.9,8.6,7.7,8.6,9.2,8.9,8.5,7.4,8,3.3,6.2,3.7,7.5,8.9,9.5,6.5
Patuakhali  ,2024,1,6.6,7.1,6.2,8.3,8.1,7.9,9,7.8,8.5,8.7,7.3,7.6,3.9,1.5,6.3,4.7,7.6,0.2,6.6,6.7,0.8,7.2,6.3,3.5,1.4,5.6,7.9,8.9,8.7,8.9,1.8
Patuakhali  ,2024,2,2.3,4.4,7.5,7.5,7.3,2.4,6.3,9.4,9.3,9.1,9,7.5,7.5,7.1,7.3,8.2,9.4,9.1,8.6,5.6,6.4,6,4.2,4.2,3.5,9,9.3,9.4,9.2,,
Patuakhali  ,2024,3,9.4,9.3,8.1,6.4,9.2,9.8,8.3,9.6,10,10.3,10.4,8,7.2,6.3,5.5,7,8.6,3.6,0.6,6,4.5,6.4,8.6,9.1,8.9,9.4,8.8,8.1,7,6,8.4
Patuakhali  ,2024,4,9.5,4.2,7.6,5,9.1,0.8,7.4,7.3,7.4,3.7,8.1,8.8,9.6,9.6,8.1,7.6,7.2,9.4,9.4,9.4,7.1,6.2,7.9,9.4,9.4,9.5,7.8,9.1,9.7,10,
Patuakhali  ,2024,5,9.4,7.7,7.7,8.8,8.9,6.5,6.3,1,6.7,7.3,4.5,3.2,6.3,10.1,10.3,6.5,10.6,4.4,4.6,4,7.9,6.5,8.3,11.3,8.7,0,0,0,2.3,7.5,1.5
Patuakhali  ,2024,6,9.5,7.6,5.2,5.8,8.9,6.4,9,6.7,4.3,6.6,6.2,0,1.1,0,3.3,5.1,4.4,0,0,0,2.1,5.6,7.2,6.2,4.7,1.9,3.6,2.5,0,0,
Patuakhali  ,2024,7,0,0,0.6,0,0,3.7,6.8,3.5,0.9,4.2,2,0,10.2,9.1,4.6,5.3,10.6,7,8.5,7.2,1.2,0,3.2,2.7,7.7,1.6,3.9,0.9,5.4,0.1,0
Patuakhali  ,2024,8,0,0,0,0.5,0,3.7,1.8,0,1,0,0.5,2.8,6.9,5.5,1.4,0,1.4,2.5,0,0,0,0,0,3.4,0,0,3.7,0.4,10.2,10,6.9
Patuakhali  ,2024,9,2.8,5.3,7.2,9.1,4.9,3.7,6.4,8.9,10,9.3,3.9,0,0,0,0,3,9.4,7.3,7,7.2,0.3,10.1,0.8,2.4,0,0,5.8,8.2,6.4,17.3,
Patuakhali  ,2024,10,3,0,0,0.2,0,2.1,2.3,7.1,7,7.8,8.2,9.2,5,7.6,6.6,6.1,4.9,6.3,6,6.8,7.1,9.5,0,0,4.3,9,7.9,9,8.9,8.8,8.6
Patuakhali  ,2024,11,6.5,8.7,9,8.6,5,3.5,9.6,9.4,9.6,8.2,6.9,7.6,9.4,9,8.3,8.1,8.8,8.9,2.2,9.6,9.6,9,7.1,6.1,3.7,6.2,7.3,5.3,3.5,1.1,
Patuakhali  ,2024,12,9.2,2.1,9.4,9.7,8.5,9.4,9.2,8.7,6.7,3.8,7.4,9.4,8.6,8,9,8.8,3.8,4.5,9,5.6,7.6,8.1,9.3,2.7,0,8.7,9.7,9.3,8.9,9.1,8.3
St.Name,Year,Mo,1,2,3,4,5,6,7,8,9,10,11,12,13,14,15,16,17,18,19,20,21,22,23,24,25,26,27,28,29,30,31
Chandpur    ,2022,1,7,2.3,7,6.5,4.5,5.5,7,7.1,7,6.6,6.6,0,4.7,0,1,6.9,6.8,6.1,5.9,4.9,6.5,0,2.3,0,5.8,1,5.1,6.8,6.4,6.9,6.9
Chandpur    ,2022,2,6.6,6.6,4.5,3.9,5.9,7.4,7.1,7.1,7.1,0,5.8,7.4,7.6,7.6,7.6,7.7,7.5,7.4,8.3,6,7.5,7.1,5.1,6.8,7.7,7.8,7.8,8.1,,,
Chandpur    ,2022,3,8.1,7.6,7.9,8.7,8.6,8.6,8.2,8.3,8.7,9.2,9,9,9.4,8.4,9.2,9.1,7.8,9.3,8.8,9.7,8,7.4,8.4,8.1,4.9,0,2,6.4,5.8,8.1,6.7
Chandpur    ,2022,4,8.4,3.6,3.1,9.1,7.6,9.3,9.3,9.3,9.4,5.4,6.2,2.4,6.8,2,4.9,3.9,6.3,8.4,8.3,1.8,4.7,6.8,6.9,9.5,8.1,7.5,8.7,8.4,8.7,6.6,
Chandpur    ,2022,5,9.7,5.6,0,2.8,5.7,8.1,9.1,9.4,0,2.6,3.4,5.2,2.9,6.7,7.2,8.7,7,9.9,8.9,9,4.7,10,10.5,9.4,4.2,7.8,4,6.6,1.9,0.4,3.5
Chandpur    ,2022,6,4.9,1,0.9,4.6,8.6,7.7,5.5,1,7.1,0,5.8,5.1,1.2,0.6,0,3.6,0,0,1.3,0.3,3.5,3.7,4.3,6.3,4.6,9.5,7,6.5,0,0,
Chandpur    ,2022,7,3.7,8.3,2,3.6,1.7,5.7,6.1,5.1,10.2,11.2,6.9,10.4,9.6,11.2,9.7,10.5,10.5,3.8,7.9,1,8,9.1,2.4,0.2,0.6,0.6,10.7,6.5,2.6,8.2,5.6
Chandpur    ,2022,8,0.7,3.1,3,6.7,8.1,4.7,10.4,8,7.4,0.6,7.1,6.9,3.1,0.1,1.6,7.8,8.1,8.2,3.7,7.5,9.1,6.7,4.1,6.6,8.7,7.1,2.2,3.3,9.6,9.9,9.8
Chandpur    ,2022,9,5.8,1.7,5.8,1.3,3.6,4.7,5.3,8.7,8.4,2,0.5,0,0,0,3.1,2.6,7.3,3.1,6.5,8.2,8.4,5.5,3.6,3.5,2.5,4.9,5.1,5,7,6.2,
Chandpur    ,2022,10,4.5,0.9,1.4,8.9,7.4,6.1,8.6,8.4,8.7,8.8,6.3,5.5,7.3,7.1,7.8,8,8,6.2,5.4,7,7.9,7.1,0.3,0,5.2,7.6,7.5,7.5,7.5,7.4,7.4
Chandpur    ,2022,11,7.5,7.2,2.7,7.2,6.5,6.9,6.9,6.9,6.7,6.9,6.7,7,6.5,6.8,6.8,6.9,5.9,6.8,6.7,2.2,6.7,6.7,6.9,6.7,6.7,6.9,6.9,6.1,4.5,3.9,
Chandpur    ,2022,12,7.3,7,5.8,5,7.2,4.9,6.6,4.2,7.1,8.3,7,7.1,7.2,6.8,3.6,4.8,5.6,5.6,6.1,6.2,3.1,4.4,6.5,6.7,5.4,3.9,0,0,5.8,0.9,5.8
Chandpur    ,2023,1,6.1,4.4,4.6,0,0,0,0,0.4,6.2,6.8,7,6.5,6.8,4.1,4.4,2.1,5.6,0,6.7,6.4,6.5,6.6,3.9,6.6,5,1,6,6.3,2.9,6.3,4.6
Chandpur    ,2023,2,0.8,6.8,6.7,6.8,6.6,6.8,5.9,6.2,2.9,7,6.9,4.3,7.4,7.4,7.2,6.6,6.7,6.8,5.6,6,6,6.5,6.1,6.1,5.9,7.6,7.2,7.4,,,
Chandpur    ,2023,3,7.5,7.4,8.6,7.9,8.1,8.4,7.7,5.1,5.2,1.3,7.7,8.6,9.4,5.7,1.2,3.2,2.6,2.3,0.6,2.7,6.2,6.6,8.1,6.2,5.2,7.2,6.1,7,2.5,5.1,4
Chandpur    ,2023,4,0.2,10.1,9.7,9.4,6.6,7.9,6.9,9.5,9.5,8.9,9.1,9.7,10.4,9.8,8.8,8.4,8.2,7.9,8.9,9.4,4.5,8.4,1.1,7.2,9.8,9.4,8.5,9.9,9,6.9,
Chandpur    ,2023,5,5.2,9.8,1.9,1.2,4.7,8.3,9.4,10.4,9,9.6,9.8,3.7,2.1,0,10,9,10,3.4,7.2,9.4,9.6,9.4,4.6,0,5,8.9,6.1,8.6,8.5,10.3,10.5
Chandpur    ,2023,6,9.2,9.5,9.1,8.9,10.1,9.6,0,0,0,0,1.2,3.6,6.6,8.2,0.8,2.1,4.2,2,1.4,4.6,6.5,2.5,2.3,5.1,10.1,0.3,0,0,0,2.2,
Chandpur    ,2023,7,3.6,5.6,4.2,8.1,6.5,2.6,5.3,7.2,4.7,4.3,2.7,6.2,2.8,5.2,5.3,3.5,5.6,8,9.4,9.1,10,10.7,7.3,9.6,8.9,5.9,5.5,5.1,3.1,10.7,9
Chandpur    ,2023,8,3.3,0,0,0,2.2,0,0,0,5.6,0.3,1.2,0.2,0,1.6,2.1,1.8,8.3,10.2,3.9,7.9,6.4,0.6,1.6,1.6,2.1,0.5,1,1.6,7.1,7.1,4.5
Chandpur    ,2023,9,4.5,3.4,3.2,5.4,5.5,3.3,4.9,0.2,5.8,5.8,2.7,6.6,6.9,3.6,6,8.5,6.6,1.6,0.9,2,1.4,2,3,5.5,7.9,8.8,0.6,6.7,0.6,4,
Chandpur    ,2023,10,8.9,4.1,1.3,0,1.4,0,0,7.7,8.3,6.5,3.7,6.8,6.8,7.5,6.8,7.6,7.4,7,6.6,6.9,7.2,4.5,0.2,0,5.7,7.5,7.5,7.6,7.4,7.4,7.6
Chandpur    ,2023,11,7.8,7.3,7,6.1,6.9,7,6.7,6.3,6.8,7.1,7,7,7.1,7.1,6.8,0,0,4.8,6.2,6.4,4.3,6.6,4.7,6.5,6.8,7,6.9,6.5,3.1,6.7,
Chandpur    ,2023,12,6.8,6.7,5.4,0.4,0,0.1,0,0,5.5,3.9,4.9,4.7,6.5,6.8,6.8,7,6.9,5.7,6.6,7,6.6,7.1,6.7,6.5,5.6,3.7,5.2,5.6,7.1,6.8,3.3
Chandpur    ,2024,1,2.9,5.1,1.8,5,4.8,6.3,7.1,4.3,2.2,2.8,6.1,4.6,0,0,3.3,2.1,1.5,0.8,6.1,4.2,4.4,3.3,4.4,3.1,1.3,6.1,6,6.5,6.6,6.3,1.8
Chandpur    ,2024,2,1.8,3.7,6.5,6.3,6.6,0,2.2,7,7.4,7,7.3,5.5,6.6,4.8,6.6,6.7,7,6.9,6.6,6,5,3.6,2.6,7,6.1,7.2,5.6,7.7,6.4,,
Chandpur    ,2024,3,7.9,8.4,8.3,3.4,8.8,8.9,6.4,8.9,9.1,9.3,9.3,8.7,7.5,2.6,8.9,8,8.7,3.7,0.8,2.1,2.3,7.2,8.3,7.9,8.3,9.4,8.6,5.7,2.1,6.4,6.7
Chandpur    ,2024,4,9.4,8.5,8.8,8.9,1.5,9.1,0,6.1,7.1,1,2.6,7.9,7.6,8.5,9.7,7.5,6.2,9.3,9.9,10.3,8.9,7,8.3,9.7,9.8,9.6,9.3,9.1,9.5,9.8,
Chandpur    ,2024,5,10.1,7.7,10.1,8.4,10,2.7,7.1,1.5,8.8,9.8,4.3,5.4,10.3,10.2,10.5,10.9,9.8,3.3,2.1,3,10.5,9.8,10.6,11,11,1.7,0,2.9,2,6.2,5
Chandpur    ,2024,6,8.9,8.1,6.2,8.5,8.8,3.4,7.3,7.2,1.1,0.8,6.4,3,0.2,0.7,0.5,5.9,1.2,0.2,0,0,2.4,1.7,5,8.3,7.1,0.1,7.4,0.9,0.8,0.9,
Chandpur    ,2024,7,0,0,1.5,1.8,3.2,7.6,4,0.5,3.9,2.8,4.7,0.2,2.2,7.2,9.4,5.4,6,9.2,9.4,6.5,3.9,0.8,2.6,6.3,5.9,5.1,8.7,6.3,4.4,0.5,2.3
Chandpur    ,2024,8,0,0,0,3.8,3.9,4.8,3.5,2.8,4.8,0.7,1.9,4.6,7.9,6.9,7.7,1.3,0.7,0.8,0,0.6,0,0,0,0.9,7,0,0,2.3,2.8,9.3,9.7
Chandpur    ,2024,9,1.7,6.2,3.4,9.4,1.7,5.5,3.4,9.5,9.8,4.6,7.2,5.2,1.4,0,0,2.8,6.6,7.1,7.9,8.9,0.3,9.7,0,4.8,0,0,5.4,7.3,7.4,0.5,
Chandpur    ,2024,10,4.4,1.4,0,2.6,0,5.5,5,4.7,6.5,4.8,7.6,2.5,6.6,5.6,7.2,3.1,0.5,4,2,6.9,6.5,7.3,0,1.1,5.7,6.2,7.4,6.9,7.5,6.9,4.5
Chandpur    ,2024,11,6.9,6.8,6.8,6.8,4.1,5.5,7,6.9,7,6.8,6.2,5.4,6.9,6.8,6.7,6,6.4,6.8,7,7.1,7,6.9,5.9,5.7,6.3,6.7,5.4,6.6,5.5,1.9,
Chandpur    ,2024,12,5.8,3,7.2,7.2,5.5,7,7.3,7,4.7,3.2,5.3,0,3.2,6.5,6.1,7.2,4.4,7.2,4,2,0,7.1,6.7,5.3,2.5,7.2,7.4,7.1,7.2,6,7.2
St.Name,Year,Mo,1,2,3,4,5,6,7,8,9,10,11,12,13,14,15,16,17,18,19,20,21,22,23,24,25,26,27,28,29,30,31
Teknaf      ,2022,1,9.4,9.3,9.2,9.3,9.7,8.7,9.5,9.9,9,9.8,9.9,8.9,9.4,8.7,10.2,9.6,4.3,9.5,8,8.4,8.5,9.6,8.4,6.5,8,2.6,8.5,9.4,5.9,9.3,8.1
Teknaf      ,2022,2,9.7,10,8.7,10,7.7,10.4,8.1,9.3,9.2,9.8,8.7,9,8,10.3,9.2,9.8,9.9,10.3,7.8,8.8,9.5,9.8,9.7,9.7,8.6,10.2,10.1,0,,,
Teknaf      ,2022,3,10,10,10,8.1,5.8,7.8,8.1,5.9,10.1,8.9,10.1,10,8.7,8.1,9.1,9.2,9.4,9.6,10.1,10.4,9.1,3.8,6.6,8.6,8.3,0,8.7,7.9,8.3,9,8.6
Teknaf      ,2022,4,9.8,9.2,7.3,9.7,9.5,10.4,10.2,7.3,10.2,10.1,9.2,9.8,9.5,9.2,10,8.8,9.1,10.2,8.7,8.1,7,9.4,8.7,10,9.3,10.5,10.3,10.1,10.9,10.2,
Teknaf      ,2022,5,9.3,9.6,0,4.2,7.2,11.2,11.6,4.3,1.6,0,0,4,7.6,8.4,11.2,0,9.9,10.7,10.6,6.8,5.6,10.4,4.3,0,3.8,2.4,0,4.4,0,4.9,4.4
Teknaf      ,2022,6,9.7,0,4.9,6,4.8,10.4,7.4,0,4.3,1.2,9.7,3.8,2.6,5,0,0.4,1.4,0,0,0,6.3,10,7.4,2.5,4.6,11.5,10.2,4.2,7.7,4,
Teknaf      ,2022,7,0,0.9,2,10.7,3.6,10.9,10.5,7.6,8.7,9.4,8,5.8,0.5,1,5.3,9.9,8.4,3.3,4.6,5.8,6.8,11.6,0,0,8.8,10.8,10.2,6.4,10,11.4,7.2
Teknaf      ,2022,8,5.7,6.5,0.1,11.4,10.7,7.2,7.7,0,0,0,0,0,0,0,6.6,8.5,4.5,4.9,0,0,11.1,9.8,6.5,11.4,5.3,7,0,11.5,10.7,10.7,11.3
Teknaf      ,2022,9,11.5,9.8,9.4,5.4,3.3,3.5,4.5,8.1,2.3,5.3,0,0,0,0,8.5,2.9,2,1.8,0,0,3.8,9.4,7.7,8.8,3,2.3,3.5,10.2,4.9,0,
Teknaf      ,2022,10,0,0,0,7.5,7.9,3.5,10.5,10.4,9,8.7,9.7,9.8,9.9,8.5,10.2,9.9,9.1,10,7.1,10.4,9.5,7,0,0,8.8,10.1,10.2,10.5,10,10.3,9.5
Teknaf      ,2022,11,9.7,9.9,10.3,9.7,10.1,10,10.1,8.6,9.4,9.8,10.1,9.7,10.1,9.7,9.5,9.7,10.1,8.4,9.3,8.8,9,9.7,9.6,9.5,7.3,9.3,8.7,8.5,5.4,8.8,
Teknaf      ,2022,12,****,****,****,****,****,****,****,****,****,****,****,****,****,****,****,****,****,****,****,****,****,****,****,****,****,****,****,****,****,****,****
Teknaf      ,2023,1,9.1,8.5,8.6,8.3,7.9,8.3,7.6,6.8,7.6,7.9,6.8,9.3,5.4,6.1,4.7,8.6,8,9.2,5.9,7.2,9.2,9.6,9,8.9,9.5,5.8,8.2,5.4,4.9,9.7,5.9
Teknaf      ,2023,2,6.3,9,8.5,6.3,4,8.6,8.9,7.6,9.5,7.6,10,9.9,9,8.4,8.7,8,5,7.6,7.3,7.4,6.9,8.2,8.6,7.5,8.6,9.1,9,8.2,,,
Teknaf      ,2023,3,9.7,9.9,7.8,9.6,9.3,7.4,9.8,9.9,7.1,5.9,9.9,5.8,10,5.9,7,7.6,7,7.5,10.4,7.1,10.5,8.5,9,10.7,6.9,8.3,9.9,10,8,7.9,7.3
Teknaf      ,2023,4,9.2,7.1,8.4,8.4,10.2,10.6,10.5,10,10.6,6.1,10.8,10.3,10.9,9.2,5.9,10.6,7.5,10.8,9.6,11.1,5.2,9.9,6.3,10.5,10.6,11,10,10.5,10.7,11,
Teknaf      ,2023,5,10.7,2.6,4,2.2,11.6,10.5,9.1,10.1,11.2,10.6,10.1,0,0,0,9.3,9.2,3.4,6.5,9.8,6.2,10.5,12.1,8.6,0,11.9,11,10.8,11.2,8.9,10.6,9.3
Teknaf      ,2023,6,8.4,5,9.5,10.8,11.9,0,0,0,0,0,0,0,0,0,0,0,0,5.2,0,10.7,0,0,0,0,0,0,0,0,11,8.3,
Teknaf      ,2023,7,10,11.1,6.1,8.7,5.1,0,2,0,5.9,0,4.3,3.2,3.7,0,0,3,5.7,7.1,6.8,0,5.8,9.8,10.6,9.7,11.3,7.8,11.1,9.8,10.7,7,6.9
Teknaf      ,2023,8,0,0,0,0,0,0,0,0,0,0,0,0,0,0,0,0,8.1,5.5,9.3,4.5,0,0,0,0,0,0,0,6,2.8,0,6.7
Teknaf      ,2023,9,5,3.9,2.8,5.7,4.3,3.7,0,0,7.8,1.6,7.5,8.6,0,0,8.9,10.3,2,0,2.5,8.9,6,8.9,10.5,9,10.4,7.5,2.6,3.1,4.3,6.3,
Teknaf      ,2023,10,4,0,0,6,5.5,7.2,9.5,8.4,9,9,0,0,6.2,8.9,9,10.1,10.2,9.8,10.2,9.8,9.9,0,0,0,0,10.6,10.2,9.7,9.9,10.6,9.9
Teknaf      ,2023,11,9.3,9.9,9,9.6,0,9.7,8.2,8.9,9.7,9.4,9.9,9.6,7.1,8.6,9.8,0,0,8.3,8.2,0,3.4,9.6,9.8,9.1,9.5,9.8,7.2,4.9,7.1,6.2,
Teknaf      ,2023,12,0,0,0,0,0,0,0,0,1.1,6.8,7.1,7.8,6.7,9.4,8.4,8.2,9.7,9.7,8.4,8.6,9.3,8.3,6.1,8.3,9.2,9.8,9,9.4,9.5,9.7,9.9
,,,,,,,,,,,,,,,,,,,,,,,,,,,,,,,,,
,,,,,,,,,,,,,,,,,,,,,,,,,,,,,,,,,
,,,,,,,,,,,,,,,,,,,,,,,,,,,,,,,,,
,,,,,,,,,,,,,,,,,,,,,,,,,,,,,,,,,
,,,,,,,,,,,,,,,,,,,,,,,,,,,,,,,,,
,,,,,,,,,,,,,,,,,,,,,,,,,,,,,,,,,
,,,,,,,,,,,,,,,,,,,,,,,,,,,,,,,,,
,,,,,,,,,,,,,,,,,,,,,,,,,,,,,,,,,
,,,,,,,,,,,,,,,,,,,,,,,,,,,,,,,,,
,,,,,,,,,,,,,,,,,,,,,,,,,,,,,,,,,
,,,,,,,,,,,,,,,,,,,,,,,,,,,,,,,,,
,,,,,,,,,,,,,,,,,,,,,,,,,,,,,,,,,
St.Name,Year,Mo,1,2,3,4,5,6,7,8,9,10,11,12,13,14,15,16,17,18,19,20,21,22,23,24,25,26,27,28,29,30,31
Ambagan(Ctg),2022,1,8.3,8.9,7.6,9.4,8,8.1,9.6,9.6,9,9.3,9,1.8,3.8,0.2,0,8.8,8.9,0,7.9,5.3,8.3,5.2,8,0.2,8.7,0.5,5.3,9.9,9.5,8.8,10
Ambagan(Ctg),2022,2,8.5,9.2,9.5,8.7,3.3,9.7,9.5,9.9,9.5,8.1,9.5,9.4,10,10.3,10.2,9.4,9.9,9.9,9.9,8,9.3,9.3,9.6,9.4,9.1,10.3,9.9,10,,,
Ambagan(Ctg),2022,3,10.1,10.1,10.1,9.7,4.9,10.1,9.8,9.9,8.7,9.5,10.1,10.1,9.5,9.1,9.3,8.7,9.7,8.9,9,9.7,10.2,9.5,8.7,7.8,8.4,1.7,3.5,6.4,8.3,8.3,9
Ambagan(Ctg),2022,4,9,6.5,8.7,6.5,9.7,10,7.8,8.7,9,9.3,9.3,10.4,8.4,6.6,2.6,9.3,8.8,9,10.6,2.3,7.5,8.9,8.1,8.5,9.2,8.3,9.5,7.3,6.4,0.8,
Ambagan(Ctg),2022,5,8.3,5.8,2.6,1.7,6,9.7,9.9,7.9,0,1.7,2.2,3.9,4.9,5.6,9.7,9.7,8.3,7.3,10.9,4.8,3.5,9.7,2.5,0.4,5.6,7.2,4.2,3,1.2,0.2,5
Ambagan(Ctg),2022,6,3.8,0,1.3,0,8.3,8.9,7.2,1.7,1.8,2.7,6,6,3.8,2.6,0,0,0,0,0,0.2,0,5.5,9.7,3.2,6,10.3,10.1,6.2,1.9,3,
Ambagan(Ctg),2022,7,4.4,6.3,6.4,9.7,7.2,6.2,10.3,9.5,7.5,8.5,7.7,10.1,10.3,9.6,7.4,9.6,8,2.5,5.7,0,7.9,2.4,0.1,0,0,5.6,8.9,1.1,8,8.3,5.7
Ambagan(Ctg),2022,8,3.3,4.7,2.8,2.2,2.7,5.5,8.5,3.8,8.4,2.1,4.1,6.9,1.3,1.2,9.3,6.3,6.9,9,0.8,7.8,9.4,6.9,7.8,5.5,9.6,0.3,0,7,7.7,8.5,7.3
Ambagan(Ctg),2022,9,3.9,3.5,9.5,2.9,0.8,8.4,6.7,6.8,7.7,4.7,2.9,0.3,0,0.1,9,7.8,6.6,8.4,7.2,8.5,7.2,8.3,4.5,3.7,3.7,2.2,6.5,5.8,8.6,1.6,
Ambagan(Ctg),2022,10,1.4,2.9,7.2,8.7,10.4,9.8,10.3,6,5.9,5.3,7.5,8.1,7.4,9.1,8.9,9.1,7.8,6.8,9.8,8.9,10.6,10,0,0,6.4,9.9,9.9,9.9,9.9,9.8,9.8
Ambagan(Ctg),2022,11,9.6,10,7.2,8.3,9.3,7.8,9,9.7,9.2,9.7,9.9,9.4,9.8,9.8,9.8,9.8,8.9,9.6,9.3,8.2,9.9,9.4,9.3,9.7,9.8,9.7,8.3,1.6,7.1,7.9,
Ambagan(Ctg),2022,12,7.9,9.2,9.6,9.2,9.3,8.9,9.6,9.8,9.2,7.7,10,10.3,10.4,9.4,2.9,4.7,7.3,8.2,8.4,7.9,7.5,7,9.2,8.3,8.3,8.4,7.2,2.8,6.9,7.6,11.3
Ambagan(Ctg),2023,1,8.8,8.9,9.3,7.6,6.4,1.5,4.4,3.6,7.7,8.3,9.1,9,19.8,4.1,3.8,6.7,5.5,8,9.4,9.2,9.4,9.4,8.7,9.1,9,5.8,5.6,8.6,8.4,9.7,8.7
Ambagan(Ctg),2023,2,6.3,7.4,9.4,5,8.7,8.1,8.3,8.9,8.5,8.3,9.4,8.4,8.5,10,9.6,8.9,9,8.5,7.5,6.9,4.4,6.3,8.4,10,8.8,10.5,10.2,10.5,,,
Ambagan(Ctg),2023,3,9.8,9.6,9.5,4.7,9.6,9.3,8.5,7.6,4.4,1.2,6.9,7.9,8.9,7.1,1,2.2,3.3,0,1.3,1.5,0.4,5.7,9,10.4,9.5,7.8,2.2,6.9,5.1,6.8,3
Ambagan(Ctg),2023,4,0.3,8.7,9.2,10.1,5.2,8.1,9.9,9.7,9.9,8.8,8.9,8.1,9.3,10,8.6,8.2,1.2,2.7,0,8.5,0.4,8.5,7,4.4,10.6,10.2,10.4,8.5,9.3,7.9,
Ambagan(Ctg),2023,5,6.8,5.5,0.5,0.1,6.5,1.5,10.1,10.2,9.1,10.6,10,8,0,0,9.1,10,6.2,0.3,10.1,6.6,8.4,9.6,9.1,0,2.4,7.8,9.2,7.4,7.1,10.9,8.1
Ambagan(Ctg),2023,6,6.5,10.5,7.3,6.3,4.4,6.6,0,0,0.2,0,0,0,4.6,0,0,0,0,0.8,0.1,5,8.2,7.1,5.2,1.4,4.9,0.5,0,6,6.2,12.5,
Ambagan(Ctg),2023,7,4.7,6.4,4.8,8.7,10,2.8,3.3,7.8,4.9,0.1,4.6,3.7,3.3,0.9,8.8,6.1,5.3,9,9.8,10.4,6.2,8.4,10.1,8.2,9.4,6.7,2.3,6.2,7.1,7.9,3.7
Ambagan(Ctg),2023,8,2.6,0,0,0,0,0,0,0,0,0,0.1,0,0,3.9,5.4,0.9,7.8,10,9.8,7.5,3.8,0,1.8,4.9,2,0,0,5.2,8.4,6.8,5.1
Ambagan(Ctg),2023,9,2.5,0,7.7,2.8,1.1,5.2,2.8,0,9.7,4.1,5.3,6.4,5.7,0.7,9,8.5,6.3,1.4,4.2,1.4,2,5.3,10.2,8.2,6.4,9.7,7.2,2.9,1.3,5.3,
Ambagan(Ctg),2023,10,2.8,0,0.1,0,0,0.8,7.4,5.1,6.2,4.9,1.3,0,4,7.3,8.8,9.7,7.4,9.7,9.9,10,10.5,6.4,0,0,5.6,5.7,9.1,9,9.2,10,9
Ambagan(Ctg),2023,11,9.9,9.9,10.8,8.2,4.9,9.8,8.4,7.6,8.5,9.1,9.8,9.8,9.6,9.9,3.9,0,0,3.9,9.7,8.9,0,9.5,9.8,9.9,9.8,10,10,10,2.5,10,
Ambagan(Ctg),2023,12,10,9.2,8.1,2.9,0.1,0.3,0.5,2.2,3,6.6,6.8,2.7,7.2,8.9,9.7,9.5,10,10,8.9,10.1,9.6,3,6.9,8.7,5.3,5.3,8.6,6,9.5,9.7,9.6
Ambagan(Ctg),2024,1,8.5,8.7,6,9.9,7.3,7.2,10,6.7,7.9,7.9,7.9,2.3,5.2,5,8.6,6.7,8.2,4,7.5,9.3,6.2,3.3,6.4,0,0,8.6,0.1,8.4,7.8,8.9,0
Ambagan(Ctg),2024,2,0.7,3.1,4.9,8.9,9.3,7.1,0,9.4,10,10.9,9.5,6,8.8,5.6,9.9,9.5,9.1,9.9,9.5,8,0,5.1,0.1,0.5,2.5,10.6,10,8.3,9,,
Ambagan(Ctg),2024,3,10.2,10.2,9.6,7.2,8.5,9.9,10,10.1,0,10.1,10.2,9.4,4.8,0,6.7,9.2,9.7,0,0,9.8,0,9.6,8,7.2,5,10,6.7,0.7,0,5.6,4.7
Ambagan(Ctg),2024,4,7.8,4,9,7.9,6.4,18,0,10,9.3,10,8.1,3.1,10.1,9,10,8.7,8.9,7,8.2,8.7,5.3,6.7,9,9.4,7.9,10,5.8,8.1,7,8.7,
Ambagan(Ctg),2024,5,5.4,1.8,10,9,7.3,6.9,5.1,0.2,10,6,5.7,5.9,8,10.5,10.5,5.6,8.1,4.9,0.2,3.7,6.6,10.2,10,9.7,4.3,1.3,0,0,0,4.3,6.9
Ambagan(Ctg),2024,6,10.5,9.6,10.2,0.5,11,0,0.6,0,0,4.3,6.2,0,0.7,0,0,2.9,0,0,0,0,1.3,4.6,3.5,1.6,10.8,1,7.9,5.9,0.9,0,
Ambagan(Ctg),2024,7,0,0,0,0.2,0,4.7,5.5,0.4,0,0,0,1.7,7,10.2,6.7,1.1,6.8,5.2,8.8,8.5,4.7,0,0,1,9.5,4.3,8.6,4.7,3.6,0,0
Ambagan(Ctg),2024,8,0,0,2.1,1.2,0.2,5.7,4.2,3.5,2.6,0,0,0.3,4.3,9.5,7.3,0,0,0,0,0,0,0,3.2,1.6,0,2,1.1,3.3,6.4,10.1,6.1
Ambagan(Ctg),2024,9,8.9,4.3,7.9,8.9,3.7,2.2,6.3,9.9,5.8,3.8,2,2.3,0,0,0,8.1,10,1.8,9.4,9.9,1.2,5.7,4.3,4.9,1.2,6.9,9.8,9,5.6,6.8,
Ambagan(Ctg),2024,10,0,0,0,0,5.1,6.8,5.1,6.7,10,3.1,5.9,7,6.7,9,9,0.3,0,6.4,1.4,7.3,8.5,5.9,2.6,9.5,9.8,9.4,8.1,9.4,5.5,9.4,5.7
Ambagan(Ctg),2024,11,5.1,0,9.6,6.6,9.6,0.4,6.8,8.3,9.8,5.8,9.2,9.2,9.9,9.9,9.8,9.9,8.2,9.8,9.9,6.6,9,9.9,9.6,7,7.8,9.1,8.3,4.5,4.2,6.5,
Ambagan(Ctg),2024,12,9.3,0.1,7.9,9.8,4.1,8.7,8.9,9.6,5.2,0.2,8.9,9.1,8,7,9.2,9.7,5,4.7,8.5,2.5,0,9,9.9,5.2,6.8,0.1,9.5,8.9,4.4,5.5,6
St.Name,Year,Mo,1,2,3,4,5,6,7,8,9,10,11,12,13,14,15,16,17,18,19,20,21,22,23,24,25,26,27,28,29,30,31
Comilla     ,2022,1,8.9,4.7,5.9,6.3,6,6.5,8.9,9.2,8,6.6,7.2,0,4.9,0,1.8,8.3,8.8,7.9,5.3,3.4,6.8,3.5,4.5,2.3,6.9,3,0,7.6,7.8,6.6,8
Comilla     ,2022,2,7.4,5.8,4.8,5.1,5.5,9,7.4,9.2,8.7,0,8.5,8.8,10,9.5,9.3,8.8,9.5,9.5,9.6,7.4,9.2,8.6,8.5,6.8,9.5,8.7,8.7,8.8,,,
Comilla     ,2022,3,9.4,9.7,9.1,8.6,8.4,9.8,9.2,8.4,8.2,9,8.8,9,9.1,9.4,8.3,9,9,8.7,8,9.4,7.6,8.4,8.3,6.5,5.3,0.2,4.3,6,4.4,3.5,7.5
Comilla     ,2022,4,7.3,3.3,7.1,8.5,9,7.9,9,8.6,8.7,7.7,5,7,8.1,5.4,6.3,4.1,7.3,9.2,9.5,0.7,8.1,6.9,8.8,8.9,9,7.7,8.2,8.3,8.2,5.1,
Comilla     ,2022,5,10.6,8.2,0.7,3.2,6.7,8.6,8.8,9.8,0,3.7,2.4,4.9,2.4,7.9,7.8,9,6.8,8.5,6.8,7.8,2.9,10,8.9,7,4.7,8.8,5,2.1,3,1.7,7.8
Comilla     ,2022,6,7.4,1.9,0.6,1.7,6.4,8,3.6,1.8,1,5.1,7.8,4.6,0.3,0.9,0,2.8,0,0,0,0.2,3.4,9.2,0.9,7.5,7.5,6.7,9.4,6,0,0,
Comilla     ,2022,7,5.2,10.7,7.1,10.3,5.8,3.8,6.8,3,11.3,11.7,7.5,10.7,11,12.2,9.9,8.9,11.2,4.7,5.5,3.6,9.7,7.3,4.7,0,1,2.6,9.5,3.2,5.6,6.5,4
Comilla     ,2022,8,1.8,4.5,5.3,6.7,9.8,6.2,10.1,8.3,8.7,1,10.3,8.2,1.6,4,3.8,5.3,6.6,7.4,2.9,9,10.3,6.2,7.7,9.6,10,3.4,0.4,6,9.6,10.5,10.4
Comilla     ,2022,9,2.4,3.3,5.8,2.2,2.9,4.8,7.7,10.1,10.2,5.9,4.4,0.6,0,0,5.8,1.5,6.9,4.6,8.5,10.1,8.9,10.2,1.8,1,4.2,6.2,5.7,4.1,5.3,7.1,
Comilla     ,2022,10,4.3,0.5,5.8,9,9.1,7.3,8.4,8.7,8.4,4.3,8.6,6.1,8.9,8,10.3,10,9,6.4,8.3,9.7,9.2,10.2,0,0,4.1,9.7,9.1,9,9.7,9.5,9.3
Comilla     ,2022,11,9.5,8.3,5.3,8.5,8.9,9.2,8.9,7.6,9,9.6,9,9.3,8.1,8.7,9.1,8.6,9.2,9.6,8.9,6.7,9.1,8.5,8.8,8.6,9.3,9.2,9.4,7.3,4.9,6.6,
Comilla     ,2022,12,9.3,8.8,9,8.8,9.1,9.1,7.5,7.4,8.9,7.7,9,6.3,6.4,4.6,0,0,3.4,6.8,7.1,5.5,5.3,6.8,3.5,6.5,6.2,6.8,0,0,6.4,0,4.9
Comilla     ,2023,1,7.2,7.1,7,2.9,0,0,0,4,6.2,8.7,8.2,7.4,7.8,4.3,5.2,2.5,4.8,0.9,7.1,7.4,7,7.2,5.3,6.1,5.7,0,3.4,6.6,6.6,8.2,5.3
Comilla     ,2023,2,0.7,9.4,7.4,6.3,2.2,4.2,7.7,5.7,0.7,6.8,8,0.4,8.7,9,7.5,5.5,6.7,0,0.8,3,0.8,2.7,3.2,1.9,7,8.8,8.7,8.5,,,
Comilla     ,2023,3,9.2,8.1,8.5,8.7,8.2,8.2,8.4,6.3,5.8,3.5,7.7,9.2,9.7,6.8,1.1,1.1,2.1,2.3,0.1,4,6.3,8.7,8.4,7.3,7.1,8.3,6.3,5.2,1.8,4.1,5.8
Comilla     ,2023,4,0.3,9.5,8.9,8.1,6.3,7.8,8.3,9.4,9.6,8.9,9,9.4,9.4,9.7,8.7,8.5,7.9,4.8,7.4,9.3,1.7,9.5,1.6,9.7,10.4,10.7,9.2,10.4,9.8,9.2,
Comilla     ,2023,5,7.5,9.2,3,2.9,7.9,8.7,10.9,10.2,9,9.2,10.3,5.2,0.2,0,10.7,8.5,3.4,4.6,5.6,8.4,10.1,9.9,5.5,0.3,9,9.3,6.4,9.5,10.8,8.8,11.9
Comilla     ,2023,6,8.8,8.1,8.5,7.3,8.4,6.4,0.2,0,0.5,0.9,0,1,4.3,3.4,3,4.4,1.9,0.6,0.7,3.5,4.5,1,5.2,7.1,10.6,3.6,0,0.4,2,1.3,
Comilla     ,2023,7,3.1,2.2,5.7,10.5,9.3,4.2,4.5,7.4,4.5,4.6,3.9,6.4,1.7,6.4,8.2,4.7,2.3,8.6,12.8,11.1,7,10.3,8,9.7,7,8.2,4.4,6.5,5.1,11.2,9.9
Comilla     ,2023,8,5.9,1.2,0.6,0,0.3,0,0,0,2.5,0.3,2.6,0,0,0.7,0.8,3,8,9,10.5,5.9,7.8,0.1,1.3,0.7,4.5,0.1,0,3.7,7.5,8.6,3.8
Comilla     ,2023,9,1.4,1.6,5.3,5.5,8.6,3.5,6.7,0,9.3,4.3,6.6,9.8,7.9,6.7,9.3,7.9,8.8,3.9,4.6,3.4,4.3,2.5,5.3,5.5,9.3,8.1,1.1,6.9,4.6,6.3,
Comilla     ,2023,10,10.4,5.8,4.1,0.6,0.9,0,1,1.9,6.4,4.7,4.1,5.2,7.5,6.1,6.4,8.6,8.8,7.1,8.2,8.7,9.2,5.3,0,0,4.5,6.4,7.5,8.8,7.4,8.8,8.1
Comilla     ,2023,11,9.7,8.5,6.1,5.5,6.5,8.8,7,6.4,7.8,8,8.9,8.1,9.5,9.5,7.9,0,0,3.1,7.6,7.4,0.6,6.2,6.5,7.6,8.7,9.3,8.3,7.7,1.1,9.3,
Comilla     ,2023,12,8.9,7.6,5,0.2,0,0,0,0,6.9,0.4,3.7,4.9,0.6,6.8,6.9,6.5,7.4,8.3,8.6,7.9,8.2,5.9,4.1,7,2.7,3.6,6.4,4.1,7.4,7.7,7.4
Comilla     ,2024,1,4.2,4.3,2.9,0.8,5.1,5,7.3,5.7,0,1.4,4.9,0,0,0,2.4,0,0,0,5.8,3.2,0.7,0,2.4,2.3,0.9,3.2,4.2,6.9,7.3,6.1,0
Comilla     ,2024,2,0,0,7.8,6.3,6.2,0,0.3,8.8,9.1,7.9,7.4,3.9,7.1,2.7,6.4,6.4,6.1,7.4,7.3,0,4.4,2.7,0.6,8.4,7.3,9.3,7,7.2,4.7,,
Comilla     ,2024,3,8.9,8.7,8,3.4,8.8,9.5,7.1,9.8,9.7,9.8,9,8.6,7,1.9,7.4,6.7,9.6,5.5,0.5,5.2,0.7,7.8,8.5,7.9,7.3,9.2,6.9,2.4,0.6,5.1,5
Comilla     ,2024,4,7.6,7.4,7.9,8.3,0.8,8.3,0,7,7,1.7,2.6,8.1,8.1,8.2,7.3,6.3,4.6,6.2,6.9,9.8,9,6.4,8.7,10.1,10.9,9.1,7.7,7.2,8.4,10.7,
Comilla     ,2024,5,8.9,7.8,7.6,8.8,8.5,2.8,6.9,0.3,8,7.9,3.9,7.3,10.7,9.6,8.8,9.3,9.3,0,0.8,5.3,10.7,8.5,10.4,10.8,11.1,0.6,0,0,4.3,4.2,5.7
Comilla     ,2024,6,9.9,8.6,5.5,5.8,8.8,2.3,1,3.3,0.5,0,8.1,2,1,0,6,3.1,0,0,0,0,2.2,1.9,7.2,8.2,3.9,0,5.9,1.3,0,0,
Comilla     ,2024,7,0,2.4,1.6,0.8,1.9,8,6.6,1.1,1.7,1,4.7,2.6,2.3,8.3,9.1,6.3,4.3,9.3,8.1,5.8,5.4,0,0,4.7,8.2,9.8,8.7,7.1,6.9,1.9,0.4
Comilla     ,2024,8,0,0,0,4.2,5.4,4.5,3.7,2.2,1.8,0,0.9,1,5.8,9.3,9.8,1.7,0,0.3,0,0,0,0,3.8,9.3,0.4,1.3,5.5,3.4,9.5,10.7,10.8
Comilla     ,2024,9,2.2,4.5,3.2,10.3,6.3,6.6,8.5,8.7,10,7.1,8.5,7.9,0.5,0,0,6.5,7.2,5.5,7.8,8.5,0,10.1,1.2,5.5,0.3,0.1,7.2,8.1,6.3,0,
Comilla     ,2024,10,3.1,3.1,0,1.5,0,8.8,3.4,8,7.4,3.5,7.9,5.3,6.3,4.8,4.8,2.8,0,2.2,0.7,7.7,7.7,9.8,0,0.8,5.1,8.5,8.3,9.2,9.3,3.3,6.7
Comilla     ,2024,11,4.1,8.2,9,7.5,6.5,4.6,9.1,9.5,10,10,8.5,8.8,9.6,9.4,9,8.3,3.6,8.9,9.6,9.4,8.9,7.4,6,4.9,5.1,6.2,8.7,6.6,8.6,4.7,
Comilla     ,2024,12,7.8,6.4,8.5,8.6,5.1,6.6,8.5,7.6,6.2,5.4,6.6,0,0,5.2,7.9,9.1,6.2,6.2,4.9,5,0,8.5,8.4,8.4,1.5,8.4,8.9,8,4.1,7,5.4
St.Name,Year,Mo,1,2,3,4,5,6,7,8,9,10,11,12,13,14,15,16,17,18,19,20,21,22,23,24,25,26,27,28,29,30,31
Cox's Bazar ,2022,1,8.7,8.9,6.1,9,8.5,9,9.1,9.1,9.2,9.1,8.2,6.4,1.2,1.5,0.9,9.3,9.4,8.7,8.3,2,8.3,8.1,9.3,0,6.7,0,4.8,8.2,8.7,8.7,7.6
Cox's Bazar ,2022,2,8.8,7.4,9.6,9.8,2.4,9.9,9.8,10,9.9,9.6,9.6,9.2,10,10.2,10.1,9.8,10,10.3,10.2,8.2,8.3,9.6,9.9,9.8,9.7,10,9.9,10,,,
Cox's Bazar ,2022,3,10.1,10.3,10.5,9.8,0.2,9.7,9.1,10,8.9,8.3,9.7,9.9,10.2,9.8,9.2,9.2,9.7,9.2,9.9,10.2,10.3,8,8,8.6,9.6,3.2,3.7,8.6,9.2,8.8,9.8
Cox's Bazar ,2022,4,9.9,9.1,8.7,7.6,10.3,10.6,9.5,9.1,9.5,10.4,9,9.7,9.2,7.4,4.5,10,9.3,10.3,10.6,7.4,4.3,10.6,10.3,9.7,6.2,10.2,10,9.9,10.2,10.1,
Cox's Bazar ,2022,5,9.3,6.5,6.4,4,1.9,8.7,11.1,3.6,0,0,2.4,5.1,6.8,8.7,10.1,11.1,10.6,10.8,8.8,5.8,6.3,11.1,1.3,1.1,7.5,7.7,0.8,7.8,5.8,1,4.7
Cox's Bazar ,2022,6,5.9,0,4.3,0.5,10.8,9,9.9,7.4,0,3.5,9.7,9.4,7.2,5.5,3.8,0,0,0.1,0,0.3,0,8.6,8.9,5,8.3,10.5,7.2,5,1,6.6,
Cox's Bazar ,2022,7,0,0.1,8.2,10.2,4.5,7,6.3,11.3,10.7,6.6,9.7,11.7,11.1,8.9,8.4,11.1,10.2,9.7,8.1,0.4,7.7,6.9,0,1.1,1.6,11.1,11.9,0,11.3,8.8,10.4
Cox's Bazar ,2022,8,5.5,7,2.7,7,9.1,7.8,9.3,2.9,1,1,1.3,8.1,4.7,0.9,9.2,8.1,8,5.2,0,11.1,9,6.9,10.4,9,10.6,1.4,0,9.5,10.7,6.4,7.4
Cox's Bazar ,2022,9,9.4,5.5,10.9,5.9,0.1,10.7,5.7,8.8,3.8,4.7,1,0,0,0,8,7.5,9.6,7.5,7.4,7.2,9.4,9.4,7.9,5,3.5,4.7,9.6,8.1,10.2,0,
Cox's Bazar ,2022,10,3.8,6.4,4.2,4,9.7,8.5,10.5,10.3,8.6,9.9,7.7,9.9,9.4,10.3,9.9,10.3,9.3,3.5,8.9,10.3,10.2,9.2,0,0.4,9.6,10.3,10.1,10.2,10,9.9,9.9
Cox's Bazar ,2022,11,9.9,9.9,9.9,7.2,9.7,9.3,9.9,9.9,9.9,10.7,9.9,7.9,9.7,9.8,9.8,9.8,9.8,9.1,6,9.8,9.7,9.7,9.8,9.6,9.7,9.1,2.6,7.5,7.4,9,
Cox's Bazar ,2022,12,9.4,9.3,9.3,9.2,9.4,9.2,9.1,9.1,8,2,9.1,9,8.8,8.4,7,7.3,8.8,8.3,6.8,8.5,8.4,6.5,9,8.2,8.9,8.8,7.7,4.6,8.4,8.7,8.2
Cox's Bazar ,2023,1,8.9,8.9,9.1,9.1,5.7,2.9,6.2,6.5,5.6,9.2,9.3,9.1,9,8.3,6.3,8.3,8.9,6.3,9.1,9.7,9.7,9.4,9.5,8.2,9.5,9.2,7.9,8.6,9.7,8.6,8.7
Cox's Bazar ,2023,2,7.9,3.7,9.9,9.3,9.7,9.5,9.2,9.1,8.9,8.3,9.8,9.3,7.4,10,10,9.6,9.1,9.1,6,7.7,6.4,7.8,8.4,9.3,6.9,10.1,9.7,10.3,,,
Cox's Bazar ,2023,3,10.3,10.3,9.7,10.4,9.7,9.6,9.8,7.8,9.3,10.1,7.6,9.4,9.3,7.8,7.5,1,0,3.9,0.5,2,9,7.8,9.6,10.4,9.3,9.2,8,9.6,8.8,10.4,7.6
Cox's Bazar ,2023,4,2.5,7.5,9.8,10.1,10,9.8,10.6,10.5,10.4,10.3,9.9,10.9,10.9,10.4,10.5,9,8.4,8.3,8.2,8.2,7.7,9.6,5.6,9.5,11,11.3,11.4,11.3,10.8,10.7,
Cox's Bazar ,2023,5,8.7,5.4,3.6,1,10.5,6.3,9.8,11.2,10.8,11,11.3,2.9,0,0,10.3,8.9,4.3,8.9,11.5,5.4,11.5,11.4,11.2,0.8,9.5,6.1,11.4,11,11.4,9.7,9.7
Cox's Bazar ,2023,6,4.3,10.7,10.8,11.1,8.2,3.4,0,0.7,2.4,0,0,5.1,6,7,3.2,0,3.7,10.1,7.7,7.7,8,4.9,5.9,0.2,4,0.1,0.1,5.3,8.3,8.8,
Cox's Bazar ,2023,7,11.6,8.7,4.8,9.5,5.9,2.5,1.9,7.3,10.2,0,7.4,7.6,1.7,0,1.6,8.3,8.9,7.8,9.4,8.6,8.5,10.9,10.4,11.7,10.3,4.4,7.5,8.4,7.6,9.1,3.4
Cox's Bazar ,2023,8,3.1,0.7,1.8,0.2,5.7,0,0,0,0.1,2.5,2.3,0,1.8,4.5,5.1,5,9.9,8.3,10.4,5.9,0.7,0.6,3.1,1.3,0.1,1.9,0,6.4,9.4,4.6,6.3
Cox's Bazar ,2023,9,4.8,1.7,3.9,4.2,5.3,4.3,4.6,0,9.1,6.4,5.6,8.8,5.7,0,9,8.5,8.2,5.2,5.2,8.3,7.5,10.9,9.7,7.6,10.8,9.2,8.4,4,1.2,5,
Cox's Bazar ,2023,10,10.2,4.4,0.1,3.1,2.9,0.5,9.3,9.6,10,9.4,2.9,0.3,5.8,8.5,9.5,10.3,10.4,10.6,10.7,10.2,10.6,2.9,0,0,7.5,10.7,10.4,9.6,10,9.4,10.1
Cox's Bazar ,2023,11,9.5,9.6,9.9,6.2,5.7,9.8,9.5,9.1,9.7,9.8,9.9,9.8,10.5,8.1,3.5,0,0,5.4,9.7,2.7,2.1,10,9.8,9.8,9.8,9.8,10,9.9,5.6,7.9,
Cox's Bazar ,2023,12,9,1.6,5.9,0.4,0.3,6.1,3.4,1.9,8.1,8.6,7.6,8.6,7.2,8.7,8.9,9.1,9.1,9.1,9.4,9.1,8.6,7.2,4.5,8.7,8.2,6.5,8.4,8.2,8.6,9,9.1
Cox's Bazar ,2024,1,9,8.9,7.7,6.1,8.8,9.2,9,9,8.7,9,7.3,9.1,7.7,5.2,5.7,8.7,9.1,7.6,5.5,8.6,6.2,9.1,9.1,0,0,8.6,4.9,8.7,8.3,9.4,7.8
Cox's Bazar ,2024,2,8.3,2.8,7.4,9.2,8.7,9.6,0,9.3,9.8,9.9,9.9,7.9,7.9,8.3,9.3,10,9.6,9.8,9.9,9.2,2.1,8.3,6.6,7.3,10.1,6.1,10.3,8.4,10.3,,
Cox's Bazar ,2024,3,10.4,9.9,9.9,9,10.1,10.3,10.5,10.7,10.2,10.2,10.5,9,8.2,7.3,7.8,8.6,9.6,9.7,1.6,10,0,8.2,9.5,9.5,8.9,9.8,10.2,9.1,5.4,9.3,8.6
Cox's Bazar ,2024,4,9.5,7.6,8,9.1,8.4,7.9,5.9,10.1,10.7,10.3,10.2,7.9,11.7,9.4,10.1,10.3,7.6,6.7,9.6,9.6,4.2,10.1,10.1,10.7,10.5,10.1,9.6,9.1,8.7,9.1,
Cox's Bazar ,2024,5,8.1,5.3,9.3,7.6,9.1,4.9,6.8,0,11.4,6.5,9.6,9.7,11.9,11.9,11.6,11.1,11.5,10,10.3,5,10.2,11.2,11.6,12.1,4.3,2.5,0,0,6.8,9.2,5.9
Cox's Bazar ,2024,6,11.9,6.6,4.6,7.8,9.8,6.4,0.5,2.9,8.8,8.5,9.2,0,1.7,0,1.6,0,0,5.3,0,4.3,3.6,10,4.7,2.5,4.2,5.8,4.3,5.1,5.1,0,
Cox's Bazar ,2024,7,0,0,0,0,0,4.8,7.7,6.9,1.1,3.8,0,0,5.8,11.1,8.9,6.1,8.4,9.8,10.8,9.7,0.7,1.5,1.9,4.4,2.3,0.4,5.5,4.2,0,0,0
Cox's Bazar ,2024,8,0,0,0.4,1.6,4,3.5,3.3,0,4.4,6.2,0.2,4.3,4.9,7.7,7.3,0,1.2,0,0,5.2,4.1,0,0.9,2.3,0,0.1,3.6,7.8,9.4,11.2,6.4
Cox's Bazar ,2024,9,11.1,6.6,7.8,9.7,4.3,9.5,9.1,9.5,8.9,5.4,2,2.5,0,0,0.5,6.5,10.8,7.5,10.4,9.5,6,8.5,3.4,5.2,0,7.8,8.8,8.1,6.2,7.3,
Cox's Bazar ,2024,10,3.4,0,0.8,0.8,7.8,5.3,9.2,10.4,10.8,9.5,9.9,9.8,10,10,10.3,8.9,9.5,9.7,7.3,8.6,8.9,5.2,0,3.6,9.7,8.1,9.5,9.7,9.4,8.1,9
Cox's Bazar ,2024,11,6.4,9.4,9.5,9.5,8.2,3.4,9.4,9.4,9.4,3.7,9.2,9.3,9.3,9.3,9.3,9.3,9.3,9.3,9.2,9.1,9.1,9.1,8.8,8.8,8.7,9.1,8.5,6,3.1,6.4,
Cox's Bazar ,2024,12,9.2,2.6,8.5,9,8.5,8.6,8.6,9.1,8,8.6,8.6,8.6,6.8,6.3,7.8,8.8,7.6,8.3,5.7,5.2,0,8.4,8.9,6.7,0.2,8.4,8.8,8.9,8.6,8.6,8.5
St.Name,Year,Mo,1,2,3,4,5,6,7,8,9,10,11,12,13,14,15,16,17,18,19,20,21,22,23,24,25,26,27,28,29,30,31
Feni        ,2022,1,8.1,6.4,5.7,5.3,6.3,5.3,8,8.9,7.6,6.9,7.2,0,0.9,0,0,6.3,7.2,6.4,3.9,0,5.7,1.7,4,0.3,7.3,0,0,7.2,7,5.8,6.4
Feni        ,2022,2,6.3,3.9,3.6,5.9,4.4,8.8,8.1,8.9,8.4,4.4,7.2,8,8.9,8.7,8.4,8,9.4,9.3,9.4,6.6,8.4,7.7,5.7,8.3,7.5,9.2,8.7,6.9,,,
Feni        ,2022,3,9.5,10,10,9,8.3,10.1,9.2,8.4,8.1,9.1,9.5,9,9.1,8.5,8.4,8.8,8.8,8.4,8.5,9.2,9.3,8.4,6.9,5.7,6.9,0,3.1,7.7,4.1,4.6,7.8
Feni        ,2022,4,6.9,3.6,6.9,8.4,7.6,9.3,9.1,9.5,9,9.6,5.5,7.4,8.8,3.8,4.2,3,5,9.1,9.9,2.6,7.7,8.3,8.2,9,7.9,7.6,8.8,8.6,8.6,6.7,
Feni        ,2022,5,9.9,6.2,1.4,3.1,8.5,7,9.1,10,0,0.9,1.7,4.4,0,9.8,8.9,8.9,6.8,7.7,7.6,8.1,3.8,7.9,6.7,7.3,5.3,7.4,6,4.7,2,0.6,2.1
Feni        ,2022,6,4.6,1.5,0,0.2,6.3,9.5,7.8,1.7,1.8,0.4,7.3,4.3,2,0.8,0,2.2,0,0,0,0.4,0.4,10.5,6.8,7.2,9.4,11.3,10.9,4.6,0,0,
Feni        ,2022,7,7.1,11.4,10.5,12,5.9,3.5,9.7,2.3,11.7,11.7,7.6,10.8,11.4,11.1,9.5,9.1,11.5,3.5,2.8,1.6,11.4,7.9,3.7,0,1.8,1.5,9.2,4.6,6,9.4,7.4
Feni        ,2022,8,4.5,5.5,0,8.7,10.5,5.6,10.5,4.9,9.4,0,9.1,10.4,3.9,3.5,4.3,3.9,9.6,7.9,1.8,8.4,10.4,6.6,8.5,6.4,8.4,6.1,0,5.8,9.8,10.2,10.6
Feni        ,2022,9,4.1,1.9,7.4,2.8,0.5,1.4,5.4,8.8,7.4,3.7,2.5,0.3,0,0,2.1,0,9,6.5,7.9,9.1,9.5,9.5,1.3,1,6.1,3.7,7.7,6.6,8.8,4.7,
Feni        ,2022,10,3.3,1.4,8.1,9.7,7.3,9.6,10.5,7.8,7.7,5,9.4,6.8,6.3,9,10.1,9.9,6.9,8.8,7.9,10.1,10.1,10.2,0,0,4.7,9,9.9,9.9,9.3,8.8,9.7
Feni        ,2022,11,9.8,9,6.5,8.2,9.3,9.2,7.6,8,8.5,8.9,8.9,9.5,9.1,9.2,9.6,9.5,9.3,9.4,9.2,7.2,9.4,9.1,8.9,8.9,9.1,9.4,8,5.4,5,7.6,
Feni        ,2022,12,9,8.4,8.8,8.8,9.3,8.8,8.5,7.9,9.2,6.9,8.9,8,6.9,6.4,2.4,3.3,5.8,8,7.9,7.4,7,7,6,7.2,7.8,8,1.9,0,6,5.2,6.6
Feni        ,2023,1,8.4,8.1,8.2,6.4,2.1,0,0,3.9,6.4,8.2,8.3,8.3,7.7,5,3.4,5.5,6.4,3.4,8.1,8.8,8.2,8.4,8,8.6,7.4,0,7,7.3,7.7,8.9,6.6
Feni        ,2023,2,4,8.7,7,7.8,7.2,8,8,7,4.9,8,8.7,3.7,8.8,9.5,8,7.7,8.2,6.4,5.4,3.2,0,5,3,4.6,8.7,9.2,4.5,7.3,,,
Feni        ,2023,3,9,8.9,9.5,8.8,8.8,8.8,9,5.7,1.9,3.1,8,9.5,9.4,4.7,0,1.1,0,0,0,2.9,4.6,8.6,6.8,7.4,9.4,6.2,2.9,4.4,2,6.7,6.4
Feni        ,2023,4,0,9.9,8.9,8,6.7,8.4,9.2,9.6,9.5,9.5,9.5,9.7,9.2,10.1,9.6,9,7.2,7,7.5,7.8,2.2,9.2,3.5,9.4,10.8,10.4,10.5,9.4,9.8,8.2,
Feni        ,2023,5,6.7,10.6,1,0,8.5,8.1,10.9,10.7,10,10.1,9.5,9.7,0,0,8.9,10.2,2.3,2.2,9.6,9.3,9.3,10.4,6.6,0,7.1,9.6,3.9,7.5,10.7,9.6,10
Feni        ,2023,6,10,9.3,8.2,6.3,9.1,7.4,0,0,1.3,0,0,2.8,7.5,4.5,1.8,2.6,0,2.8,0,2.6,3.1,0.4,5.1,5.2,9.7,0,0,2.7,3.1,1,
Feni        ,2023,7,3,2.8,7.5,9.8,8.2,5.8,2.6,8.2,0.6,1.5,0.5,1.7,6.4,5.8,8.6,4.5,2.5,3.1,12.1,11,7,10.8,11.2,8.2,6.9,7.5,0.6,7,6.9,10.8,10.3
Feni        ,2023,8,4.6,0.9,0,0,3,0,3,0,4,0,1.2,1.6,0,2.1,0.2,2.3,8.8,10.2,9.2,7.2,6.1,0,1.9,3.8,3.7,0,0,1.9,7.4,7.9,4
Feni        ,2023,9,3.5,3.2,7.5,6.2,7,4.4,5.1,0.4,8.4,4.3,3.1,7.7,7.8,2.6,9.2,8.4,9.2,3.1,0.3,2.3,3.8,1.8,6.3,8.8,8.7,9.7,4.2,6.3,3.4,5.9,
Feni        ,2023,10,9.1,4,2.7,1.4,0.9,0,0,1.6,6.9,5.8,2.7,3,6.6,6.8,7.9,9.4,9.8,8.9,8.6,9.5,10,8.9,0,0,6.8,6.9,6.8,9.4,8.9,9.9,8.2
Feni        ,2023,11,9.7,9.5,9.2,6.4,6.7,9.3,8.9,7.7,9.2,9.5,9.5,9.5,9.5,9.2,6,0,0,0.1,6.5,6.9,0,7.5,8.1,7.8,8.9,9.2,8.5,8.6,0.2,8.7,
Feni        ,2023,12,9.1,8.3,5.7,0,0,0,0,2.4,6.4,4.4,5.2,0.4,5.8,7.4,7.7,7.6,7.7,8.1,8.4,8.2,7.7,5.4,2.9,5.9,6,5.9,7.9,3.6,8,8.3,8.6
Feni        ,2024,1,5.2,5.6,2.7,2.2,6.1,6,8.3,7.6,5.1,5,7.4,0,0,0,4.1,0.1,5.1,0,6.4,4.2,2.2,2.5,3.2,2.2,4.3,6.1,2,6.6,7.6,5.8,0
Feni        ,2024,2,0,4.6,6.9,6,0,0,7.1,7.9,7.6,6.7,3.7,7.9,2.5,4.1,3.9,3.9,1.7,7,0.5,0,0,0,0,0.1,0.5,0.8,0.4,0.5,0.3,,
Feni        ,2024,3,9,8.9,8.2,4.2,8.6,9.4,8.2,9.8,9.5,9.8,9.2,7.4,4.5,0,7.2,7.3,7.9,5.3,0.8,8,0.9,2.5,6.5,7.4,6.2,8.5,6.8,1.4,0,5.9,4.7
Feni        ,2024,4,7.3,2.8,7.1,6.8,0.9,8.4,0,5.8,5.5,4.6,1.1,9.6,8.6,9.5,9,8.6,6,5.9,9.7,9.4,8.1,5,6.7,9.4,10.1,9.4,8.9,7.9,8.1,7.8,
Feni        ,2024,5,7.7,5.9,9.1,9.9,10.2,4.9,6.8,2.2,8.9,7.6,3.9,5.8,9.6,10.4,10.5,7.1,9,2.1,2,5.5,9.7,9.4,11.3,11.6,10.2,0.3,0,0,5.9,6.6,3.3
Feni        ,2024,6,10.3,8,3.2,3.3,8.3,3,0,2.9,0.4,0,8.7,0,0,0,1.4,0.9,0,0,0,1.3,0.9,6.7,5.2,4.3,6,0.8,7.7,1.9,0,0.2,
Feni        ,2024,7,0,0,0,0,0,5.4,8.3,2.7,0.5,3.1,1.8,0.8,7.1,9.7,8.8,8.7,6.7,9.1,8.9,8.5,8.7,0,2.3,3.5,7.8,6.2,8.9,8.5,4.7,0,4.2
Feni        ,2024,8,0,0,0.2,5.8,5.2,4.2,3.5,1.1,0,0,0,0,8.1,9.1,9.7,0.3,0,0,0,0,0,0,3.8,6.3,0.1,2.7,4.9,3.7,7.2,9.6,9.5
Feni        ,2024,9,6.9,3.5,7.4,8,7.2,6.2,8.4,9.5,10.1,4.7,8.6,2.7,0.4,0,0,8,9.5,5.7,8.8,7.1,0,7.9,4.3,3.3,0.8,0.4,9.1,8.4,7.8,0,
Feni        ,2024,10,2.2,0.4,0.1,3,0,8.1,4.5,6.5,7.4,3.3,7.7,3.1,6.9,8,6.8,1.6,0.5,3,2.5,7.5,7.1,9.2,0,2.8,5.9,8.8,7.7,8.9,8.9,5.4,6.8
Feni        ,2024,11,4.9,7.9,9.3,8.6,6.1,4.5,9,9.8,9.8,7.1,8.3,8.7,9.3,9.4,8.7,8.2,5.8,8.5,8.8,9,8.8,7.9,7.3,5.8,6.6,6.1,7.6,0,0,0,
Feni        ,2024,12,7.6,0.7,8.1,8.5,6.1,7,8,7.7,7.2,5.3,6.8,0,3.4,5.4,7.4,7.8,2.5,4.9,5.8,5.3,0,7.3,8.2,7.9,1.7,8.2,8.4,7.9,6.6,6.6,5.9
St.Name,Year,Mo,1,2,3,4,5,6,7,8,9,10,11,12,13,14,15,16,17,18,19,20,21,22,23,24,25,26,27,28,29,30,31
Hatiya      ,2022,1,9.2,8.3,8,8.1,7.6,7.4,8.8,9.6,8.8,8.5,8.2,0,0.6,0,0.2,8.8,8.7,8.6,5.1,5.8,7.5,0.8,6.9,0.3,8.4,0,0.9,8.5,8.5,8.2,8.6
Hatiya      ,2022,2,6.1,8.6,8.4,7.4,2.5,10,9.4,9.6,9.2,7.8,8.2,9.4,9,10,9.9,9.5,9.3,9.4,9,6.2,7.7,9,8.1,6.8,9.4,8.8,8.9,4.6,,,
Hatiya      ,2022,3,9.2,9.5,9.8,9.6,8.3,9.6,9.7,8.4,8.1,9.3,9.4,10,9.3,8.4,9.4,8.8,8.7,8.8,8.8,10,9.6,8.3,8.2,6.2,6.5,0.1,0.9,7.3,6.8,6.7,8.2
Hatiya      ,2022,4,6.6,5,7.4,7.8,8.2,8.6,8.9,9.2,8.4,9.5,6.8,7,7.6,3,1.1,5.1,7.3,8.9,8.9,8.5,7.4,6.9,7,9.6,8.7,9.5,9.4,9.1,8,7.8,
Hatiya      ,2022,5,9.2,5.3,5.3,3.2,6.1,7.5,9.7,10.6,0,0.4,0.6,3.5,5.7,7,7.6,9.6,10,8.6,9.5,5.3,5.5,7.6,9.2,7.8,9.9,7.5,0,3.7,0,0,6.2
Hatiya      ,2022,6,0.6,0.1,0.6,0,0.3,6.6,8.6,0.1,0,4.8,1.7,0.4,1.7,1,0,0,0,0,0,0.6,5.7,1.3,3.3,9.2,4.1,6.1,8.6,11.4,1.7,0,
Hatiya      ,2022,7,4,3.4,2.8,4.6,8.9,9.3,9.7,7.8,10,8.9,8.2,11.2,11,11,9.6,11.1,8,1.1,7.3,1.4,9.8,4.5,0,0,0,1.1,8,5.7,6.5,10.3,6.6
Hatiya      ,2022,8,1.4,5.3,2.1,9.9,9.9,6.2,10.7,6.2,5.2,0.8,0,6.3,2,0,5.1,8.7,10.8,9,0,8.6,8.1,9.1,6,2.5,9.9,0.9,0,7.1,8.6,6.6,7.9
Hatiya      ,2022,9,4.2,3.5,8.3,1.7,0,4.3,5.8,9.3,9.6,6.1,1.2,0,0,0,4,1.8,7.1,6.3,8.2,3.1,7.7,8.3,4.4,3,2,0.6,6.7,5.4,9.8,3.5,
Hatiya      ,2022,10,1.3,5.7,1.5,8.4,10.1,9.6,10.5,8.4,3.9,6.4,7.5,6.2,5.3,9.7,9.1,9.8,8,9.1,8.6,9.4,6.7,10.3,0,0,5.9,10.2,9.2,9.9,10.5,9.8,10.1
Hatiya      ,2022,11,9.9,9.3,7.9,6.7,9.1,10.2,9.3,9.5,8.9,9.1,4.3,9.6,7,8.3,10.1,9.9,9.4,9.7,9,8.7,9.9,9.4,9.4,9.5,10.3,9.9,8.2,3.7,7.6,8.3,
Hatiya      ,2022,12,8.3,9.2,9,9,9.4,9,8.7,9.1,9.3,7,8.9,7,6.9,5.8,5.3,7.3,2.6,6.8,7.5,7.5,5.3,6.6,6.5,7.5,7.6,6.7,2.7,2.5,6.2,5.3,6.9
Hatiya      ,2023,1,5.9,8,8.4,6.5,3.9,3.3,6.1,6.7,6.7,9.2,8.7,8.6,8.2,5.9,2,6.6,8.2,2.2,9,8.7,8.7,8.7,8.1,8.4,8.3,4.6,7.4,8.7,9.2,9,7.9
Hatiya      ,2023,2,5.2,9.1,9.9,8.6,8.6,8,4.6,8.2,6.5,6.9,8.3,6,9.8,9.5,9.4,8.4,8.4,8.2,7.3,5.8,5.6,8.5,7.6,6.4,7.2,10,8.8,8.7,,,
Hatiya      ,2023,3,8.9,9.2,9.5,9.3,8.7,8.6,9.6,6,8.2,3,9.3,9.6,10.2,5.9,5.5,3.3,0.5,0.2,0.4,0.2,4.2,6.9,2.9,9.5,8,7.5,1.2,5.4,5,6.1,3.8
Hatiya      ,2023,4,0.2,9.5,8.1,10.1,6.3,7.8,9,10.4,9.8,9.8,9.2,10.4,9.6,10.5,9.6,8.4,9.3,8.2,9.8,9.5,3.3,9,3.3,5.4,10.9,9.6,10.1,7.5,7.9,7.5,
Hatiya      ,2023,5,****,****,****,****,****,****,****,****,****,****,****,****,****,****,****,****,****,****,****,****,****,****,****,****,****,****,****,****,****,****,****
Hatiya      ,2023,6,7.2,10.6,8.7,5.2,10.4,4.6,0,0.8,0.5,0,0,1.7,6.6,8.5,0,0,0,0,0.4,3.9,8.5,1.8,0,0.7,7.8,0,0,2.2,1.5,5.9,
Hatiya      ,2023,7,5,6.1,7.7,10,9.5,3.4,2,5.9,4.7,0,0.7,2.5,1,1,3.4,3.3,4.4,9.6,11.1,10.9,8.9,11.6,10.8,8.3,10.7,6.6,4.6,6.1,6.7,10.7,4.2
Hatiya      ,2023,8,1.3,0.7,6,0,0,0,0,0,0.1,0,10.3,0,0.1,1.7,0.2,4.7,9.6,8.3,10.5,11.2,2.6,0,1.7,0.6,0,0,0,2.6,7.4,5.4,7.6
Hatiya      ,2023,9,3,0.7,8.5,6.1,3.9,7.5,6.3,0,7.9,7.6,5.2,7.5,7.9,0,7.5,6.9,10.5,4.7,6.7,0,1.7,2.8,6.8,9.6,10.6,6.3,4.3,5.3,1.5,4.2,
Hatiya      ,2023,10,9.9,7.3,0,0,0,2.2,3.1,9,6.5,5.4,6.4,2.6,6.7,8.5,6.5,8.3,9.8,9.2,8.2,9.9,7.9,7.6,0.2,0,7.4,7.4,9.6,9.3,9.4,9.1,8.2
Hatiya      ,2023,11,9.5,9.3,9.1,7.5,5.2,8.2,6.9,8.9,7.5,9,7.2,9.7,9.4,3.5,7.3,0,0,5,8.2,7.3,0,6.5,7.3,8.8,8.4,10.3,9.1,9.3,1.7,9.5,
Hatiya      ,2023,12,9.3,6.6,8.6,4.4,0,1.8,1.5,3.1,8.5,7.1,5.1,5.4,6.4,9.2,8.1,8.7,7.6,8.7,8.1,8,7.5,7,6.7,7.2,3.9,4.3,3.8,3,7.4,9,8.7
Hatiya      ,2024,1,0,8.2,5.3,6.8,9,8.2,8.6,8.7,6.7,6.6,6,4.3,4.2,1,8.5,7.5,7.8,2.3,7.3,7.9,2.6,8.1,4.6,1,0,7.8,6.4,8.4,8.7,9,0
Hatiya      ,2024,2,1.8,2.1,5.3,7,7.7,1.1,0,8.3,0,8.8,7.8,6,6.8,5.4,7.2,5.9,8.7,8.9,8.1,1.1,0.1,3.9,1,0.8,2.6,9,8.8,7.8,8.2,,
Hatiya      ,2024,3,9.9,9.8,9.2,8.2,8.7,10.1,9.8,10.1,10.4,10.4,10.5,9,7.3,2.4,5.5,9.4,9.3,5.8,2.1,8.7,1,6.1,9.5,8.6,8.5,9.8,9.5,7.1,2.4,5.9,6.3
Hatiya      ,2024,4,7.8,4.7,8.9,9.2,3.5,9.3,3.1,9.6,10.2,9,8.3,7.9,10.2,8.9,10.6,9.7,5.9,7.7,10.2,10.1,4.4,5.7,10.6,10.8,10.8,10.3,9.6,8.6,10,9,
Hatiya      ,2024,5,7.9,5.5,7.2,8.2,9.6,7.2,5.1,1.7,9.4,6.4,4.4,3,8.9,11.6,10.7,8.4,11,5.3,2.7,2.5,9.8,10.7,11.2,12.5,5.2,2.1,0,0,2.1,5.9,5
Hatiya      ,2024,6,8.7,10.4,5.6,0.1,7.5,0.9,0,1.8,5.5,6.3,7.1,0,0.9,0,0.6,1.9,0.3,1.8,0,0,4,8.3,6.5,0.6,7.1,7,6.7,3.7,0,0,
Hatiya      ,2024,7,0,0,0,1,0,6.8,8.6,2.7,1.8,3.8,0.3,0.1,7.8,11.2,9.1,8.2,10.8,7.7,10.5,8.7,4.2,0,0,5.5,7.6,3.3,4.3,7.7,3.7,0.5,2
Hatiya      ,2024,8,0,0,0,0,1.2,6.3,1.4,0.4,0.9,0,0,0.9,7.1,6.7,8.3,0,0,0,0,0,0,0,0.8,5.5,0,0.7,5.3,4.1,9.3,10.8,8
Hatiya      ,2024,9,9.1,8,2.8,11.1,5.1,6.6,10.6,11.1,10.8,6.6,4.4,3,0,0,0,8,9.3,7.7,7.9,8.7,0,9.1,4.3,7.9,0,0,7.5,9.1,8.7,7.7,
Hatiya      ,2024,10,3.2,0,0,0,0.2,7.5,4.6,8.8,9,7.9,0,7.1,7.2,8.1,7.5,3.2,0.7,6.8,2.5,3.7,8.8,9.1,0,1.4,5,6.3,6.6,7.8,6.3,7.7,8.3
Hatiya      ,2024,11,5.1,7.6,8.7,8.9,4.5,5,9.6,10.1,10.3,7.3,9.7,9.1,9.3,9.6,9.1,7,7.5,9.2,10.2,9.8,9.2,8.2,6.8,4.7,5.1,6.9,7.6,2.5,5.7,5.3,
Hatiya      ,2024,12,0,0,0,0,0,0,0,0,0,0,0,0,0,0,0,0,0,0,0,0,0,0,0,0,0,0,0,0,0,0,0
St.Name,Year,Mo,1,2,3,4,5,6,7,8,9,10,11,12,13,14,15,16,17,18,19,20,21,22,23,24,25,26,27,28,29,30,31
Kutubdia    ,2022,1,8.6,9,8,9.2,9.1,8.9,8.8,9.3,9.5,9.4,8.2,4,1.1,1.5,0.9,9.1,9,8.7,8.9,6.9,8.1,7.5,9.1,0,7.8,9.6,3.3,8.9,8.5,8.4,8.7
Kutubdia    ,2022,2,9.3,9.3,9.3,9.4,2.3,10,9.9,9.7,8.7,10,9.5,9.1,9.9,10,9.9,9.4,8.7,9,8.9,7.9,8.1,8.4,9.5,9.3,9.6,11,10,10.2,,,
Kutubdia    ,2022,3,10,9.9,10.1,10.1,0.2,10.2,9.9,9.8,9.7,10,9.5,4.3,10.7,10.9,8.6,8.7,9,8.5,8.9,10.2,10.2,9.7,7.6,8.8,6.3,0,0.7,2.6,7.5,6.5,8.3
Kutubdia    ,2022,4,9.3,8.4,8.9,8.8,8.2,8.9,10,9.4,9.4,10.1,8.6,9.1,9.1,6.2,0.7,9.7,10.7,8.3,10.4,4.8,7.7,10,8.5,9.7,9.6,6.4,8.9,9,9.4,8.4,
Kutubdia    ,2022,5,9.6,2.3,4.7,0.8,5,6,9.7,7,0,0.1,3,6.2,3.6,7.1,8,9.9,10.2,9.9,10.8,3.1,1.9,10.4,0,0.1,6.3,7.2,1.3,8.1,4.9,0,5
Kutubdia    ,2022,6,3.2,0,2.8,0.9,10,9.5,9.4,4.1,0.4,3.1,7.2,10.2,4.7,3.6,4.7,0,0,0,0,0,0,8.1,8.8,0,3.8,9.7,9.6,3.5,5.3,0.1,
Kutubdia    ,2022,7,2.6,1,6.4,9.7,1.4,6.6,9.4,10.5,9.7,10.3,8,10.9,10.7,11.4,6.9,12,10.1,6.5,9.9,0,7.4,5.9,1,0,1.3,8.5,11.7,5.4,11.4,7.7,8.4
Kutubdia    ,2022,8,8.9,8.6,7.9,5.2,8.8,6.4,0,4.9,2.7,2.3,3.2,0,3.6,0.6,8,9.5,9.5,10.1,0.2,9.9,9.4,8.4,1.3,7.2,11,0,0,7.8,6.8,9.8,6.5
Kutubdia    ,2022,9,7.8,1.7,0,2.7,3.3,7,6.4,9.7,4.5,0.7,0.5,0,0,0,3.6,7.5,9.6,7.3,8.1,7.4,7.7,9.3,7.7,4,2.5,4.7,9.4,7.9,9.2,0,
Kutubdia    ,2022,10,6,3.6,5.5,6.6,9.2,8.8,10.5,9.9,7.3,0,8.9,9.2,10,10.4,0,10.1,9.1,8.8,9.5,10.2,10,10.6,0,0,9,9.2,10.1,9.6,10,10.2,10.2
Kutubdia    ,2022,11,9.7,10.6,3.1,6,9.5,9.3,9.4,9.5,9,9.9,10,9.3,10.2,10.1,0.2,8.9,11.2,10.4,8.7,9.8,7.7,9.8,9.3,9.8,8.9,9.5,1.9,8.7,8.6,8.9,
Kutubdia    ,2022,12,7.8,9.5,8.8,11.7,8.3,8.7,4.3,9.5,7,4.4,6.4,9.4,6.5,8.3,3.4,6.5,9.1,7.4,6.8,8.1,8,3.8,5.6,8.6,8.8,0,6,8,0,7.7,8.9
Kutubdia    ,2023,1,6.4,8.7,3.4,7.6,5,0,0,5.6,5.9,9.6,1.6,9.7,8.6,8,3.8,8,9.1,2.3,7.4,9.7,10.2,9.7,4.3,9.6,8.7,5.3,5.3,8.6,8.7,9.1,9.5
Kutubdia    ,2023,2,9.9,9.1,1.9,6,9,7.8,6.4,9,9,3.3,9.3,5.7,10,6,11,4.9,9.1,5,6,4.7,3.2,4.4,8,5.6,8.7,2.8,9.9,9.9,,,
Kutubdia    ,2023,3,8.8,10,9.9,7.4,9.8,2.4,10,8.2,6.9,2.3,8.5,4.8,9.8,3.9,5.9,1.5,0.5,1.8,0,0.7,8.1,3,8.9,6.2,9.4,5.9,3.8,8.6,8.7,3.3,5
Kutubdia    ,2023,4,2,9.6,1.8,10.4,3.4,10.3,5.2,11.2,4.2,9,7.6,10.3,6.1,10.5,9.2,8.8,6.8,8.2,9.8,0.7,10.2,3.5,6.4,10.2,6.6,12.2,8.1,0.3,6.1,10.4,
Kutubdia    ,2023,5,1.2,9,11.4,2.8,7.7,9.5,6.1,11,5.7,11.8,3.4,5.5,0,0,10.4,9.8,7.5,9.6,10.8,10.7,3.6,11.2,1.4,6.8,4.4,0,4.5,11.9,11.8,11.3,6.1
Kutubdia    ,2023,6,11.4,6.1,11.1,7.6,10.5,6.2,2.6,0,2.7,0,7.6,5.7,5.3,6.6,0.3,3.8,0,7.7,5.2,11,10.8,6.5,2.5,0,3.6,0.6,0,5.7,11.2,6.9,
Kutubdia    ,2023,7,5.8,9.5,4.4,6,9.7,0.5,6.3,7.5,3.4,0,4.6,0,3.3,0,0,7.1,5.2,11.8,12.2,0.3,6,6.2,5.9,12.1,6.7,8,0,0.2,5.3,10.3,0.3
Kutubdia    ,2023,8,1.1,0,0,0,1.2,0,0,0,0.1,0,9.7,5.5,4.4,3.5,4.2,2.9,11,4.7,10.3,6.6,0.2,0,0.9,0,0,0,0,5.9,9.2,11,7.3
Kutubdia    ,2023,9,3.3,6.9,2.8,3.7,3.7,4,6.7,0,9,3.3,4.5,7.2,7,0,0,9,9.7,0,1.6,8,9,9.9,7.3,9.4,10,7.7,4.4,1.5,3.8,6.7,
Kutubdia    ,2023,10,9.9,1.2,2.7,1.4,0.4,0,9,5.6,8.8,6,7.4,0,8.3,4.1,8.7,6.1,10.2,4.2,10.3,6.4,10.3,0,0,0,7.9,10.2,9.8,10.1,6.4,10.1,4.6
Kutubdia    ,2023,11,9,4.8,10,0,7.2,5,8.9,4.1,9.7,10.1,9.7,8.9,4.2,8.2,3.7,0,0,3.3,11.4,4.2,3.7,7.2,9.8,8.7,0,7.1,9.6,6.5,5.1,7,
Kutubdia    ,2023,12,7.8,0.8,7.3,0,0.2,4.8,4.6,0,7.1,6.8,7.3,0.8,8.6,9,7.5,3,7.7,6.7,5.3,9.3,0,8.6,3.2,7.8,5.7,6.2,7.8,8.8,8.4,9.6,6.5
Kutubdia    ,2024,1,9.4,5.9,5.9,8.9,5.1,9.8,5.5,8.9,4.1,10.4,4.6,7.6,4.5,8.6,7.5,9.4,4.6,9,5.4,8.3,5.5,6.2,1.1,2,6.4,6.4,5.5,9.5,2.8,6,5.9
Kutubdia    ,2024,2,0,3.9,5.9,9.2,6.6,8.5,0,0,7.6,10,6.2,9.3,5.5,9.5,0,9.9,5.5,9.9,6.1,8.9,6.4,3.9,0,6.7,3.6,9.6,5.7,9.1,7.9,,
Kutubdia    ,2024,3,10.2,6.4,9.5,10.1,8.2,6,10.4,6.8,10.4,9.5,10.4,9.6,6,7.7,7.3,9.3,6.2,9.3,0,10.4,10.4,5.8,5.6,9.5,6.6,9.8,7.8,9,4.8,7.9,5
Kutubdia    ,2024,4,6.5,2.2,8.8,10.4,8.7,6.5,6.9,9.2,6.8,10,7.3,1.3,3.8,6.9,10.1,5.3,7.3,5.3,9.3,5.5,6.6,4.3,10.5,5.4,10.8,6.5,10.1,3.4,9.2,9.2,
Kutubdia    ,2024,5,8,4.1,8.9,7.9,10.9,6.1,5.2,0,0,4.4,8.3,10.4,11.7,11.9,10.8,6.3,10.6,5.6,10.1,4.1,11.9,8.1,0,10.8,5.9,0,0,0,7.2,0.6,7.4
Kutubdia    ,2024,6,7.2,8.4,5.7,5.5,6,9.3,0,1.9,5,9.8,1.8,0.2,1.6,0,2.4,3.7,0,0,0,1.9,4.2,10.8,5.9,7.1,0,1.2,1.7,6.3,0,0,
Kutubdia    ,2024,7,0,0,0.6,0,0,4,4.8,2.4,0,0,2.7,5.6,12,6.1,11.3,1.3,5,6.9,9.3,0,0,0,0,3.1,4.6,4.9,0,0,0,0,0
Kutubdia    ,2024,8,0.9,1.5,0.7,1.1,1.1,0,7,6.4,10.3,5.1,0,5.9,9.2,5.1,8.7,7.6,7,8.7,1.3,8.9,0.6,7.5,6,0,6.3,9.6,3.5,9.2,0.6,8.9,0
Kutubdia    ,2024,9,7.5,7.3,6.3,9.5,5.5,7.7,7.8,8.9,4.1,4.2,1.4,2.2,0,0,0,5.9,9.3,5.8,10.4,9.4,6.1,4.9,7.4,2,4.1,4.8,9.5,9.2,7,4.5,
Kutubdia    ,2024,10,0.9,1.5,0.7,1.1,1.1,0,7,6.4,10.3,5.1,0,5.9,9.2,5.1,8.7,7.6,7,8.7,1.3,8.9,0.6,7.5,6,0,6.3,9.6,3.5,9.2,0.6,8.9,1.6
Kutubdia    ,2024,11,8.1,1.8,9.5,5.5,11,9.8,6.8,9.9,9.6,4.8,10.1,2.8,10.1,4.9,10.1,5.6,9.7,6,10,6.2,9.5,5.6,9.5,3.4,9.2,5.4,8.3,8.5,0,2.8,
Kutubdia    ,2024,12,8.2,1.4,9.5,9.1,5.2,5.5,9.7,7.8,6.8,4.6,9.1,7.7,0,6.1,8.7,9.8,8.9,8.4,4.4,6.4,9.7,0,7.8,5.8,0,6.6,2.5,9.4,8.7,8.6,7.5
St.Name,Year,Mo,1,2,3,4,5,6,7,8,9,10,11,12,13,14,15,16,17,18,19,20,21,22,23,24,25,26,27,28,29,30,31
M.court     ,2022,1,8.5,6.9,6,6,5.2,5.9,8.7,8.9,8.6,8.1,8.2,0,1.3,0,0,8.7,8.6,8.2,6.6,6.5,6.5,1.7,3.8,0.3,8.1,0.7,0.7,7.9,6,7.9,8.1
M.court     ,2022,2,5.8,5.8,4.2,5.6,4.8,9.9,9.2,9.5,9,6.9,8.5,9.3,10.2,10.1,9.5,9.6,9.9,9.5,9.3,5.8,8.9,6.2,7.7,7.1,8.8,9.3,9.2,9.1,,,
M.court     ,2022,3,9,9.3,9.7,9.3,8.9,9.5,9.4,8.7,8.2,9.2,8.9,7.7,9.3,8.3,8.2,9,9.3,8.7,8.6,9.8,9,8.3,8.4,5,6.1,0,3.3,7,6.4,6,7.7
M.court     ,2022,4,7.6,3.6,5.6,8.9,7.6,9.1,9.3,9.4,9.4,8.4,5.3,4.1,8.8,3.8,5.3,3.7,5.7,8.7,10.3,1.8,5,8.4,6.5,9,8.1,7.9,9.5,8.1,8.6,5.9,
M.court     ,2022,5,10.3,5.6,1.5,2.3,6.2,9.3,6.8,10.4,0,1.9,0.9,3.3,3.5,8.4,8.9,9.8,8.7,8.4,9,8.2,5.3,8.9,9.4,5.5,3.8,9.6,4.8,2.3,0,0,0.7
M.court     ,2022,6,3.1,0,0.4,0,5.4,8.2,5.9,0.6,0.4,5.2,6.7,7,4.8,0,0,1,0,1.2,0,0.8,1.9,5.3,5.8,9.1,5.5,6.7,11,3,0,0,
M.court     ,2022,7,4.5,8.8,6.3,8.6,7.6,7,8.1,5.1,10.2,12.6,4.7,12.2,11,12.2,8.8,11.3,9.1,2.7,4.3,0.2,8.4,7.1,1.1,1.3,0.2,1.6,8.1,4.1,3.6,9,8.5
M.court     ,2022,8,2.2,6.9,3.3,8.1,9.3,6.5,11.1,5.1,9.1,0,3.2,5.3,4.2,0.2,1.5,8,8.3,8.8,1.1,8.1,9.5,5.3,7.4,5.5,8.7,3.1,0,0.2,8.2,11.6,9.9
M.court     ,2022,9,1.5,1.7,5.7,1.3,0.4,2.9,5,9.5,7.1,3.3,2.1,0,0,0,4.2,1.7,7.7,3.9,8,6.5,7.5,8.9,2.1,0,1.2,3.5,2.5,4.5,7.9,3.9,
M.court     ,2022,10,4.3,0.1,3,10,10,10.2,10.2,9.7,9.1,4.9,7.2,6.8,7.7,7.9,10.2,10.3,8.3,6.1,4.5,9.8,9.7,10.3,0,0,6.2,10,9.8,10,9.8,9.8,9.6
M.court     ,2022,11,9.2,8.7,6.4,9.3,8.7,9.9,9.3,8.4,8.9,9.3,8.7,9.3,8.3,9.1,9.2,9.3,9.3,9.3,9.4,9.1,9.3,9,8.8,9.4,9.2,9.5,8.1,6.3,6.7,7,
M.court     ,2022,12,8.2,9,8.9,8.8,8.5,8.2,8.4,8.1,8.9,8,8.6,8,5.9,4,5.5,3.2,3.4,7.3,7.8,6.6,7,6.9,6.8,7.9,7.7,8.1,2.4,0,7.3,5.8,5.8
M.court     ,2023,1,7.8,5.7,8.3,6.1,2.6,0,0,0.7,6.3,9,9.2,8.3,8.3,5.9,4.5,5,7.8,2.8,8.3,8.4,8.4,8,6.9,8.4,8.3,0,6.7,8.2,8.3,8.9,7.7
M.court     ,2023,2,3,7.7,8.6,8.4,8.3,8.1,6.4,8.9,4.7,6.9,8.7,5.8,9.7,9.9,8.7,8.4,7.9,7,5.7,0,5.9,4.8,4.8,4.3,7,9.2,8.8,7.8,,,
M.court     ,2023,3,8.6,9,8.6,9.2,9.1,9.3,8.8,4.2,0,2.3,7.7,9.4,9.4,5.5,0,0.8,0,0.5,0,2.2,3.5,8.1,4.1,8.6,6.6,8.2,1.6,7.3,4.3,4.6,3.8
M.court     ,2023,4,0,10.2,9.9,9.8,4.7,8.1,9.1,10,9.6,9.1,9.5,9.9,9.6,9.5,9,7.2,6.3,8.3,7.7,7.5,4.2,7.7,1.8,7.8,11,10.5,10.2,10.2,9,0,
M.court     ,2023,5,4.1,9.8,0,0,8.3,6.6,9.6,10.7,10.4,10.8,10.9,8,0.3,0,11.1,10.2,3.2,2.4,7.5,9.4,7.9,10.6,6.5,0,6.3,10.1,6.3,8,10.4,10.6,9.6
M.court     ,2023,6,8.7,9.9,7.2,7.6,7.9,7.7,0,0,1.1,0,0,4.7,8.5,5,0,1.5,0,1.4,0.3,3.4,4.2,1.1,5,5.9,10.1,2.3,0,2.6,4,3.5,
M.court     ,2023,7,4.3,3.3,7.7,10.3,9.6,3.1,4.8,3.8,3.7,0.3,0.2,1.8,3.5,3.3,6.2,4.6,7,7.6,12.3,10.4,9.3,11.7,12,7.9,7.5,8.9,0.4,9.3,6.2,11.1,8.7
M.court     ,2023,8,3.3,1.4,0,0,0.5,0,0,0,2.6,0.3,0.9,1.3,0,0.2,0.4,2.1,8.8,11.2,8.2,6,5.9,0.1,0.3,0.8,2.5,0.2,0,0.8,7.5,5.3,1.9
M.court     ,2023,9,0.5,0.6,5.1,7.2,0,3.2,4.3,0,8.7,4.7,4.2,6.8,8.6,4.1,9,8.1,7.7,5,0.9,0,3.2,0.9,5.6,6.9,8,8.9,2.9,6,1.1,4.8,
M.court     ,2023,10,10.3,6,1.3,0,0.3,0.1,0,1.1,6.9,4.7,4.8,4.1,7.6,7,5.7,9.4,8.9,7.5,9,9.3,10,8.3,0,0,8.6,6.1,8.5,9.6,9.5,9.6,8.2
M.court     ,2023,11,10.2,9.7,9.1,6.4,6.8,9.2,8.6,8.2,9,9.1,9.6,9.4,9.7,9.1,6,0,0,0,6.5,6.5,0.1,8.3,7.5,8,8.3,9.4,8.5,8,0.2,9.4,
M.court     ,2023,12,9.3,8.2,3.6,0.2,0,0.2,0.3,0.3,5.8,5.1,4.8,2.3,6.3,8,8.3,8.1,8,8.1,8.6,9,6.2,8.1,5.4,7.1,5.4,5.1,4.7,3.7,8,8.7,7.2
M.court     ,2024,1,5,6,3.8,4.4,7.1,6.2,6.1,7.2,5.9,5.8,6.1,2.5,0.1,0,4.9,1,5,0,7,6.3,2.1,4.4,3.1,3,6.2,5.5,5.7,8.5,8,7.9,0
M.court     ,2024,2,1.6,2.9,6.8,8.2,6.8,0,0,9.1,9.6,8,8.9,5,8.2,4,7.3,6.5,8.7,8.5,7.3,1.1,3.5,4.2,1.3,3.2,6.3,9,8.3,7.7,9,,
M.court     ,2024,3,9.8,9.5,8.9,4.3,9.4,10.1,9.3,10,9.8,10.1,10.1,8.6,7.1,0.4,6.4,6.9,7.6,5.9,0.8,8,0.3,6.5,7.4,7.7,7.4,8.9,7,2.8,0.9,5,4.3
M.court     ,2024,4,7.9,3.2,7.5,8.5,3.2,8.5,0,7.7,7.1,6.5,3,9.5,9.1,9.8,9.4,9.1,6.5,6.5,9.4,10.1,7.8,5.7,8.8,9.6,10.8,9.9,9.6,9,9.4,10.5,
M.court     ,2024,5,8.1,6.5,10.2,9,10,4.6,5.6,1.6,9.6,7.6,1.8,4.1,9.4,11.1,10.8,8.3,10.4,3.1,2.9,3.3,10.2,9.5,11,10.7,9.2,1.3,0,0,5.1,4.4,2.1
M.court     ,2024,6,9.6,9.6,7.1,2.6,6.8,2.4,3.3,3.2,1.2,2.6,7.1,0,0.1,0,3.2,1.5,0.5,0,0,0,1.3,3.6,4.3,2.7,5.5,0.4,5,1.5,0,0.6,
M.court     ,2024,7,0,0,0.5,1.5,0,6.1,7.5,4.4,0,2.6,0.6,0.8,6.6,9,8.6,8.8,8.6,8.1,8.1,7.1,3.4,0,1.2,3.5,6.3,3.4,8.7,7.5,3.9,0.7,3.5
M.court     ,2024,8,0,0,0,3.3,2.2,4.1,0.9,0.4,2,0.1,1,0.4,8.3,7.1,8.5,0,0,0,0,0,0,0,2.1,6.4,0,0,3.7,2.2,10.6,9.4,8.6
M.court     ,2024,9,5.7,3.4,3.8,9,4.7,5,8.2,10.6,10.1,3.6,8.5,6,0.3,0,0,7.4,9.3,5.4,9.5,8.5,0,10.1,2.3,5.7,0,0,6.9,9.5,8.8,2.4,
M.court     ,2024,10,2.7,0,0.1,1.5,0,7.8,6.2,6,6.7,4,9.9,2.9,5.7,9,7.2,3.6,1.4,4,2.7,7.8,7.8,10,0,1.4,5,8.1,7.6,9.3,9.1,5,8.4
M.court     ,2024,11,4.9,8,9,8.6,3.6,4.2,8.2,9.8,9.7,7.9,6.9,7.8,9.9,9.4,8.9,7.2,5.7,8.5,9.7,9.3,9,7.3,4.7,3.1,4.9,5.8,8.2,5.4,7.1,5,
M.court     ,2024,12,7.4,1.1,8.6,8.8,4.6,7,8.9,8.2,7.1,6.1,5.9,0.1,2.3,5.3,7.4,8.6,3.4,5.1,6.8,6,0,8.3,8.4,6.9,1.4,8.4,8.9,7.9,7.1,7.8,7.2
St.Name,Year,Mo,1,2,3,4,5,6,7,8,9,10,11,12,13,14,15,16,17,18,19,20,21,22,23,24,25,26,27,28,29,30,31
Rangamati   ,2022,1,8.6,9.1,7.7,8.4,7,7.8,8.7,8.2,7.7,8,7.6,1,3.1,0,0,7.7,8.1,7.5,7.6,0.5,6.1,3.1,6.7,0.7,7.5,0.7,0.6,6.9,7.7,7.1,4.8
Rangamati   ,2022,2,5.9,7.3,7.8,8,2.7,9.3,8,7.6,9,8.5,7.5,7.3,9.6,9.1,9,9.1,9,9.5,9.4,7.1,7.7,7.3,8.9,9.3,9.3,9.8,8.6,8.9,,,
Rangamati   ,2022,3,9.9,10.4,10.3,10.3,5.8,10,9.1,9.5,9.3,9.8,9.5,9.6,9.7,9.7,9.1,8.9,9.2,8.4,8.4,9.3,9.6,8.7,8.1,7.9,8.6,0.6,1.8,7.1,8.7,7.8,8.1
Rangamati   ,2022,4,9.2,7.5,5,5.3,9.4,9.7,7.9,7.3,9.3,8.8,8.1,7,7.5,4.8,0.7,7.7,8.7,8.9,9.7,1.6,8.7,9.4,8.6,8.6,9.6,9.2,10,9.8,9.5,7.9,
Rangamati   ,2022,5,9.1,8.1,4.2,2.8,6.5,10.4,10.2,6.8,0,0,4.5,6,4.5,5.8,10.4,10.4,7,0.9,9,4.2,2.6,8.7,0.2,1.1,5.8,8.4,5.2,3.6,1.4,1.4,3.2
Rangamati   ,2022,6,3.7,0.2,3.1,0.4,7.4,8.9,8.3,1.6,3.5,5.8,8.6,3,2.8,3.8,2.2,0,0,0,0,0.5,2.1,3.8,6.4,4.5,7,9,7.5,3.7,3.7,1.9,
Rangamati   ,2022,7,1.5,8.3,6.8,10.7,6.5,7.5,11.3,7.9,7.8,10.9,7.4,9.7,10.5,11.4,9.9,10.1,8.7,2.1,6.7,1,6.8,5.9,1.9,1.3,0.3,7.1,9.2,2.6,10,6.9,4.8
Rangamati   ,2022,8,5.3,9.2,3.1,10.7,8.9,5.1,9.8,8.8,8.5,2.2,5.4,6.8,2.4,3.3,7.1,6.2,8.7,9,4.5,8,9.6,6.3,7.5,7.8,9.8,2.3,0,5,9,7.1,6.9
Rangamati   ,2022,9,3.1,7.4,5.5,4.9,2.4,8.6,6.9,9.2,5.7,5.1,2.7,0.7,0.1,0,8.3,5.9,8.3,5.9,7,8.6,6.5,7.5,1,3.9,5.3,4.9,6.1,7.6,8.2,1.6,
Rangamati   ,2022,10,3.1,2.1,8.5,6.8,9.1,8.6,9.1,6.9,4.9,4,8.5,6.6,7.3,8.4,9.8,8,7.9,7.6,9.6,9.6,9.7,9.1,0,0,5.6,6.9,8.1,6.9,8.4,6.8,7.9
Rangamati   ,2022,11,7.5,7.5,7,6.2,7.7,7.9,7.9,8.6,7.6,8.5,7.6,7.4,9.1,9,9.2,9.6,9.3,9.4,8.1,9,9.5,9.4,8.8,8.3,5.7,7.4,8.2,3.4,5.4,6.3,
Rangamati   ,2022,12,5.3,9.1,8.7,8.9,8.9,9.1,9.2,6.6,8.3,7.7,8.3,7.7,6.7,6.2,5.9,6.3,7,8.2,6.9,6.8,6.4,6.6,6.7,7.1,6.7,7.5,5,2.5,4.1,5.8,7.3
Rangamati   ,2023,1,7.7,0.6,7.2,7.4,5.3,2.5,4.4,4.1,6.6,9,9,8.6,7.4,7.8,7.1,7.5,7.3,7.5,8.7,8.7,8.9,8.3,9,9.3,8.3,8.3,7.2,7.8,6.5,8.1,9
Rangamati   ,2023,2,7,6.8,9.1,8,7.6,7.9,8.1,9.3,8.8,8.3,9.1,8.8,9.8,7.8,8.6,8.2,8.7,8,5.5,4.8,2.9,7.5,9,9,8.3,10.6,9.8,10.4,,,
Rangamati   ,2023,3,9.6,10,6.5,9.3,9,9.2,9.3,3.3,7,3.8,9.3,9.6,9.7,6.9,5,4.3,1.7,0.7,0,2.7,1.4,3.3,6.5,8.8,8.6,9.2,1.6,7.2,3.3,7.8,3.2
Rangamati   ,2023,4,0,8.1,9.1,7.7,5.3,8.5,9.9,10,9.4,9.4,8.5,9.7,9.9,10.2,9.6,9.2,7.9,6.5,8.2,9.5,3,7.5,2.8,8.6,9.8,9.6,10.5,9.3,9.6,8.1,
Rangamati   ,2023,5,6.4,7.7,0.6,0.3,9.4,8.8,9.5,10.6,11.5,10.6,10.3,6,0,0,6.5,10.6,5.9,2.6,10.4,7.8,9.5,10.7,8.5,0,8.1,8.8,10.6,10.9,11.5,8.7,8.9
Rangamati   ,2023,6,7.5,10.2,7.3,9.1,9.6,8.8,2.6,2.5,1.8,0,0,4.6,6.2,1.5,0,0,0,4.6,4.2,10,10.1,3.9,7.2,1.8,8.6,1.4,0.4,2.1,7.1,3.6,
Rangamati   ,2023,7,5.6,9.8,7.9,5.7,10,3,5.2,5.7,3.2,0.7,1,0.5,5,1.4,11.1,6.5,7.7,9,10.7,9.8,4.2,10.4,9.1,8.2,8.8,8.3,0.9,3.9,9.5,10.9,8
Rangamati   ,2023,8,0.2,0,0,0,0,0,0,0,0,0,0,0,0,7.4,1.6,0.2,8.8,7.6,8.4,7,0.1,0,0.8,9,2.1,0,0,4.8,7.6,6.5,5.7
Rangamati   ,2023,9,4.4,3,3.9,4.4,2.9,7.2,4.7,0.4,9.4,6.7,6.1,7,7.3,0.7,8,7.9,7.2,3,7.2,3,7.9,7.4,8.4,9.1,8.3,9.8,6,7.4,3.7,4.4,
Rangamati   ,2023,10,7.9,8.4,3.2,4.5,0.1,0.1,8.2,3.8,7.8,8.5,6.1,0.1,6.4,8.3,8.8,9.9,8.9,10.2,9.9,7.4,9.9,8,0,0,0.4,7.8,9.9,8.5,9.6,8.3,10
Rangamati   ,2023,11,8.6,7.2,10.4,7.9,8,8.3,7,8.3,8.1,7.6,9.6,5.3,9.6,0,8.5,0,2.7,0,8.8,6.9,0,7,6.3,6,7.7,7.3,9,7.6,3.7,7.6,
Rangamati   ,2023,12,7.3,7.1,6.8,4.2,0,0.1,0.2,2.5,6.5,3.8,1.9,2.6,6.4,8,8.1,6.2,8.5,8.4,9.2,8.9,6.4,5.5,5.1,2.3,7.1,7.5,0.3,7.3,7,8.7,8.8
Rangamati   ,2024,1,9,7.9,5.1,5.8,2.4,5.9,7.6,9.5,8.7,5.8,6.8,4.7,3.8,5.7,3.3,7.2,7.4,5.6,8.3,9.7,7.3,7.8,5.6,1.3,0,7.3,5,9,9.6,9.5,0
Rangamati   ,2024,2,4,2.7,5.3,9.6,8.7,5.5,0.7,10,6.8,9.8,9.2,10.4,9.7,9.4,1,9.5,8.6,8.5,10.1,9.1,2.8,8.7,0.9,3.1,6.8,10.6,10.7,10.5,9.1,,
Rangamati   ,2024,3,9.4,10,8.9,7.7,8.7,9.9,10.3,9.9,10.1,10.1,10.1,8.8,8.8,4.4,5.5,9.3,9.4,9,2.5,9.5,0,3.7,8.6,8.6,6.3,8.1,7.6,0.6,1.6,6.7,4.5
Rangamati   ,2024,4,7,6.5,8.6,7,7.5,9.3,0,9.1,9.3,9.6,8,5.5,9.4,9,9.3,9.1,5.5,6.2,8.4,8.4,5.9,3.2,7.6,9.5,9.6,7.7,9.1,7.8,6.6,7.9,
Rangamati   ,2024,5,4,2.7,5.3,9.6,8.7,5.5,0.7,10,6.8,9.8,9.2,10.4,9.7,9.4,1,9.5,8.6,8.5,10.1,9.1,2.8,8.7,0.9,3.1,6.8,10.6,10.8,10.5,9.1,0,0
Rangamati   ,2024,6,10.1,10.4,6.9,1.2,9.6,7.4,0.4,1.7,3.9,4.8,7.1,0,2.2,0,3.4,5,0.8,0,0,1.1,3.6,11.2,4.6,0.9,3.7,2.7,6.1,2.4,1.8,0,
Rangamati   ,2024,7,0,0,0,1,1.1,3.9,7.1,2.8,3.2,0.1,2.6,2.5,6.4,10,5.4,5.9,7,7.2,8.7,10.8,5.8,2.9,2.5,3.2,9.4,9.6,7.8,7.4,5.2,1.6,1.8
Rangamati   ,2024,8,0,0,1.6,2.4,0,7.2,4,1,3.3,0.9,0.6,0.7,8.6,8.6,6.7,0,0,0,0,0,0.8,0,2.4,5.3,0.1,5.5,0,5.2,5.8,7.8,7.2
Rangamati   ,2024,9,6.9,6.7,7.6,8.8,8.1,5.9,6.5,8.2,5.7,6.7,5.6,4.4,0.2,0,0.1,8.8,7.1,3.1,8.1,8.1,0.9,6.6,4.1,4.1,2.6,8,8.5,6,3.6,3,
Rangamati   ,2024,10,1.3,1.6,2,2,4.4,5.5,5.2,2.6,8.1,2.4,4.3,5.3,7.8,8.1,8,7.1,2.2,5.3,2.9,6,6.6,4.6,0,3.9,5.3,9.3,7.4,9.3,7.6,8.2,5.6
Rangamati   ,2024,11,3.3,7.2,7,8.1,8.3,3.2,7.1,9.6,9.7,7.6,8.2,9.2,9.2,9,9.5,9.1,8.8,8.1,9.2,4.3,8.5,8.6,7.7,7.3,7.2,7.5,8.5,6.9,6.9,6.9,
Rangamati   ,2024,12,7.1,1.4,7.4,9.2,6.9,8.4,7.4,6.9,7.1,7.4,6.4,0.5,0.8,0.5,0.5,0.6,0.7,0.7,0.9,0.8,0,0.9,0.8,0.8,0.1,0.7,0.6,0.7,0.3,0,6.9
St.Name,Year,Mo,1,2,3,4,5,6,7,8,9,10,11,12,13,14,15,16,17,18,19,20,21,22,23,24,25,26,27,28,29,30,31
Sandwip     ,2022,1,9,8.3,6.8,7.9,6.8,6.7,8.9,9.3,8.6,7.5,7.2,0.2,0.8,0,0,8.1,8,8.2,7.7,3.1,5.5,1.3,5.1,0,8.8,0,0,8.3,7.4,5.6,4.5
Sandwip     ,2022,2,6.8,5.8,6.1,6.9,1.3,9.4,8.4,9.1,8.6,7.1,6.8,8.2,9.5,9.5,9.2,8.6,9,9.4,9.2,6.6,8.3,8.4,8.2,8,9,9,9.4,7.4,,,
Sandwip     ,2022,3,9.6,9.9,10,9.5,8.2,9.2,10.6,9.2,7.1,9.5,9.4,9,9.5,9,9,8.8,9.2,9,8.9,10.6,8.7,8.5,8.3,7.9,8.7,0,1.3,5.8,7.4,7.4,9.2
Sandwip     ,2022,4,8.8,5.6,9.1,8.2,9.2,9.2,9.6,8.6,9.5,9.4,7.2,6.3,8.8,3.7,1.2,5.3,6.6,8,9.2,1.3,1.7,5.4,5.4,8.5,7.8,8,7.5,7.5,7.7,6.2,
Sandwip     ,2022,5,8.3,7,1.8,0.3,6.2,7.9,7.9,7.1,0,1.7,1.3,2.1,1.8,5.6,7.8,8,9.1,8.1,8.5,5.3,4.5,7.7,4.4,2.6,7.8,7.4,1.2,1.1,0.6,0,4.2
Sandwip     ,2022,6,5.9,0,0,0.3,7,8.5,7,3.9,0.1,6.6,4.9,6.8,6.8,4,0.1,0,0,0,0,0.7,1.5,4.4,9.9,3.4,8.7,10.9,10.6,5.3,0.1,1,
Sandwip     ,2022,7,4.4,7,9.9,12,6.1,7.3,10.9,7.8,9.8,11.2,9.4,11,10,10.2,7.9,10.6,9.7,3,8.8,0,10,5.7,0.5,0,1.2,3.4,9.5,4.4,9.3,11.3,8.4
Sandwip     ,2022,8,3.6,6.1,5,7.8,8.1,5.7,11.1,6.7,9.3,1,4.5,6.3,1.9,0,0.9,3.8,8.5,8.1,0.7,6.5,9.7,5.1,6.6,1.9,9.3,0.9,0,6.7,8.5,7.6,11.2
Sandwip     ,2022,9,2.1,4.8,7.3,1.4,0.1,6,6,9.3,9.1,5.5,3.8,0,0,0,5.7,2.2,5.6,7.4,9,7.5,9.3,10.6,7.5,3.1,3.4,2.4,5.7,6.2,8.7,4.4,
Sandwip     ,2022,10,1.1,2.3,6.7,8.2,8.9,9.8,10.6,8.2,7.1,2.9,5.7,6.4,4.5,7.1,9,9.9,6.4,8.2,7.8,10.1,10.5,10.3,0,0,5.2,10.4,10.3,10.4,9.6,9.9,9.8
Sandwip     ,2022,11,10,9.7,7.2,7.2,9.6,9.9,9.4,8.4,9.1,10,8.8,9.3,9.6,9.3,9.8,10.1,10,9.7,8.9,7.8,9.9,9.9,9.5,9.7,10,10.2,7.1,3.8,7.2,8.6,
Sandwip     ,2022,12,9.2,9,9.2,9.3,9.7,9.1,8.7,9.6,9.7,7.6,9.2,8.6,8.6,7.1,6.2,6.2,6.4,7.4,8.1,7.5,7.4,7.4,8,8,8,8.2,3.7,2.7,6.9,7.8,7.1
Sandwip     ,2023,1,8.8,8.6,8.6,8,5.8,4.4,1.8,2.9,6.9,9,9.2,9.2,8.6,7.3,3.8,6.7,7.2,4.4,8.8,9,8.7,8.7,8.1,8.6,7.7,2,7.4,8.3,8.3,8.9,8.3
Sandwip     ,2023,2,5.1,8.5,9.1,8.6,8.1,8,7.2,7,6.5,6.3,8.4,6.5,9,9.4,8.8,7.9,7.6,8,6.4,6,0.7,8.3,6.9,6.3,7.4,9.8,8.7,8.4,,,
Sandwip     ,2023,3,9.1,9.4,9,8.8,8.8,8.9,9.6,5.5,7.9,4.4,9.7,10.4,10.4,6.7,5.9,5.8,3,1.1,0.4,1.2,1.8,5.6,5.4,9.2,8.9,7.5,0.5,6.7,5.7,3.7,1.6
Sandwip     ,2023,4,0.1,8.9,8.6,9.2,6.5,8,9.8,10.3,9.9,9.6,9.2,10,9,9.8,9.6,9.3,8,9.1,7.9,7.9,2.9,8.4,4.1,6.2,9.8,9.8,9.7,6.6,8.3,6.7,
Sandwip     ,2023,5,4.7,10.3,0.4,0.4,6.2,5.7,8.5,10,10.4,10.6,10.9,6.3,0,0,9.7,9.8,4.2,2.1,9.3,8.8,9.2,10.8,7.9,0,5.3,8.3,7.5,10.2,10.8,10,9.1
Sandwip     ,2023,6,5.8,10.4,8.3,8.4,7.3,4.7,0,0.2,0.8,0,0,4.1,7,6,0,0.1,0,5.4,0.2,10.2,9.3,4.5,5.3,3.7,8.8,1.3,0,4.3,6.4,3.4,
Sandwip     ,2023,7,5.7,8.6,10.2,11.1,9.6,4.9,6.2,5.8,5,0,2.2,2.2,4.9,1.1,5.1,3.8,4.6,7.9,11,10.7,8.4,10.1,10.7,8.9,10.3,8.7,2.9,8.1,7.2,9.6,6.9
Sandwip     ,2023,8,2.2,0,3.1,0,0,0,0,0,0.3,0.9,1.7,0,0.5,4.4,2.8,1.3,8.6,10.6,9.1,7.5,2.5,0,0,0,1.9,0,0,2.1,7.8,5.3,7.5
Sandwip     ,2023,9,2.9,2.5,8.3,3.9,1.9,5.4,5.9,0,7.2,5,4.1,8.9,8.6,2.1,9.7,9.3,6,4.2,7.8,0,6.1,4.3,6.4,8.8,9.4,9.4,6.5,4,1,6.5,
Sandwip     ,2023,10,10.4,6.1,0.5,1.4,0,0.5,6.2,3.2,7,5.4,3.9,2.2,5.9,5.9,8.4,9.3,10,9.7,9,9.6,9.9,7.2,0,0,3.2,7.2,8.1,9,8.9,8.8,7.7
Sandwip     ,2023,11,9.3,9.7,9.3,7.9,7.2,8.9,7.5,7.5,8.7,9.4,9.5,9.7,9.4,8.8,7.5,0,0,0.6,8.6,5.8,0,8.7,8.2,9.3,9.9,10.3,9.1,8.9,4.6,9.8,
Sandwip     ,2023,12,9.9,7.5,6.7,3.1,0,0,2.2,4,8.7,7.1,6.7,3.5,7.4,8.4,8.7,8.9,8.7,9.3,9.3,9.3,8.6,4.3,6.5,7.5,7.9,7.3,8.2,2.9,8.5,8.8,9.5
Sandwip     ,2024,1,8.1,7.8,5.5,5,9.4,7.9,8.5,8.9,6.8,7.2,7.7,4,6.7,1.1,5.3,5.5,7.2,3,7.9,8.4,4.9,7.2,6.4,1.7,0.7,8.2,5.1,5.7,1.8,5.1,0
Sandwip     ,2024,2,0,0,2.6,4.7,7.1,5.2,2.1,7.9,10.2,9.4,9.1,6.4,8.8,7.5,9.2,8.8,8.7,9.7,9.4,7.9,4.1,4.2,1.8,4.6,5.6,10,10.2,9,9.4,,
Sandwip     ,2024,3,9.5,9.9,8.9,7.5,9,9.3,9.3,10.2,10.2,10.4,10.2,9.4,6.8,2,5.6,8.5,9.3,7.6,4.7,9.4,1,7.2,7.9,7.7,7.7,7.7,8.9,4,3.4,4.2,6.2
Sandwip     ,2024,4,7,6.5,8.6,7,7.5,9.3,0,9.1,9.3,9.6,8,5.5,9.4,9,9.3,9.1,5.5,6.2,8.4,8.4,5.9,3.2,7.6,9.5,9.6,7.7,9.1,7.8,6.6,7.9,
Sandwip     ,2024,5,6.5,3.5,9.3,9,8.8,6.3,4.2,2.5,9.5,6.6,5.4,4.6,10.1,11.4,10.6,4.7,8.3,3.8,0.1,3.1,9.9,10.7,9.8,9.2,6.9,1.3,0,0,2.5,8.4,2.2
Sandwip     ,2024,6,9.9,8.1,4.8,0.4,10.8,5.2,0.2,3.1,5,5.3,10.1,0,0,0,0,1,0,0,0,0,1.2,9.1,5.3,1.5,6.4,5.4,5.6,3.3,0,0,
Sandwip     ,2024,7,0,0,0.5,1,0,8.1,9.3,3.9,5.1,1.8,0,1.5,3.4,11.1,8.8,7.8,8.8,8.1,8.3,9.2,4.9,0.3,1.4,5.1,8.1,3.6,6,6.9,2.7,0.8,3.6
Sandwip     ,2024,8,0,0,3.3,4.3,2.7,4.8,3.9,0.8,2,0,0.3,0.1,8.4,9,9.6,0,0,0,0,0,0,0,1,4.5,0,0.2,4.3,4.4,9,9,8
Sandwip     ,2024,9,7.9,6.4,6.2,10.3,6.8,5.2,6.5,9.1,8.7,3.7,5.5,2.1,0.1,0,1,8.9,10,4.2,8.1,8.3,1.1,9.1,4.5,6.5,0.9,5.5,9.4,8.4,7.4,7.1,
Sandwip     ,2024,10,2.3,0,0,0.3,1.5,4.7,5.8,6.3,4.8,2.1,6.5,2.8,5.6,8.6,8.9,6.1,3.5,6.5,3.6,8,8.4,9,0,2.5,6.6,8.6,9.7,9.9,9.1,8.9,7.5
Sandwip     ,2024,11,4.5,8.9,9.7,8.1,4.9,6,7.8,10,10.3,6.4,8.9,9.5,9.3,10.1,9.7,9.2,8.6,9.1,9.7,9.4,9.2,8.9,8.3,6.7,7.4,7.1,8.2,3.4,7.2,6,
Sandwip     ,2024,12,8.7,0.8,8.2,9.1,6.9,8.5,9.1,8.8,6.8,5.6,7.6,6.8,5.3,6.5,9.7,9.6,4,6.8,7.7,6,0,8.8,8.2,4.3,0.1,7.5,8.6,7.4,7.1,7.4,6.8
St.Name,Year,Mo,1,2,3,4,5,6,7,8,9,10,11,12,13,14,15,16,17,18,19,20,21,22,23,24,25,26,27,28,29,30,31
Chittagong  ,2022,1,8.5,8.6,6.2,8.3,7.4,5.8,8.2,8.5,8,7.9,5.9,1.4,1.8,0.4,0,8.1,7.7,7.8,7.8,4.2,5.2,2.2,6.1,0,8.1,0,2.5,7.5,7.7,7.1,7.1
Chittagong  ,2022,2,7,8.2,8.2,7.7,1.5,8.7,8.2,8.3,8.4,7.9,8.3,8.4,8.8,9,8.7,8.4,8.7,8.5,8.7,7.1,7.9,8.7,8.7,8.7,8.9,9,8.7,8.6,,,
Chittagong  ,2022,3,9,10.1,9.2,9.1,3.6,9.3,8.8,9,7.6,8.8,9,8.9,9.1,8.7,6.2,7.4,8.5,7.4,7.4,9.1,9.7,8.5,6.3,6.8,8.5,0.9,3.1,5.7,6.1,5.9,7
Chittagong  ,2022,4,8.1,5.6,7.9,4.8,8.8,9,8.3,8.3,8.9,9.6,8.3,7.2,2.8,4.9,1.9,7.9,8.4,7.5,9,2.8,5.4,8,8.6,8.3,7.7,8.4,9.2,8.2,9.3,8.8,
Chittagong  ,2022,5,8.6,6,3.2,1.1,5.9,8.3,9.2,9.3,0.3,1.6,1.6,5.6,6.7,5.6,9.5,9.1,8.7,8.2,9.4,3.9,4.4,9.8,2.4,0.3,6.8,8.3,2.5,4.7,3.1,0,1.1
Chittagong  ,2022,6,5.3,0,1.8,0.4,9.4,8.9,8.2,2.2,1.4,3.8,6.9,7.8,5.6,5.1,1.7,0,0,0,0,0.7,0,6.8,9.2,2.4,6.3,8.9,9.5,7,1.7,3.9,
Chittagong  ,2022,7,4.5,7.4,5.3,10.4,6.5,7.2,9.1,9.5,7.8,10,6.7,10.1,9.6,9.3,6.5,9.4,8.1,3.5,6.2,1.1,7.7,5.4,0,0,0.3,5.2,10,1,9.9,7.1,8.6
Chittagong  ,2022,8,5.5,8.6,3.6,2.8,7.5,5.6,10,5.7,7.5,1.7,4.7,7.9,3.5,0.5,8.4,6.5,6.8,8.4,0.3,7.8,10.5,7.2,8.3,5.4,10.3,0,0,6.8,6.9,8,7.9
Chittagong  ,2022,9,5.7,3.9,8.5,3.5,0.2,9.2,7,7.2,7.6,5.3,3.6,0.6,0,0,5.9,5.4,8.6,7.5,6.4,8.3,6.7,6.4,1.7,5.2,3.3,2.4,6.5,5.9,8.7,0.4,
Chittagong  ,2022,10,2.4,3.6,5.8,7.8,9.8,9.1,9.1,5,7.1,3.8,9.1,8.2,8.1,8.1,8.9,8.9,7,7.4,9.1,8.1,8.3,9,0,0,6.3,8.1,8.5,8.9,8.5,8.7,8.3
Chittagong  ,2022,11,8.7,8.7,6.5,4.5,8.5,8.2,8.5,8.7,7.8,8.7,8.5,8.5,8.8,8.3,8.6,8.8,8.6,8.8,7.1,7.4,8.9,8.6,8.5,8.3,8.5,7.4,5.1,0.6,6.4,6.2,
Chittagong  ,2022,12,7.1,8.9,8.3,8.2,8.2,7.6,7.8,8.7,8.1,6.4,8.2,8.1,5.7,6,4.8,5.3,8.2,5.3,6,5.1,7.1,6.4,7.1,6.6,6.4,7.7,4.5,3.8,6.8,6.6,7.6
Chittagong  ,2023,1,7.8,7.9,8.3,6.7,5.6,0.3,1.7,2,5.8,8.1,7.4,8.2,7.3,4.8,3.5,7.8,6.5,3.8,5.7,8.2,8.4,8.1,5.9,8.2,7.5,4.5,6,7.5,7.5,8.5,8
Chittagong  ,2023,2,5,6.8,8.2,7.1,7.7,6.9,7.7,7.5,7.8,7.2,8.1,7.9,7.4,8.6,8.3,7.8,7.2,7.3,4.3,4.4,2.3,5.9,6.7,7.8,6.1,8.9,7.4,5.1,,,
Chittagong  ,2023,3,8.5,8.9,8.4,8.4,8.5,8.9,9.1,5.6,6.8,1.8,8,9,8.8,6.7,3.2,5.6,1.8,0.6,0.2,1.5,1.7,5,7,9.1,8.1,8,2.8,7.1,5.5,7.1,3.5
Chittagong  ,2023,4,0.3,7.9,8,8.6,7.2,8.4,9.3,9.2,8.8,8.5,8.6,8.4,9.3,9.1,8.6,9.3,6.2,6.7,5.5,7.9,2.6,7.7,5.1,8,9.9,10,10.5,7.7,8.3,8.1,
Chittagong  ,2023,5,6.4,9,0.6,0.2,5.5,4.3,9.3,7.3,6.9,9.9,7.4,2.1,0,0,9.5,9.8,6.1,1.2,9.7,5.5,8.6,8.6,7.8,0,3.9,5.3,7.7,7.1,4.9,6.9,6.1
Chittagong  ,2023,6,1.6,4.6,3.5,5.2,2.5,3,0,0,1.1,0,0,1.8,1.7,2,0,0,1,3.9,4.2,5.4,5.2,2,4.9,2.3,3.8,0,0.5,4.5,4.7,2,
Chittagong  ,2023,7,1.9,5.9,8.2,6.4,7.6,3.5,5.3,7.7,6.8,0.2,5.1,2.7,4.5,2.6,6.7,5.8,6.5,8.7,10,10.1,5.3,8,9.5,9.2,10.4,7.1,2.9,6.8,9.6,8.1,4.7
Chittagong  ,2023,8,3.7,0.5,0,0,0,0,0,0,0,0.4,0.9,0,0.3,3.8,1.4,3,7.3,7.9,8.4,7.6,1.1,1.5,2.2,2.2,0.5,0.3,0,4.9,7.8,6.2,6.6
Chittagong  ,2023,9,3.7,0.8,6,4.1,1.6,5.2,2.5,0,9.2,4.9,5.2,6.6,4.5,1.5,8.5,6.8,7.8,1.7,7.5,1.8,7,7.5,9.3,6.9,7.5,9.4,7.2,2.3,3.1,7,
Chittagong  ,2023,10,8.5,2.5,0.2,4.3,0,1.1,7.6,6.3,5.4,6.8,4,0.4,5.3,5.6,6.2,8.6,8.7,8.3,7.8,8.7,8.9,5.4,0,0,4.4,7.9,8.3,8.3,8.3,8.4,8.1
Chittagong  ,2023,11,8.5,8.7,8.4,6.8,5.1,8.4,6.7,6.2,8.4,8.5,8.2,8.4,8.1,7.8,4.2,0,0,2.7,7.3,6.9,0.2,8.1,7.9,8.3,8.3,8.5,8.7,8.5,3.5,7.8,
Chittagong  ,2023,12,8.6,5,6.9,1.8,0.4,0.9,2.2,4.5,5.2,5.9,4.7,3.2,7.1,6.5,7.9,6.8,7.3,8.2,7.8,8.1,7.1,3,6.8,6.1,6.9,5.3,7.4,6.1,7.8,7.7,7.7
Chittagong  ,2024,1,7,6.1,5.3,5.1,6.8,5.4,7.4,7.7,6.6,5,6.5,3.7,5.6,4.9,4.7,7.3,7,4.6,6.4,7.9,4.6,6,5.4,0.5,0.4,7.7,2,7.3,7.2,7.8,0.4
Chittagong  ,2024,2,2.5,3,3.1,7.2,7.8,5.9,0,8.1,8.3,8.1,7.9,4.1,6.7,5.2,7,7.7,7.4,8.2,7.5,6.2,0.7,6.8,3.4,2.5,2,8.4,8.6,7.5,6.6,,
Chittagong  ,2024,3,9.1,8.8,8.4,7,8.2,9,9,9.1,9,9.2,9.3,7.9,6.9,3.5,6.4,7.7,7.8,7.6,0.4,8.1,0,5.9,8.2,7.4,8.4,8.3,8.5,5.1,1.5,7.3,5
Chittagong  ,2024,4,6.6,2.8,7.7,7,4.3,6.9,3.1,9.3,9.4,9,7,3.4,9.9,8.2,8.5,7.7,5.6,6.9,8.3,8.9,4.8,5.8,8.3,8.2,9.3,8.2,8.3,7.6,7.9,7.7,
Chittagong  ,2024,5,7.1,3.4,10,9.4,6.8,6.4,5.2,0.9,8.7,7.8,4.4,6.8,9.1,9.7,10,6.7,9.8,6.9,0.7,4.8,6.4,10.7,10.7,9.3,5.2,1.8,0,0,2.4,6.5,5.3
Chittagong  ,2024,6,9.9,8.2,9.2,0.5,9.8,7.2,1,3,4.5,5.8,5.4,0.1,1.6,0.1,2.6,2.5,0.8,1.4,0,0,0.6,5.1,4,3.4,4,3.2,6.3,5.6,1.1,0,
Chittagong  ,2024,7,0,0.2,0.3,0.7,0.1,4.3,7.7,0.5,2.2,1,0.6,0.6,4.5,8,7.1,4.8,7.2,7.1,8.4,5.3,4.1,1.4,1.6,1.1,4.1,2.5,6.6,2.4,2.4,0,0.5
Chittagong  ,2024,8,0,0,1.2,1.6,0.3,2.4,1.9,2.4,1.3,0.8,0,0,3.9,7.2,6.2,0,0,0,0,0,0.5,0,1.9,1.2,0,2.1,1.6,3.9,7.6,8.6,7.7
Chittagong  ,2024,9,10.4,5.2,7.5,8.4,7,4.7,8.2,9.9,7.1,4.6,4.6,3.9,0,0,0.3,6.7,9.8,3,8,8.3,1.7,7.3,5.1,5.1,1.4,6.2,9.1,8.5,7.3,6.3,
Chittagong  ,2024,10,1,0.2,0.6,0.1,7.1,5,5.7,7.1,8.8,5.4,7.8,8.5,6.5,8.4,7.2,6.5,4.7,6.1,3.1,7.1,7.2,5.3,0.1,2.5,4.5,7.9,8.1,8.3,7.6,8.3,7
Chittagong  ,2024,11,7.6,6.6,8.5,7.4,6.9,2.7,8.6,8.4,8.6,5.4,8.5,8.2,8.7,8.7,8.6,8.6,8.4,8.6,8.5,7,8.1,8.4,7,7,7.1,8.1,7.7,6.2,4.1,5.5,
Chittagong  ,2024,12,8.3,1.4,7.9,8.6,7.3,7.4,7.5,7.7,6.2,6.7,7.7,7.3,7,5.2,7.3,8.4,5.5,4.6,7.6,6.8,0.1,8,8.3,4.7,0.5,6.8,7.9,7.9,5.7,7.5,6.9
St.Name,Year,Mo,1,2,3,4,5,6,7,8,9,10,11,12,13,14,15,16,17,18,19,20,21,22,23,24,25,26,27,28,29,30,31
Sitakunda   ,2022,1,8.4,8.3,8.9,9,9,9.1,9,9.3,8.5,7.9,8.2,0.8,3.7,0.1,0,8.4,8.3,8.7,8,3.9,7.2,2.5,5.6,0,8,0.1,1,8.3,7.6,6.3,6.6
Sitakunda   ,2022,2,7.4,8,8.5,6.7,1,8.8,8.5,8.5,8.5,7.9,7.7,8.7,8.8,8.8,8.7,8.4,8.3,8.8,8.7,6.1,8.5,8.8,8.5,9.9,9.9,10.3,10,9.4,,,
Sitakunda   ,2022,3,10.4,10.4,10.4,10.1,9.2,9.8,9.6,8.8,9.3,9.9,9.8,10.2,9.4,7.9,9.1,9.2,4.3,8.4,9.9,10.3,9,7.8,9.3,6.5,7.4,0,2.1,8.3,8.3,8.6,7.9
Sitakunda   ,2022,4,7.2,8.4,9.1,9.5,8.6,9,9.2,9,8.7,8,9.1,6.9,8.9,3.2,5.8,7.7,8.9,9.5,8.5,1.4,7.7,7.8,7.3,8.9,8.1,8.6,8.9,9.1,8,8.6,
Sitakunda   ,2022,5,8.5,8.1,3.7,0.9,7,8.9,6.6,7.8,0,1,2.3,5,1.7,8.9,8.2,8.4,8.6,7.7,8.6,6.3,3.1,6.8,3.8,1.6,7.2,8.5,2.2,1.9,3.5,0.3,4.5
Sitakunda   ,2022,6,4.4,0.8,0.7,0,7.6,8.2,7.7,3.8,0.6,5.4,3.7,5.4,6.1,2.9,1.4,0,0,0,0,0,2.6,2.1,7.6,4.3,6.5,7.8,8.5,6.3,0.4,0.8,
Sitakunda   ,2022,7,3.1,6.1,5.5,8,6.4,4.6,9,6.9,8.9,7.2,7.6,7.8,8.9,9.8,9,3.6,6.2,5.2,7.9,2.8,8.7,2.7,0.7,0,1.7,3.8,7.9,3.5,6.5,8.7,7.8
Sitakunda   ,2022,8,6.1,7.4,5.6,5.7,7.7,4.3,8.1,4,6.8,0.6,6,7,1.5,3.4,5.2,6.6,8.8,7.9,0.8,9.4,8.9,6.2,4.1,3.1,8.2,1.9,0,8.1,7.8,9,5.8
Sitakunda   ,2022,9,2.2,0,8.1,3.9,0.4,2.8,6.6,9.1,8.2,1.4,3.2,0.2,0,0.6,7.9,4.2,6.2,7.9,8.3,7.1,9.3,6.9,5.2,4,6.1,2,8.8,5.5,8,3,
Sitakunda   ,2022,10,8.6,1.5,8.3,0.5,8,6.3,8.2,7.6,6.3,4.7,6.5,9.5,9.5,9.5,9.5,9.4,7.9,6.8,8.4,9.5,9.5,8.6,0,0,3.5,9.7,9.7,9.3,9.4,9.5,9.4
Sitakunda   ,2022,11,9.9,9,7.2,9,9.6,9,9,8.7,9.1,9.5,9.2,9.6,10,9.8,9.9,9.8,9.6,9.6,9.6,9.4,9.5,9.6,9.4,9.2,9.5,7.9,6.6,4.8,6.9,8.8,
Sitakunda   ,2022,12,8.7,9.1,8.8,9.4,8.9,9.2,9.4,9.5,8.6,8.6,8.9,8.4,7.9,6.7,7.8,6.8,6.6,8,7.8,7.8,7.4,7.4,7.5,7.9,8.2,7.7,4.5,1.7,8.4,7.6,8.3
Sitakunda   ,2023,1,8.9,8.8,7.8,7.9,7.3,3.2,2.3,3.6,9.3,8.8,8.6,8.7,8,6.8,5.7,7.2,7.7,6.7,9,9.1,9.3,8.8,9.1,9.1,8.5,6,8.5,9.6,9.9,9,8.4
Sitakunda   ,2023,2,5.8,9.3,9,8.8,9,9.1,8.9,8.8,8.7,8.5,8.6,8.2,9.7,9.5,8.5,8.8,9,8,7.8,6.9,5,8.3,8.4,8,9.3,9.3,9.1,9.4,,,
Sitakunda   ,2023,3,9.4,9.1,9.7,9.6,8.6,9.1,8.6,3.8,6.2,3.3,7,9,9.2,5.8,0,2.6,0,1,0.5,1.8,3.2,3.9,6.2,9.7,9.3,8.9,1.2,7.3,2.5,7.2,1.4
Sitakunda   ,2023,4,0,9.4,9,7.3,3.1,8.2,9.1,9,8.9,8.9,9,9.3,9.5,9.4,9.1,7.2,7.4,7.5,8.7,8.4,0.1,7.7,6.4,8.5,9.3,8.8,8.8,7.2,8,6.6,
Sitakunda   ,2023,5,6.8,5.9,0.2,0.2,6.5,7.4,8.7,7.8,8.6,7.9,7.2,8,0,0,8.3,8.1,3,0.9,7.4,7.6,8.1,8.6,6.7,0.2,4.7,8.1,6.3,7.6,8,7.8,7.7
Sitakunda   ,2023,6,7.9,7.7,6.1,7.1,7.6,6,0.1,1.4,0.6,0,0,3.7,6.6,5,0,0,0,5.6,1,6.3,6.6,8.2,1.9,3.5,7.8,0.8,0,7,3.5,4.1,
Sitakunda   ,2023,7,3.8,7.7,7.4,7.1,4.3,7,5,6.6,0.1,0,3.1,4.4,4.8,4.3,5.7,3.8,3.5,7.7,7.5,7.5,6.5,6.9,7.9,8,7.8,6.5,4,5,7.4,8,7.2
Sitakunda   ,2023,8,3.3,1,0,0,0,0,0,0,0,0.8,0,0,0,3.8,2.3,1.6,9,8,7.3,8.6,3,0.6,0,6.5,0,1.5,0,5.3,7.3,5,2.4
Sitakunda   ,2023,9,1.7,6.7,2.5,4.1,3,4.7,0,0,6.6,5.5,2.8,5.1,6.8,1.5,7.7,5.4,5.5,2.5,3.8,1.5,8.2,6.9,4.1,6.8,4.6,8.3,6.1,2.3,2.1,4,
Sitakunda   ,2023,10,8.8,3.2,0.2,1.5,0.2,0,8.3,3.4,6,4.4,7.7,0.7,6.4,5.8,1.6,8.9,8.5,8.8,8.2,8.8,9.1,7,0,0,3.3,6.5,9.1,8.1,8.8,9,7.3
Sitakunda   ,2023,11,8.7,8.7,9,6.3,8.2,8.3,7.5,7.6,9,8.9,8.9,8.9,8.8,8.2,6.9,0,0,0.9,8.4,7.3,0,8.9,9.1,9.2,9.2,7.7,8.5,7.8,3.7,9.2,
Sitakunda   ,2023,12,8.3,7.6,6.4,3.5,0.1,0.6,4.3,1.9,8,7.3,5.4,0.9,8.2,7.5,8,9,9,7.5,8.6,8.2,3.9,3,7.2,6.2,8,7,8.3,7.3,8.7,8.8,7.7
Sitakunda   ,2024,1,7.7,7.8,6.4,5.4,8.9,8.5,8.2,7.9,4.7,6.7,7.1,3.4,6,4.4,4.7,6.3,7.8,2.4,8.4,8.2,6.1,7,4.6,2.9,1.4,8.4,4.9,8.6,8.5,8.2,0.4
Sitakunda   ,2024,2,3.3,5.7,4.1,7.5,7.3,6.2,3.9,8.4,9,9.4,8.6,5.9,8.6,6.6,8.9,8.9,8.2,8.5,8.3,7.7,2.5,3.8,0.1,4.9,5.9,8.6,8.6,8.7,7.7,,
Sitakunda   ,2024,3,8.6,8.4,8.3,6.3,7.1,8.5,8.4,8,8.7,8.8,2.4,7.9,2.9,0.3,7.7,7.5,8.1,7.2,0.8,8,0.3,6.8,8.1,7.9,7.1,7.8,6.4,2,1,5.2,4.3
Sitakunda   ,2024,4,6.9,5.4,7.3,8.5,0,6.2,0,8,7.1,7.1,7.1,5.4,7.9,7.8,7.1,7.8,6.5,6.6,8.4,3,2.7,2.2,4.6,6,6,5.3,6.1,3,0,0,
Sitakunda   ,2024,5,0,7,0,0,0,0,4.3,2.6,7.6,5.7,2.1,1.7,6.2,7.1,7.4,7.5,6.2,2.4,0.4,2.7,7.1,7.3,7.6,7.5,5.7,1.3,0,0,4.5,6.4,1.7
Sitakunda   ,2024,6,7.3,1.9,6.7,0,6.6,2.6,0,0,0,0,6.9,0,1.2,0,4.3,5.6,1.9,0,0,0.3,2.7,5.8,2.6,3.3,3.7,3.3,5.9,2.7,0,0,
Sitakunda   ,2024,7,0,0,0,0.3,0,4.6,4.9,1.9,3,0,0,0,3.5,4.9,5.3,5.4,5,5.2,6.7,6.2,6,0.4,1.7,3.4,6.5,4.6,5.8,5.1,3.8,1.5,1.4
Sitakunda   ,2024,8,0,0,1.1,0.8,1.1,2.9,5.6,1.6,0.9,0,0,0,5.8,6.7,6.3,0,0,0,0,0,0,0,5.9,3.6,0,0,2.8,3,7,7.8,4.7
Sitakunda   ,2024,9,7.3,4.2,5.8,7.2,5.4,5.6,7.1,7.1,7.2,3.6,3.7,2.3,0.9,0,0,7.3,7.3,1.6,7.8,7,0.4,7,5.8,5.3,0.2,8.4,3.5,5.4,0,0,
Sitakunda   ,2024,10,0.7,0,0,0.4,2.5,7.2,5.8,6.8,6.8,4.9,7.6,5.1,5.8,8.2,6.7,5.3,4.9,6.9,2.5,8.5,7,7.9,0,3.5,4.5,8.5,6.6,8.4,8.4,8.1,8.2
Sitakunda   ,2024,11,7.1,8.6,7.9,8.4,5,4.9,7.8,8.6,9,7.5,8.9,9.1,9.1,8.9,8.9,8,8,8.9,8.7,7.4,8.7,8.6,8.1,8,7.5,7.8,8.4,6.1,8.3,6.4,
Sitakunda   ,2024,12,7.8,1.3,8.8,9.1,8.2,9.1,8,8.2,7.8,8.5,9.3,9.2,9.6,7,9,9.2,4.2,6.7,8.9,4.7,0.7,9.1,7.5,5.8,1.6,7.8,9.2,8.6,8.3,7.9,7.9
St.Name,Year,Mo,1,2,3,4,5,6,7,8,9,10,11,12,13,14,15,16,17,18,19,20,21,22,23,24,25,26,27,28,29,30,31
Gopalgonj   ,2022,1,7.1,1,6.5,7.3,6.4,6.4,6.9,7.3,7.5,5.1,5.1,0,3.7,0,2.6,7.8,7.5,6.6,6.5,5.9,3.8,0,0,0,5.2,1.8,5.8,6.7,6.3,6.3,6.7
Gopalgonj   ,2022,2,7.2,7,2.7,1.3,7.7,8.2,7.7,7.9,6.8,0,1.6,7.9,8.5,8.4,8.6,8.4,8.1,8.4,8.6,4.5,7.8,7.2,5.8,7,7.1,7.3,7,6.9,,,
Gopalgonj   ,2022,3,7.4,8.2,8.2,6.8,7.7,8,7.8,7.2,8.2,8,7.7,7.5,8.1,7.8,8,6.9,7.7,8.1,8.3,7.9,5.8,6.9,4.7,6.6,3.2,0.2,4.6,7.4,5.6,5.7,5.5
Gopalgonj   ,2022,4,6.6,2.4,3.4,6.2,7.9,6.1,8.1,8,6.6,4.2,3.6,2.6,7,3.8,7.7,3.6,6.2,6.6,8.6,1.2,3.4,2.9,8.3,9.1,7.2,8.2,8.8,8.3,8.1,2.7,
Gopalgonj   ,2022,5,8.6,7,0,4.1,9.4,7.2,7.5,10.1,0,3.9,1,3.4,3.2,7.1,5,7.5,6.9,9.4,5.2,7.5,4.6,2.8,9.4,8.3,6.3,8.1,2,6.9,0,1.1,5.3
Gopalgonj   ,2022,6,0.5,0.7,1.2,3.5,3.1,3.9,4.7,2.3,0.1,6.4,4.1,5,5.2,0.2,0.2,0,0,0,0.3,1.5,1.2,2.1,7.8,5.8,2.5,5.2,9.2,3.3,1.8,0.9,
Gopalgonj   ,2022,7,3.5,4.7,2.6,5.7,6,0.7,5.8,5.9,9.5,6.4,5.6,9.9,8.8,10.8,9.4,10.7,4.2,7,3.1,3.3,5.6,6.4,2,0.1,1.1,1.3,8.6,5.6,5.5,7.9,1.8
Gopalgonj   ,2022,8,1.9,2.8,1.5,6.7,6.8,4.4,8.6,8.1,4.6,1.4,0,6.7,3.8,0,0,9.7,6.4,7.8,0.8,7,8.7,8.8,1.5,4.4,9.2,7,0.8,5.8,10.1,10,9.4
Gopalgonj   ,2022,9,4.9,6.1,4.9,1.7,0.9,4.7,5.7,6,6.1,4.3,0,0,0,0,2.2,2.8,7.7,0.7,6.2,4.4,7.7,5.4,7,5.2,3.1,3.9,2,7.4,5.5,4.9,
Gopalgonj   ,2022,10,3.3,1.9,0,3.5,7.7,4.8,7.7,9.2,8.1,4.8,5.2,5.2,7,7.4,8.2,8.7,8.9,6.7,5.9,8.8,8.6,8.1,0,0,6.3,8,8.2,8.5,8.6,7.8,8.5
Gopalgonj   ,2022,11,7.6,8.3,0.3,7.8,7.7,6.8,7.4,7.3,6.6,7.6,7.7,7,7.1,7.6,8.1,7.9,7.5,7.1,7.3,3.4,7.7,7.8,7.6,6.9,7.7,7.4,8.3,7.8,3.6,6.2,
Gopalgonj   ,2022,12,6.9,7.9,7.6,6.8,7.1,7.4,5.9,4.6,7.3,4.9,7.2,5.4,4.6,5.9,5.6,6.8,2.4,4.6,5.1,4.7,3.1,3.3,5.8,7.9,4.2,5.2,0,0,4.4,2.2,4.4
Gopalgonj   ,2023,1,0,4.2,4.6,0,3.2,3.6,0,0,7.4,7.4,5.7,6.6,4.4,0,2.6,4.2,2.5,0,5.7,7.1,6.7,3.4,2,3.5,4.6,2.6,6.5,5.9,7.4,5.7,4
Gopalgonj   ,2023,2,0.1,8,7.4,6.9,6.8,7,3.5,6.4,1.9,7.9,5.8,6.2,8.3,0,6.9,7.4,5.5,1.9,0,4.8,3.6,6.7,6.5,5,3.7,8.3,7,7.7,,,
Gopalgonj   ,2023,3,7.9,7.5,6.5,8.1,7.5,8.2,7.7,3.8,4.8,0.1,4.9,7.7,7.8,3.5,0.8,2.8,0,1.4,0,3.3,5.7,7.9,5.6,6,7.3,7.1,2.1,7,4.8,6.6,0.3
Gopalgonj   ,2023,4,0.9,8.8,8.8,8.1,7.6,8.6,7.6,8.5,8.1,7.5,7.7,8.5,9,9.2,8.2,6.7,8.3,5.2,8,8,2.8,2.1,0.7,8.1,8.1,7.5,7.5,7.8,6.5,6.1,
Gopalgonj   ,2023,5,1.9,9.5,2.7,0.8,5.6,3.4,7.8,9,2.5,8.8,9.3,2.9,2.3,0.4,9.6,7.2,6.3,2,7.2,9.4,4.5,9.4,4.4,0,7,6.9,5.2,6.4,10.1,7.2,7.5
Gopalgonj   ,2023,6,5.7,6.3,6.8,7.7,9.5,7.5,0.1,0,0,0,2.5,3.1,2.6,9.3,0,0.4,5.8,0.1,2,3.9,1.9,1.2,1.8,3.7,3.7,2.2,0,0,0,1.2,
Gopalgonj   ,2023,7,1.2,2.8,4.2,10,4.4,0,4.7,7.2,10.3,2.9,0.6,5.3,6.8,4.3,3.7,1.6,6.1,8,8.5,9.1,3.5,9.2,6.5,6.7,7.1,6.2,2.6,8.5,3.7,10.4,5.4
Gopalgonj   ,2023,8,3.5,0,0.6,0.4,3.2,0,0,0,5.4,0.6,0,1.3,0.2,0.8,3.1,0.2,6.7,6.5,7.1,7.2,5.9,2.7,0,0,0,0.1,1.8,1.4,6.9,3.6,5.1
Gopalgonj   ,2023,9,2,0.7,0.8,2.2,4.7,4.6,0,0,5.3,5.4,1.3,2.8,8.5,0.7,0.8,8.1,4.8,1.8,1.4,1.4,2,3.6,1.7,4.2,5.5,9,3.9,6.4,0,0.8,
Gopalgonj   ,2023,10,2.7,2.1,0.4,0,2.6,8.3,5.5,3.2,5.9,5.3,3.2,6.4,7.4,7.7,7.8,8.4,5.2,6.2,7.7,8.5,7.5,5.2,0.9,0.9,6.2,8.3,5.2,8,7,8.2,7.7
Gopalgonj   ,2023,11,8.1,7.9,5.1,3.2,3.5,7.1,2.8,5.1,7.1,5.4,7.2,7.7,7.9,8.2,6.1,0,7.7,7.7,8.1,4.4,3.1,5.5,6.1,5.3,7.6,8.1,5.3,0.3,0.3,6.4,
Gopalgonj   ,2023,12,7.8,7.6,4.7,0,0,0,0,0.1,5.7,4.1,6.3,1.7,8,4.6,5.2,6.2,5.7,6.9,6,7,6,4.3,2.7,1.3,0.9,3.9,2.5,4.4,6.8,7.1,0.7
Gopalgonj   ,2024,1,2.7,6,3.6,5.9,6.1,4.6,5.1,3.9,3.7,4.7,4.3,0,2.2,0,0,3,0,0,2.8,4.6,0,1.5,7.3,1.2,2.1,5,6.4,7,6.4,3.2,0.5
Gopalgonj   ,2024,2,0.3,4.6,5.9,6.8,6.5,0,2.3,7.8,8.1,7,7.7,5.2,4.7,3,4.1,3.6,7.1,6.9,2,2.9,6.3,0.9,4.1,5.6,1.5,7.9,5.4,4,7.5,,
Gopalgonj   ,2024,3,8.3,7.9,7.2,3.4,8.3,8.2,2.7,8.6,8.4,8.7,8.7,4.8,6.4,0.6,6.8,4.8,4.4,0.5,0.1,0,1.1,4.5,8.1,5.5,6,8.2,4.8,2.3,0.5,3,6.5
Gopalgonj   ,2024,4,8.5,6.7,7.3,5.9,2,6.2,0,3.3,4.1,0.5,0.2,4.7,7,7.2,8.4,8.2,7.1,5.6,8.8,9.9,8.3,5.6,8.9,9.6,7.8,8.4,6.7,8,8.9,8.2,
Gopalgonj   ,2024,5,9,4.9,7.4,5.8,8.5,2.7,5.5,2.6,2.7,6.9,2,2.9,8.9,9.2,9.5,8.7,6.9,2.7,1.9,3.6,7.9,7.7,10,10.2,9,0.1,0,2.1,0.6,4.7,2.4
Gopalgonj   ,2024,6,7.5,4.6,2.7,4.3,6.4,3.2,5.5,4.6,3.3,3,6.6,2,2.6,1.9,0.6,0,1,0,0,0.2,1.6,3.6,8.1,7.6,7.3,4.8,2.8,2.3,0,0.7,
Gopalgonj   ,2024,7,0,0,0.6,0.3,0.3,4,3.7,0.4,3.1,4.5,3.5,0,7.9,7.5,7,4.7,7.3,7.8,7.6,2.6,4.8,3,4.6,2.1,6.2,3.6,5.8,2.5,3.4,3.9,2.4
Gopalgonj   ,2024,8,0,0,0,1.1,0.8,4.9,5,2.1,1.5,2.5,0.9,1.9,4.8,6.5,6.3,4.4,6.4,0.1,0,0.4,0,0,1.1,5.4,0,0.2,0.2,1.1,9.9,9.8,7
Gopalgonj   ,2024,9,3.9,2.5,1,9,8.6,2.6,4.7,8.7,8.1,5.9,5.8,1.2,0.3,0,0,0,8.6,7.5,4.4,8.1,3.8,8.9,0,3.7,0.4,0,3.6,8.2,6.4,3.7,
Gopalgonj   ,2024,10,2.3,0.9,0,0,0,4.3,3.1,6.1,6.4,6.3,6.4,4.2,2.9,6.7,4.7,0,0,3.6,0.4,6.2,6,7.8,0,0,1.4,7.2,7.8,6.3,5.7,7.1,5.8
Gopalgonj   ,2024,11,6.3,6.3,2.4,5.8,3.8,6,7.6,7.2,7.9,8.1,5.4,4.6,7.3,5.6,3.3,6.2,6.6,5.3,7.3,7.5,7,5.9,5.7,2.9,2.6,3.8,5.8,6.2,4.1,0,
Gopalgonj   ,2024,12,4.6,0.5,7.8,5.5,5.1,6.1,7,6.8,4.2,3.9,4.7,1.1,6.2,6.3,6.8,7.1,4.7,6.4,4.3,2.8,0,5.9,6.1,6.6,1.2,6.6,6.3,7,6.6,4.3,4.4
St.Name,Year,Mo,1,2,3,4,5,6,7,8,9,10,11,12,13,14,15,16,17,18,19,20,21,22,23,24,25,26,27,28,29,30,31
Tarash      ,2022,1,6.8,4.9,6.5,4.1,2.6,6.5,6.8,7.6,6.3,5.5,0.2,0,5.7,0,5.2,7.5,7.7,6.5,2.7,2,1.5,0.5,0,5.7,3.1,0.2,7.1,3.7,6,5.5,4.4
Tarash      ,2022,2,4.1,6.5,3.1,0,3,7.4,7.7,6,6,0,6.4,8.7,8.4,8.7,8.3,8.5,8.1,8.6,8.4,1.7,6.9,6.2,8,4.5,3.2,8.3,4.6,7.7,,,
Tarash      ,2022,3,8.6,8.6,7.5,8.2,8.5,8.5,8.8,8.7,8.8,8.7,8.5,9,9,7.6,8.3,8,8.3,8.3,8.2,8,5.5,6.4,6.5,4,1.9,6.2,5.9,6.8,5.2,6.3,4.6
Tarash      ,2022,4,5,1.5,4.5,6.8,6.1,4.1,5.5,7.4,2.9,2.6,3.5,2.1,4.6,2.9,7.8,5.3,6.8,4.6,6.6,0.1,0,0.3,7.7,8.7,7.8,7.6,5.3,4.5,5.6,6.4,
Tarash      ,2022,5,6.9,7.5,0.2,4.8,7.4,4.6,7.3,7.7,3.2,0.7,2.6,6,0.8,3.8,6,0.5,2.4,6,2.8,3.1,4.7,3,8.7,7.6,4.2,9.7,7.4,4.1,0.9,3.8,2.6
Tarash      ,2022,6,8.4,2,2.4,0.7,4.4,0,0,5.1,0,6,2.6,0.5,0,0,3,0,0,3,3.6,1.4,2.2,0.4,7.8,7.1,8.2,7,7.6,1,2.5,0,
Tarash      ,2022,7,2.6,7.6,8.4,8.6,6.6,5.3,11.4,6.2,10.5,10.7,6.7,9.6,8.7,11.2,10.5,9.7,8,9.3,7.2,1.9,5.7,3,4.4,0,2.5,0,5.5,0.9,4,1.9,0
Tarash      ,2022,8,0,4.4,0.5,1,10.4,0.9,8.4,7,9.1,4.4,8.7,4.5,3.5,3.2,3.5,7.6,5.5,8.6,6.4,5.7,10.4,5.3,4.3,8.2,8.2,8.1,2.4,4.8,3,4.9,7.6
Tarash      ,2022,9,0.5,2.7,4.8,2.9,0.1,0,6,5,9.7,6.6,4.7,0.5,0,0,2.2,4.9,7,1.2,5.4,8.3,7,9.2,5.6,4.3,1.5,7.4,5.4,4.6,4.7,5.4,
Tarash      ,2022,10,8,1,0.1,5.9,5.9,5.3,7.7,9,9,9,7.6,0.9,4.7,7.7,8.8,8.8,8.9,8.7,7.8,8,8.9,8.5,5.7,0,5.1,7.5,7.6,6.6,5.2,7.8,8.4
Tarash      ,2022,11,7.6,6.9,8.2,8.5,6.5,5.6,6.5,7.8,8.2,8.5,6.8,5.5,7.2,8,8.1,7.7,6.6,6.9,7.3,8.3,8.3,7.4,7.5,7.3,7.9,8,7,7.3,7.8,7.2,
Tarash      ,2022,12,7.8,7.6,7.7,7.7,7.9,7.7,5.5,6.7,7.6,6.1,7,5.5,3.2,1.5,1.7,6.8,4.3,5.1,6.2,5.7,3.7,4.2,7,5.3,1.3,0.9,0,4.1,1.4,1.6,0
Tarash      ,2023,1,1.7,5.5,0,0,0,3.4,1.9,7,7.5,7.8,5.4,6.3,5.4,2.1,4,0,4.9,5.7,6.7,6.7,6.6,5.2,3.6,5.8,2.3,1.2,6.9,6.9,6,6.3,2.6
Tarash      ,2023,2,5.8,7.8,7.7,7.5,3.8,7.1,7.7,7.2,2.5,6,7,6,8.7,8.3,7.9,7.2,6.8,5.5,2.2,3.8,0,4.6,7.4,7.5,7.3,7.9,7.7,7.5,,,
Tarash      ,2023,3,7.2,7,7.8,7.9,7.4,7.9,8.2,7.4,7.4,3,2.7,7.4,7.7,0,5.3,0,0,3.4,0,1.1,1.5,7.4,8.2,8,6.8,7,7.7,8,6.9,3.8,0
Tarash      ,2023,4,2,6.1,7,8.6,8.2,8.4,8.8,8.6,8.2,8.2,8.6,9.4,9.8,9.1,5.3,7.4,8.5,8.3,8.9,8.4,4.3,9.6,1.2,8.1,9.6,8.1,5.2,6.7,2.3,5.9,
Tarash      ,2023,5,0.5,7.2,7,4.1,4.9,9.4,9.4,9.5,8.7,9.4,2.3,2.3,6.2,9,8.3,8.3,5.3,4.8,0.7,4.9,6.6,6,3.3,7.8,6.7,9.4,4,10.2,9.9,9.7,8
Tarash      ,2023,6,8.3,9.1,5.8,5.7,9,9.7,6.3,0,0.3,1.8,2.7,2.8,3.6,7.1,5.4,6.4,6.2,4.9,3.5,1.2,0,1.1,6.9,3.2,5.9,6.2,0,0,0,2,
Tarash      ,2023,7,0,0,2.7,7.2,5.9,4.4,4.9,4.3,5.9,5.2,2,3.4,4.2,3.2,5.9,1,0.9,8.6,9.3,9.9,4.4,4.5,9.4,10.3,7.5,6.8,8.1,7.1,6.7,6.8,6.6
Tarash      ,2023,8,8,2.6,2.7,2.2,1.7,0.5,0,0,6.4,1.2,2.9,1,0,5.2,0.5,2.6,6.7,8.8,7.9,7.3,5.6,2.5,2.9,1.1,0,0,3.4,7.7,6.7,8.6,6.6
Tarash      ,2023,9,5.3,5.9,5.5,2.3,9.5,6.1,3.3,2,8.1,9.1,4.7,2.8,5.7,8.5,5.3,8.5,8.4,3.3,2.7,0.8,1.3,1.5,0.6,0.5,3.1,7.9,6.7,8.2,3,0.3,
Tarash      ,2023,10,5.9,3.6,0.7,0,0,0.3,4.7,8.5,5.5,3,5.7,6.7,8.1,8.3,7.9,6.9,8.2,8,8.4,8.5,8.6,6.3,4,3.4,8.9,8.6,7.5,5,7.8,7.9,7.8
Tarash      ,2023,11,8.3,8,7.2,6.3,3.4,7.5,6.4,7.3,6.8,7.7,8.3,8.3,8.4,8.4,8.6,0,1.6,1.9,8.1,7.9,8,4.9,6.4,7.8,7.6,8.1,8.1,6.7,3.3,7.4,
Tarash      ,2023,12,8.3,6.8,6.4,2.8,0,0,0.5,0.8,3.8,1.7,0.7,6.2,6.1,6.5,6.3,6.8,7.6,7.4,6,6.1,7.4,5.9,0,3.6,4.8,4.1,4,5.9,7.5,6.2,1.9
Tarash      ,2024,1,5,3.7,4.2,6.8,7,6,6,1.8,4.2,2.9,3.3,0,0,0,0,0,2.5,2,3.7,2.2,0,1.9,6.9,3.2,0,4.6,5.9,7,7.1,2,1.5
Tarash      ,2024,2,2.6,0,7.3,7.8,6.3,0.5,7.2,8.1,8.1,6.9,7,7.7,4.9,1.3,4.1,7.4,7.7,6.9,4.3,0,5.7,2.3,7.2,6.6,1.3,7.6,7.9,7.9,8,,
Tarash      ,2024,3,8.6,8.7,5.2,4.5,8.9,9.2,9.1,9,9.2,9.1,8.9,7.9,8,7.7,7.5,7.1,7.4,3,0.6,0,7.8,7.5,7.1,5.7,1.1,7.6,4.7,6.9,2.9,1.2,7.3
Tarash      ,2024,4,8.7,8.9,8.3,7,5.4,7.4,3.5,0.1,4.5,1,0,8,8.9,7,7.8,7.6,7.6,7.1,8.6,9.3,8.4,8.1,7.9,8.6,9.5,9.5,5.6,9.5,9.5,9.5,
Tarash      ,2024,5,9.2,7,8.4,4.4,2.7,0,7.7,6.4,2.4,5.8,7.5,6.3,9.5,7.4,7.4,9.5,4.1,0.3,2,3.5,3,1.7,8.1,9.9,9.9,1.3,0,5.7,0,0.6,0.8
Tarash      ,2024,6,8.4,3.3,7,3.8,6,5.1,4.9,2.6,0,0.4,7.7,2.8,0.5,0.6,0,0,0,0,0,0.3,3.2,0.6,5.4,7.5,5.1,3.9,3.8,0.8,0.6,0,
Tarash      ,2024,7,0,0,0.6,0.3,0,4.7,7,5.3,4.3,5.6,0.7,1.5,7.6,9.3,5.2,2.3,10.5,7.5,6.2,4.3,5.6,3.9,5.4,4.8,7.6,9.8,9.3,9.5,4.3,4.3,4.1
Tarash      ,2024,8,0,0,0.9,4.3,0.4,5,8.6,4.8,1.3,5.6,0,0.8,1.8,5.2,7.2,6.3,7.5,0.2,3.9,5.8,0.1,1.3,0.3,5.7,4.5,0.2,7.2,9.2,8,6.5,6.2
Tarash      ,2024,9,0,7,0.6,2.2,0.3,9.2,7.4,9.4,9.4,6.3,5.5,8.1,5.7,0.1,0,0,7.7,8.5,9.2,8.7,7.6,8.4,4.2,0.5,0.5,0,1.5,7.8,0,0.7,
Tarash      ,2024,10,3,1.9,1.4,1,1.1,0.8,6.5,3,2.4,5.8,1.6,5.9,4.2,3.5,3.2,7.2,0,0,6.7,7.6,7.2,8.4,2,0.1,0,0.5,5.8,7.9,5.9,6.8,4.2
Tarash      ,2024,11,6.4,6.9,6,6.6,5.9,6.5,7.8,8.3,7.7,8.4,8.4,8,5.1,6.2,4.8,7,6.5,6.4,7.4,7.8,7.3,7,6.1,2.6,3.5,6.1,6.7,7.1,7.4,6.1,
Tarash      ,2024,12,8.2,7.9,8.1,3.8,6,6.9,6.5,5,0,3.7,0.4,0.8,6.1,3.2,6.5,7,6.6,6.8,6.5,4.2,4,3.9,6.1,6.8,5.9,6.6,7.2,6.4,5.9,2.5,0
St.Name,Year,Mo,1,2,3,4,5,6,7,8,9,10,11,12,13,14,15,16,17,18,19,20,21,22,23,24,25,26,27,28,29,30,31
Natrakona   ,2022,1,6.1,6.5,6.6,6,4.8,6.2,8,8.1,7.3,5.3,0.1,1.3,4.4,0,2.6,7.8,8.2,7.4,6.3,3.1,3.1,3.4,0,5.4,4.4,0.7,6.2,7.4,7.7,8,5.6
Natrakona   ,2022,2,0,4.3,2.9,0,2.7,5.2,7.8,7,7.7,0,5.8,8.3,8.9,9.2,8.8,8.6,8.8,8.6,9,4.6,6.3,7.9,7.5,4,5.2,8.5,5.2,5.3,,,
Natrakona   ,2022,3,8.8,8.4,8.7,8.4,7.9,8.4,8.7,8.3,8.6,8.7,8.5,8.4,8.6,8.7,7.6,8.2,8.3,8.3,7.5,7.7,7,6.5,6.7,0,0,4.3,3.9,0.2,0,0.6,1.6
Natrakona   ,2022,4,4.6,0.4,1.1,4.2,4.2,2.2,5.7,6.4,3.6,3.9,3.7,2.1,2.6,1.2,5.4,1,3.4,2.9,7.1,1.4,9.3,1.1,5.4,3.9,4.4,6.9,6.2,5.1,6.1,2.6,
Natrakona   ,2022,5,6.7,6.8,0.3,8.2,7.4,3.1,5.6,4.9,1,0,0.8,1.9,0,0,0.9,0.1,0,6,2,1.6,0.2,3.9,7.3,9.2,0.9,8.2,5.4,9.6,6.6,9.4,4.5
Natrakona   ,2022,6,6.3,0,0,0,0,0,0,0.4,0,2.1,2.1,0,0,0,0,0,0,0,2.9,0.5,0.7,2.5,2.1,8.9,8.1,1.6,3.2,0,0,0.1,
Natrakona   ,2022,7,4.2,7.6,8,3.2,2.1,3.3,9.4,3.6,10,8.5,7.7,8.6,9.7,9,10.7,9.7,3.8,3.6,4.3,0.8,5.9,4.2,6.1,0,2,1.5,6,2.4,3.7,0.3,0
Natrakona   ,2022,8,0,5.5,2,3.5,5.2,4.3,11.4,7.8,7.6,4.1,10.2,10,1.8,7,3.2,6.4,7.3,8.7,10.5,7.6,7.9,6.6,6.6,8.8,10.5,6,0,0.5,2.1,0,3.8
Natrakona   ,2022,9,0,0,0.3,0.3,0,0,4.8,4.8,8.4,8.9,5.6,2.8,0,0.1,0.5,3,7.7,4.7,8.5,8.6,6.5,5.6,0.4,1.8,1.1,3,4.2,7.1,4.5,6.5,
Natrakona   ,2022,10,5.4,1.4,0.6,6.2,5.8,7.4,8.9,5,3.9,3,4,1.7,4,6,9.2,9.7,7.8,8.9,7.9,9.2,9.3,9.3,0.3,0,0,0,0,0,0,6.9,9.1
Natrakona   ,2022,11,9.4,5.5,5.6,8.5,8.8,8.6,7.6,8.8,8.9,9,8.8,8.9,7.9,9,7.7,8.1,8,8.4,7.4,8.7,7.5,8.8,8,8,9,9,8.7,8.7,8.4,8.7,
Natrakona   ,2022,12,7.3,8.4,7.2,8.6,8.5,8.1,8,6.7,7.7,7.5,7.8,7.1,6.9,5.6,4.1,1.3,6.5,8.3,4.3,3,6.6,6.6,7,5.7,0,1.1,0.4,2.8,0,2.3,3.4
Natrakona   ,2023,1,4.9,7.1,4,4.6,3.7,3.8,3.6,3.2,7.8,8.4,7.6,4.2,3.5,0,6.4,0.8,6.4,6.8,7.3,7.3,7.1,6.7,5.8,5.9,6.9,6.4,0.7,4.5,3,7.1,4.8
Natrakona   ,2023,2,3.1,8.9,8.3,7.2,6.3,4.2,4.9,4,6.2,7.7,7.1,4.8,9.5,9.5,8.1,7.7,6.5,6.5,3.6,0,0,0,8,3.6,7.9,9,9.5,8.7,,,
Natrakona   ,2023,3,8.7,8.5,7.8,7.1,6.1,7.1,8.6,7.3,8.3,2.2,4.3,8.2,8.7,4.1,3,0,0,6.9,0,1,3.4,4.1,4.3,6.8,3.8,2.4,8.5,6.3,4.5,3.1,3.1
Natrakona   ,2023,4,1.7,4.8,7,4.6,6,6.6,9.3,9.4,9.4,9.6,8.5,9.6,10.5,9.8,5.3,9.2,3.5,4.7,6.2,6.5,1.5,9,0,9.2,10.1,6,6.7,8.2,6.9,8.8,
Natrakona   ,2023,5,8.4,10.8,6.3,3.3,5.1,8.1,8.2,9.2,9.5,7.1,3.9,0.6,7.5,0.1,8.6,7.4,3.3,4.4,0,5.8,4,3.9,3.7,6,10,9.8,2.7,9.7,11,11,10.4
Natrakona   ,2023,6,5.5,3.9,7,7.2,7.6,8.5,4.6,0.2,0,3.6,1.1,0.1,2.5,0,1.2,0,0,0.9,0,0.5,0.2,0,9,6.9,7.6,9.8,0.4,0,0,0,
Natrakona   ,2023,7,0,0,1,4.8,7.9,3.1,2.2,7.5,6.9,0,0,4,0.8,4.7,6.1,3.4,2.9,9.4,7.2,8.2,5.7,5.4,5.6,3.6,6.5,7,3.8,5.1,5.8,9.3,8.6
Natrakona   ,2023,8,9.3,3,1.9,3.5,1.6,0,0.6,0,4.4,1.9,0,0,0.1,3.1,1.3,5.2,8.2,7.4,7.4,3.5,5,0,1,0,1.4,0,0,0,6.9,9.4,6.4
Natrakona   ,2023,9,4.7,5.2,7.6,6.9,9.6,4.7,3.7,0,4.7,7.6,6.2,2.7,2,8.4,9.4,9.6,9.5,6.6,6.5,1,1.4,3.1,0.9,3,6.8,7.4,4.5,9.2,9.2,6.4,
Natrakona   ,2023,10,8.4,7,5.4,0,0,0,0.2,5.5,1.1,4.6,2.8,4.5,4.7,7.1,7.7,8.4,7.7,9,8.4,9,10.2,9.3,6.3,0.8,7.9,6.5,7.9,8.8,8.6,8.5,9.4
Natrakona   ,2023,11,9.2,8.8,8.3,8.4,8,8.5,2,5.9,8.5,8.5,7.2,8.6,8.8,8.8,7.1,0,0,6.3,8.9,9,7.3,5.8,8,8.7,9.2,9.2,8.9,8.5,5.1,8.4,
Natrakona   ,2023,12,8.5,8.5,7.5,6.8,0,0.3,0,0,4.8,4.4,5.5,4.2,0,4.5,7.1,7.6,6.9,7.7,8.5,8.6,8.7,8.8,1.4,6.8,7,7,7.6,8.8,8.5,8.6,5.6
Natrakona   ,2024,1,4.9,3.2,4.1,4.2,5.7,4.6,7.6,4.6,4.3,1.4,0,0,0,5.5,0,2.7,0,5.6,7.1,5.2,2.7,0,0,2.4,2.7,4.2,6.7,7.3,6.4,4.9,0.5
Natrakona   ,2024,2,4.5,0,6.9,7.7,4.1,0,8.4,7.6,7.6,8.2,8,7.5,8.4,3.5,6.9,7.5,7.8,6.3,7.6,0,1.1,0.6,5.7,6.2,1.1,8,8.7,8,8.8,,
Natrakona   ,2024,3,8.9,8.2,8.6,4.3,8.7,8.9,8.8,8.8,9.4,8.9,8.4,7.1,5,5.3,5.1,6.6,9,7.7,3.3,0,2,8,6,0.4,4.5,5.6,6.9,7.2,1.3,0,5.6
Natrakona   ,2024,4,3.2,7.2,4.7,3.7,0.5,4.5,1.8,0.1,6.8,2.1,0.4,9,8.1,7.4,6.5,7,8.3,5.8,6.4,7.8,7.8,5.2,7.2,7,6.5,7.4,8.4,6.6,8.8,6.4,
Natrakona   ,2024,5,7.7,9,10,2.1,1.7,0.3,6.7,0,9.2,6.5,6.4,9.8,9.4,8.5,8,10.4,9,1,3.1,4.9,7.8,9.5,9.1,10.7,10.9,4.3,0,0.3,0,0,2.2
Natrakona   ,2024,6,4.1,3.7,2.7,0,6.6,6.1,8.1,2,0,0,6.1,7.8,0,0,0,0,0,0,0,0,4.9,4.4,8.4,3.8,0,4.3,5.1,2.1,0,0,
Natrakona   ,2024,7,0,0.5,4.1,0,0,0.5,7.7,0.7,1,1.5,0.8,1.9,1.3,6.4,5.3,2.4,7.2,7.1,8.8,6.7,8.8,8.8,5.8,8.9,9.4,11.3,10.6,9.1,4.4,0.2,7.3
Natrakona   ,2024,8,0.1,0,0,2.6,0,1.4,8.6,0.4,1.8,5.5,0.9,0,4.9,8.2,6.2,3.8,1.9,3.6,0.1,0.3,0,0,3.9,8.7,5.6,5.8,8.8,7.1,8.7,6.3,9
Natrakona   ,2024,9,0,10.3,0.6,5.3,3.2,8.5,5.8,9.2,7.8,7.6,6.4,9.7,7.7,0.2,0,0.7,8.4,9.1,9,9,5.7,9.5,4.1,4.5,0.7,0,2,3.1,0,3.4,
Natrakona   ,2024,10,0,7,0,0,0,1.4,5.6,0,0,0,0,1.5,1,2.8,7.2,6.4,0,0.6,5.9,8,7.4,8.8,1.1,0.1,4.3,0.9,3,8.6,7.3,3.3,2.5
Natrakona   ,2024,11,3.6,7.2,8.4,8.6,9,3.9,8.5,9,9.3,9.4,9,8.3,8.1,7.6,8.5,8,6.5,8.7,9,7.6,7.3,6.6,8,8,7.6,7.1,8.5,9.1,9,8.5,
Natrakona   ,2024,12,7.3,8,8.2,8.3,4.7,4.5,6.5,6.2,4,6.4,4.5,5.1,4,3.9,6.2,8.5,8.2,6,7.3,5.1,4.3,5.4,7.8,8,7.3,7.3,7.4,6.6,6.8,7.4,4.5
St.Name,Year,Mo,1,2,3,4,5,6,7,8,9,10,11,12,13,14,15,16,17,18,19,20,21,22,23,24,25,26,27,28,29,30,31
Rajarhat    ,2022,1,6.4,5.1,4.4,2.7,6,6.1,6.5,6.6,4.1,3.5,1.7,1,5.2,0.4,7.7,7,6,6,7,0,4.4,2.3,0.6,5.4,1.5,1.7,6.2,4.7,5.4,6.2,4.3
Rajarhat    ,2022,2,3.1,3.2,4.4,0,1.1,3.5,6.5,6.2,6.5,0,4,7.4,8.1,8.9,8.8,7.6,7.4,6.8,8.1,7.5,4.2,8.5,8.1,1.1,5.9,7.7,5.5,8.7,,,
Rajarhat    ,2022,3,8.1,8.3,8.2,8.5,8.6,8.2,8.5,8.3,8.4,8.1,8.3,8.3,7.9,8,8.5,7.4,8.2,7.8,7.8,8.7,6.5,5.4,6.7,7.5,6.1,8.1,5.2,0.5,0.5,0,0
Rajarhat    ,2022,4,0,0.8,0,5.8,5.5,0.9,2,0.4,1.7,2.4,0,1.9,0.3,0.5,6,2.2,2,1.4,5.2,3.2,8.9,0,0,9.7,6.5,4.9,1,2.3,0.7,0,
Rajarhat    ,2022,5,3.8,2.5,2.4,6,6.5,4.3,8.6,9.7,6.7,5.6,5.8,5.5,0.8,0,0,0,0,0.8,0,0,2.9,3.6,7.1,9.6,2.6,7,3.9,3.4,6.9,8.6,5
Rajarhat    ,2022,6,8.8,4.2,2.2,0,0,0,2.3,0.3,0,0.4,0.2,0,0,0,0,0,1,2,0,0,1.7,7,1.3,9.4,8.7,7.5,2.1,0,0.1,4.9,
Rajarhat    ,2022,7,6,5,3.3,6.5,9.7,0.1,10.2,5,7.9,6.8,3.9,7.5,5.7,7.7,8.3,8.4,7.6,8.5,4.9,0.2,5.4,5.3,6.8,0.2,3.3,2.7,5.2,1.2,0.4,1.1,0
Rajarhat    ,2022,8,0.2,2.6,5.8,1.7,8.4,0.3,7.8,5.2,8.2,2.6,10.8,10,3.4,5.4,6,8.5,8.6,7.1,6.1,8.2,10.3,6.8,1.6,9,6.9,6.7,0,0,3.4,1.8,0
Rajarhat    ,2022,9,0.1,1.6,3.6,1.1,3.8,1.9,7.7,7.1,9.4,8.4,5.6,0.9,0,0.6,0.2,4.3,3.3,5.6,2.9,7.9,8.3,5.9,0,2.6,2.6,8.2,0.4,6,2.5,8.4,
Rajarhat    ,2022,10,8.8,2.5,0.5,1.8,2.5,3.6,8,5.3,3.6,5.7,2.4,1.8,0,5.8,8.6,8.9,9,7,7.4,8.5,9,9.1,8.4,0,0.8,5.5,4,6.9,9,9,9
Rajarhat    ,2022,11,8.9,6.4,7.3,8.8,8.8,8.3,7.9,7.8,7.7,7.8,7.6,4.5,2.8,7.7,7.8,7.2,6.8,7.6,8.1,7.2,8.3,7.7,7.2,7.2,8.1,7.8,7.4,8.3,8.1,8.2,
Rajarhat    ,2022,12,7.8,7.1,7.3,7.5,7.8,7.8,6.8,7,7.5,7.7,7.5,5.8,5.3,4.5,4.1,0.1,6.1,6.8,6.7,6.3,5.7,0,2.6,3.3,0.3,0,2.2,0,0,4.7,3.1
Rajarhat    ,2023,1,3.8,6.6,5.9,4.9,3.5,5.3,5.2,5.1,6.9,6.5,2.9,6.5,6,0.3,3.8,0,0,3.7,4.3,3.9,5.4,5.8,4.3,5.7,6.9,6.6,3.3,0.1,2.6,7.1,1.1
Rajarhat    ,2023,2,4.1,7.5,4.7,5.2,0.5,2.8,6,6.1,4,5.1,3.3,1.1,8.6,7.6,7.2,7.3,6.9,5.1,4.5,2.6,0,0,6.8,2.5,8.5,8.5,7.6,7.1,,,
Rajarhat    ,2023,3,1.5,2.3,5.8,7.1,5.5,8.2,8.5,7.6,8.1,8,6.5,8.5,7.6,6.4,4.2,3.6,1.8,7,0,0,4.2,5.5,8.9,4.8,8,5.6,8.8,8.6,7.6,5.4,3.2
Rajarhat    ,2023,4,5.7,6.9,8.9,6.7,5.8,8.3,9.2,7.8,8.3,9.1,9.3,7.5,8.6,8.7,6.8,6.7,8.8,5.1,5.6,5.4,2.8,9,0,8.7,8.7,8.3,6.3,4.4,5.3,6.2,
Rajarhat    ,2023,5,2.7,6.8,3.2,4.1,7.9,10.3,8.8,9.5,9.6,9.5,8.9,6.8,7.7,7.7,4.7,5.7,3.5,1.7,0.1,8.8,2,5.1,1.8,10,8.4,9.6,2.4,8.8,10.6,9.9,8.2
Rajarhat    ,2023,6,8.5,9.6,8.1,5.7,5.3,8.7,6.9,0,0,1,2.6,3,0.5,4.6,1.1,0,0,0,0,0,0.5,0.1,5.9,8.5,10.1,10.4,4.7,0.2,0.7,0,
Rajarhat    ,2023,7,0,0,0,0.3,5,2.9,5.9,6,6.1,1.2,0,0,3.4,1.2,2.3,4.8,2.1,8.4,8.9,10.9,1.7,7.8,5.2,2.2,3.6,6.9,9.4,1.4,4.5,7.8,9.1
Rajarhat    ,2023,8,5.6,1.7,4.1,3.9,0.4,0,0,1.4,2.1,3.8,0,2.2,0,4.9,6.1,1.9,5.6,5.6,8.6,8.2,3.5,0,0.2,0,0.3,0,0.5,0.8,4.9,8.3,8.5
Rajarhat    ,2023,9,5.8,1.7,8.9,4.2,9.4,8.6,4.1,1,5.4,2.8,3.7,0,5.5,7.5,9,9.5,9,3.7,5.9,3.5,0,1.2,0.2,0,0.8,4.3,7,8.9,7.7,0.2,
Rajarhat    ,2023,10,5.9,4,2.2,0,0,0.1,0.3,5.3,5.1,0.3,4.4,2.5,4.4,5.4,2.6,7.7,6,6.6,6.7,7.4,8.6,9,6.6,4.3,9.3,8.4,7.9,7.9,8,8.7,8.8
Rajarhat    ,2023,11,9.3,7.4,7.7,7.4,5.5,8.1,7.3,7.2,6.5,6.7,7.7,7.5,7.9,8.2,7.9,6.6,5.7,7.2,8.2,8,7.4,4.9,6.5,7.3,6.3,7.9,8.2,7,7.1,7.7,
Rajarhat    ,2023,12,6.6,7,6.9,7.2,0,3.1,0,7.5,0,0,1.1,7.3,3.9,3,6,5.8,7.1,7,6.9,6.3,7.4,7.9,1,7.6,7.4,6.5,7.2,7.2,7.3,7.6,5.5
Rajarhat    ,2024,1,3.6,2.2,4.6,7.2,6.9,2.1,6.7,0,0,0,0,0,0,1.7,0,0,0,2.1,5,2.9,0,0,3.8,4.8,5.4,4.5,4,4.4,5.9,0,0
Rajarhat    ,2024,2,5.9,2.5,7.4,6.7,2.5,0.1,6.8,5.3,6.7,7.8,8.3,8,6.4,2.7,5.3,3.8,5.2,6.9,5.1,0,0.1,2,6.1,7.7,4.3,4.7,5.8,7.6,8.3,,
Rajarhat    ,2024,3,7.7,7.8,6,4.6,8.6,8.6,8.3,8.2,8.8,8.1,7.1,7.8,7.6,8.2,6.6,7,7.9,6.1,0,0,3.6,6.4,0.1,0,4.1,2.7,2.5,3.5,5.2,0.8,0.2
Rajarhat    ,2024,4,8.6,9.5,9,8,2.6,6.5,4.4,0.7,6.6,6.7,2.2,7,7.9,7.6,7.1,6.7,8.6,9.1,4.5,2.5,6.5,5.2,9.1,9.6,10,9.4,0.9,8.8,8.5,9,
Rajarhat    ,2024,5,7.6,6.7,9.3,1,0,0,0,0.5,4.4,6.1,8.5,5.5,3.8,8.6,6.7,5.5,7.4,1.6,4.4,1.7,8.5,0.6,9.6,9.5,10.2,4.7,0,1.4,0.3,0,0.8
Rajarhat    ,2024,6,5.4,5.1,5.9,3.5,3.2,4.8,7.1,1.9,0,0.4,3.2,2.9,1.4,0,0,0,0,0,0,1.4,6.8,2.7,8,5.3,1.8,8,3.4,1.5,2,0,
Rajarhat    ,2024,7,0,0,0.9,1.7,0,0.3,2.4,4.3,3.4,0,0,1.6,1.8,3,6,3.4,9.8,3,4.7,3.9,8.1,6.4,2.1,5.5,6.1,7.7,7.2,6.1,6.1,7.7,5.8
Rajarhat    ,2024,8,4.3,0,0,3.4,1.6,1.3,7.8,5.9,3.3,4.8,1.9,2.9,1.2,7.1,4.6,8.2,5.6,5.9,6.2,2.9,3.2,2.7,5.3,8.1,4.2,2.9,3.3,4.2,4.2,8.2,5.3
Rajarhat    ,2024,9,1.8,6.6,0.4,6.2,0,9.7,7.8,7.8,9.3,9.5,7.8,6.5,6,0.5,0,0,8.5,9.3,9.2,9,8.5,8.5,7.8,3.8,0.1,0,0,0,2.8,5.9,
Rajarhat    ,2024,10,1.6,4.7,0,0,0,0.5,4.9,3.4,3.3,2.8,4.6,3.2,1.8,4.5,3.6,4,0,1.3,4.1,7.3,8.1,8.9,7.5,0,0.3,0,7.5,8.4,4.9,5.1,4.1
Rajarhat    ,2024,11,0,3.2,7.5,6.5,8.4,7.7,7.6,8.8,9,9,8.7,8.2,7.1,6.6,7,3.7,7.2,6.7,8.7,8.8,8.4,8.3,7,6.3,5.8,7.8,8.5,7.6,8.5,7.4,
Rajarhat    ,2024,12,6.8,8.3,7.8,4.9,0,2.5,1.5,0,0,0,0.1,3.3,4.2,4.7,7.2,8,8.2,7.2,7.3,5.2,6.2,2.4,7.4,8.1,6.8,6.6,7.7,7.6,6.8,3.3,0
St.Name,Year,Mo,1,2,3,4,5,6,7,8,9,10,11,12,13,14,15,16,17,18,19,20,21,22,23,24,25,26,27,28,29,30,31
Badalgachhi ,2022,1,5.8,5.4,5.1,4.8,3.4,4.5,5.3,7.4,5,5.5,0,2.1,5.3,0.4,7,7.4,7.3,5.4,2.9,0,0.8,2.4,0,2.1,0,0,7.8,1,6.2,5.4,1.2
Badalgachhi ,2022,2,6.5,6,4,0,3.1,3.5,6.6,5.9,6.7,1.2,7.5,8.3,8.3,8.1,8.2,8.3,8.1,8.5,8.1,0.4,5.6,6.1,7.4,0,5.2,7.4,0.6,7.3,,,
Badalgachhi ,2022,3,8.3,8,8.1,8,8.2,8.9,7.9,8.1,8.6,8.2,8.6,8.8,7.2,8,8.6,8,8.1,8.5,8.3,8.5,0,4,5.5,7.6,5.4,6.7,5.7,4.2,0,0.2,0
Badalgachhi ,2022,4,3.5,0,2.9,5.2,2.7,5.2,4.1,0.5,2.8,1.4,2.8,0,1.8,2,7.1,6.3,4.2,2.5,4.3,2.2,0.7,0,7.6,9.1,8.6,7.7,2.7,3.3,5.6,5.9,
Badalgachhi ,2022,5,7.5,8,3,1.3,5,0.9,7.8,7,7,3.3,1.3,6.3,1.3,3,0.3,4.2,0.6,5.2,0.2,0.6,0,2.2,7.1,8.9,5.2,9.5,9,8.1,6.7,1.1,3
Badalgachhi ,2022,6,7.4,2,5.2,0.1,2.5,0,1.3,2.2,0,3.7,1.5,0,0,0.5,0,0.4,0,3.7,2.6,1.5,1.9,2.3,1.2,8.3,6.5,7.7,5.2,0,0.1,0.2,
Badalgachhi ,2022,7,4.6,5.6,7.7,8.8,4.8,3.6,9.7,7.4,10.4,10.5,7.4,10.7,9.9,11.1,10.6,11.7,8.4,10.7,10.2,6.8,4.9,5.2,6.8,0.2,4.3,0.9,8.4,0.2,3.1,0.8,0.1
Badalgachhi ,2022,8,0,1,2.8,4.1,10.1,2.4,8,5.5,9.4,5.8,9.4,7.6,2.7,6.4,6.6,5.4,9,8.5,4,5.2,8.6,8.5,3.2,7.8,7.7,8.8,2.3,2.4,5.5,0.2,1.2
Badalgachhi ,2022,9,0,0,2.6,1.6,1.5,0,6.5,3,8.9,6.6,6.2,0.3,0,0.4,0.9,5.2,4.3,3.1,5.1,7.4,4.8,7.9,5.1,3.3,0.2,6.8,3.2,6.3,2.6,7,
Badalgachhi ,2022,10,8,0,0.2,4.8,3.8,6,8.7,8.5,7.9,9,5,2.7,2.3,8.2,8.4,8.2,8.3,8.5,7.6,8.2,8.8,8.6,7.2,0,4.6,6.6,5.2,7.7,8.3,7.8,8.7
Badalgachhi ,2022,11,7.3,5.1,7.3,8.2,8.1,6.4,6.9,7,8,7.9,7.2,5.7,6.9,8.7,7.6,7.1,6.3,7,8.2,8.7,7.5,6.7,6.7,8,8.1,8.1,7.2,7.6,7.7,8.3,
Badalgachhi ,2022,12,7.9,7.7,6.8,7,8.1,6.7,6.6,3.4,7.6,8,6.1,5.8,0.7,2.3,2.3,6.2,3,6.6,6.3,5.9,3.7,4.3,5.1,4.9,0,0,3.9,6.3,3,3.1,1.7
Badalgachhi ,2023,1,3.7,4.5,0.7,2,2.2,4.2,4.1,4.7,7.4,8,4.8,6.6,5.9,5.3,4.1,0.8,5.5,6.2,5.5,4.7,5.2,6.3,5.1,3.6,5.7,6.1,7.5,1.9,6,5.7,2.6
Badalgachhi ,2023,2,6.6,7.3,7.2,6.8,1.9,4.2,6.8,6.2,2.2,3.2,6.8,6.5,8.7,8.1,7.4,5.1,5.3,5.5,5.5,0,0.4,3,7.2,8.1,7.3,7.6,8.4,6.6,,,
Badalgachhi ,2023,3,6.6,6.9,7.4,7.6,6.4,8.3,7.7,7.5,8.1,7.2,6.8,7.9,8.2,0.9,3.4,0,0,2.7,0,1.2,3.2,4.9,7.9,7.1,7.9,8,8.5,8.2,7.6,0,1
Badalgachhi ,2023,4,5.2,7.5,8.1,6.9,8.7,8.9,9,8.3,8.8,8.7,9.1,9.1,9.5,7.8,3.2,5.9,9.1,7.1,9,8.6,3.9,7.6,1.7,7.9,9.5,5.9,4.6,2.7,3.6,5.1,
Badalgachhi ,2023,5,0.2,8.6,5.1,1.7,7.4,10.2,9.1,9.9,8.6,9.7,6.1,5.4,9,9,6.6,8.8,2.9,5.4,0.2,7.2,2.3,4.9,2.6,7.9,6.5,8.7,3.8,7.9,9.6,7.4,7.8
Badalgachhi ,2023,6,9.3,10.1,10.1,7.7,7.7,9.6,7.4,1.9,0,2.9,3.5,4.1,1.7,7.4,1.9,6.1,6.8,2.8,2,2.7,0,0.1,7.4,5.1,7.9,5.4,1.5,2.8,0,0.1,
Badalgachhi ,2023,7,2.3,0,0,1.7,2.8,4,5.1,2.9,7.4,1,4,3.3,5.1,3.3,6.9,5.2,2.9,9.6,9.4,10,5,6,9,9.9,7.7,8.4,6.4,5,4.6,8.1,6.7
Badalgachhi ,2023,8,8.3,2.2,3,1.3,3.1,0,0,0.1,2.6,2.5,2.3,0,0,2.9,2.7,4.8,4,8,8.4,6.3,7,0.8,0,0.3,0,0,3.1,6.6,7.5,8.8,8.9
Badalgachhi ,2023,9,6.9,6.3,5.5,2.3,8.9,7.9,3.7,1,7.1,7.3,7,3.1,1.9,8.6,8.1,8.4,9,4.6,1.2,1.5,2.1,1.7,4.2,0,1.5,3.2,5.7,8.7,5.4,0,
Badalgachhi ,2023,10,8.4,6.1,2.9,0,0,0,0.1,5.4,5.9,0,6.8,7.7,8.3,8.1,8.6,5,7.7,7.3,8.4,8.6,8.2,8.4,6.3,0.3,8.7,8.2,9,6.7,7.2,7.2,8.1
Badalgachhi ,2023,11,8.4,8.2,7.5,6.9,7.3,5.7,6.1,6.8,5.2,6.7,7.9,7.6,8.3,8.3,8.2,0.3,5.8,8.2,8.2,7.8,6.6,4.4,5.4,7,7.3,8.5,8.1,5.8,3.1,7.7,
Badalgachhi ,2023,12,8.1,4.8,4.4,6.3,0,0,0,4.8,0.7,3.3,3.9,5.4,6.8,5.2,2.9,6.4,5.8,5.1,5.6,7.5,7.5,7.8,0,4.2,7,5.3,6,7.3,7.7,4.7,4
Badalgachhi ,2024,1,3.9,4.3,4.9,7,6.6,4.9,3.3,0.5,5.1,1.9,1.7,0,1,0,0,0,2.2,0,0,3.3,0.9,3.2,6.4,3.7,0.7,2.5,5.8,6.9,6.2,1.2,1.1
Badalgachhi ,2024,2,1.1,3.7,7.7,6.4,2.9,3,7.2,7.8,7.7,5.3,6.7,8,5.2,3.5,1.5,3.9,6.4,8,6,0,3.1,4.2,7,6.3,0.8,7,5.1,8.2,8.7,,
Badalgachhi ,2024,3,8.6,8.1,3.6,5.2,8.1,9,9.1,8.9,8.7,8.7,8.8,8.3,8.1,8,6.7,6.7,7.9,5,0,0,7.3,6.6,6.8,0.5,4.4,5,3.4,3.8,2.3,0,7.3
Badalgachhi ,2024,4,8.7,9.1,8.8,7.6,7.2,6.8,1,0.5,7.9,0.9,0,8.4,8.8,7,8,7,9,8.8,8.4,8.2,8.3,6.5,4.1,8.3,9.8,9.7,7.6,9.4,9.4,9.3,
Badalgachhi ,2024,5,9.4,8.7,9.2,3.1,2.4,0,4.1,4.6,1.8,4.2,6.4,4.5,7.5,7.6,6.4,6.4,4,1.3,5.8,5.3,4.6,0.6,6.3,9.5,10.3,1.1,0,6.2,0.2,0,1.5
Badalgachhi ,2024,6,3.8,8.5,4.6,5.5,5.6,5,5.5,2.1,2.5,3.5,3.8,4,0.3,0,0,0,0,0,0,2.8,2.1,0.2,3.4,7.2,3.4,4.2,0.6,3,0,0,
Badalgachhi ,2024,7,0.7,0,2.5,3.1,0,1.3,4.2,4.5,7.8,7.2,0,2.5,3.3,4.2,8.5,2.2,9.4,9.3,3.8,4.6,5.6,4.5,4.4,5.2,8.2,9.3,9.1,9.2,5.6,1.9,5.8
Badalgachhi ,2024,8,4.4,0,0,5.9,1.3,5,5.7,6.8,3.9,6,0,0,2.4,5.7,6.4,6.9,6.8,3.1,6.9,2.3,1.5,1.8,1.7,6.2,6.6,0.4,7.4,7.8,7.1,5.2,6.7
Badalgachhi ,2024,9,0.7,8.3,0,3.4,0,9.4,5.1,5.7,9.5,7.5,7,5.9,4.9,0,0,0,0,7,8.2,8.8,9.1,8.4,8.2,5.2,5.8,0.4,0,0.4,5.5,0.5,
Badalgachhi ,2024,10,2.3,1.6,0.3,1.8,3.5,1,2.7,4,4.5,4.6,6.8,5.2,1.5,4.5,6.5,7.7,0,0,6.5,6.2,7.1,8.7,6.8,0,0.1,0,4.5,7,2.1,5,7.5
Badalgachhi ,2024,11,6.3,2.5,3.4,4.9,6.1,6.4,8.1,8.3,7.3,8.8,8,8.2,3.5,4.4,2.7,6.2,6.3,6.4,7.6,7.5,8,7.5,4.5,4.1,1.7,7,7.7,5.5,8.4,7.9,
Badalgachhi ,2024,12,7,7.7,7.8,1,6.4,7,5.3,0,0,0,0,0,5.5,3.3,6.9,6.2,7.1,6.8,7.2,6.1,4.3,0.3,6.3,7.4,6.2,6.6,7.3,6.5,6.9,0,0
St.Name,Year,Mo,1,2,3,4,5,6,7,8,9,10,11,12,13,14,15,16,17,18,19,20,21,22,23,24,25,26,27,28,29,30,31
Dimla       ,2022,1,5.9,4.5,4.6,3,5.6,5.9,6.1,6.8,3,3.7,1.1,0.1,1.9,1.1,5.5,6.7,5.2,6.1,4.8,0,4,1.9,0.4,4.2,2.8,2.2,6.1,5.3,5,3.6,4.5
Dimla       ,2022,2,2.1,1,5.7,0,0.1,5.9,5.5,5.5,6.9,0,4.9,7.7,7.8,8.1,8.1,7.8,7.4,7.4,7.7,7.8,2.3,8.3,8.3,1.2,5.1,7.8,7,7.6,,,
Dimla       ,2022,3,7.7,8,7.9,7.4,8.1,7.6,8.3,8.2,7.9,8.2,8,7.9,7.6,7.7,8.1,8,7.9,7.7,7.7,7.6,5.2,7,5.6,7.4,5.1,7.8,1.2,0,0,0,0
Dimla       ,2022,4,0,0,0.2,1.7,2.3,1,2.5,0,0,2.1,0,2.8,2.5,0,7.3,5.8,4.3,0.7,6.7,3.6,7.7,0.1,2.5,8.1,7.3,3.2,1.1,6.2,0,0.2,
Dimla       ,2022,5,4.8,2.8,6.6,7.3,6.6,6.5,6.6,9.4,6.5,8.5,7,4.3,1.3,0,0.5,0.1,0.1,3.4,0,0.1,2.7,5,4.8,9.1,2.1,7.7,1.4,2.8,6.7,1.3,7.3
Dimla       ,2022,6,4.8,3.1,3.6,0,0,0,2,1.3,0.4,0.2,0.7,0,0,0,0.2,0,0.5,3,0.8,0.4,1.8,6.1,5.2,6.7,8.3,2.8,2.3,0,0.2,5.8,
Dimla       ,2022,7,2.1,3.3,3.7,5.9,9.9,2.6,10.5,7.2,8.5,10.8,8.1,9.5,7.7,6.4,10.4,9.8,8.7,4.1,3,0,5.4,1.7,6,0,3.9,2,4.8,3.9,3.9,1,0
Dimla       ,2022,8,0,1.7,4.6,0.8,9.4,1.1,10.2,5.4,7.7,2.5,10.9,10.2,6.1,5.9,5.3,8.5,6.9,8.8,5.8,9.3,9.6,7.8,0.6,5.3,7.7,6.6,0.4,0,1,0,0
Dimla       ,2022,9,0,0,3.5,1.4,4.3,0.1,6.9,6.5,3.5,4.7,6.3,0.4,0.6,0,2.8,3,0.2,5.5,3.3,7.6,8.1,1.3,4.3,4.1,0.1,6.3,6.3,4.8,4.5,8.1,
Dimla       ,2022,10,8.2,2.9,1.6,0.8,4.2,3.7,7,3.3,1.8,5.1,4.1,2.5,0.9,6.7,8.5,8.8,7.8,8.8,8,8.4,8.7,9,8.4,1.1,2.4,4.4,4.5,7.5,8.6,8.2,8.5
Dimla       ,2022,11,8,7.6,7.3,7.5,7,7.3,6.9,6.2,6.8,6.4,7,5.2,3.9,7.2,6.9,6.5,5.6,6.9,8.4,7.6,7.6,7.5,6.7,7.3,7.8,7.2,6.7,7.1,7.5,7.5,
Dimla       ,2022,12,7.6,7.4,7.5,7.4,7.5,7.1,7.2,7.2,7.1,7,6.2,6.4,2.1,4.2,3.1,4.1,4.7,6.8,6.6,5.5,5.3,5.5,1.1,5.3,5.9,1.5,3.5,0,1.5,5.6,2.1
Dimla       ,2023,1,3.5,7.2,4.8,4.6,4.4,4.9,5,4.6,6.8,6.5,3.9,5.8,5.6,4.2,4.3,0,1.9,3.8,4.2,4.4,4.6,4.2,3.5,4.8,6.8,6.1,5,0,5,6.7,4.2
Dimla       ,2023,2,1.8,4.4,6,6.1,0,2.8,5.9,5.5,2.5,5.2,4.8,4.2,7.7,7.4,7.2,7,7.5,5.2,5.4,3.4,0,4.1,4.9,7.2,7.6,8.2,8.3,5.3,,,
Dimla       ,2023,3,4.1,4.3,4.6,4.4,6.2,7.8,7.9,6.6,7.9,6.9,7.6,8,6.5,7.8,5.8,2.5,5.3,5.9,0,0,5,7.8,6.8,4.4,8.1,5.7,7,7.3,8.7,6,0.7
Dimla       ,2023,4,6.8,6.6,8.6,8.5,8.6,8.2,8.8,7.7,8.1,8.7,8.8,8.9,8.2,8.4,7.7,5.9,8.8,6.1,6.8,3.9,0,8.5,0.3,9.3,6.7,9.2,6.6,6.1,3.8,4.2,
Dimla       ,2023,5,3.1,4.3,3.6,3.1,9.8,10,7.9,9.8,10,9.8,9.2,9.5,10,8.8,6.7,6.4,0.9,0.8,0,7,2.6,4.5,3.6,10.2,7.8,8.9,4.1,6.6,10.7,10.3,7.8
Dimla       ,2023,6,9.3,10.1,8.9,9,6.1,9.6,8.3,1.1,1.3,0.2,5.2,0.8,2.3,4.3,3.5,0,0.4,0.1,0,0,0,0.2,2.8,7.2,8.2,11,5.2,0,0.6,0,
Dimla       ,2023,7,2.2,0.8,0.2,1.3,5,4.7,5.8,6,3.4,1.3,0,0.9,0,0,7.6,7.1,4.3,6.6,10.3,10.6,1.9,7.7,5,0.4,3.2,4.8,6.6,0.1,2.4,3.9,8.2
Dimla       ,2023,8,8.9,1.9,5.7,0.3,1.5,1.1,1.8,0.9,1.6,0.8,2.5,0.7,0,4.6,7.7,2.1,7.7,4.7,9.7,4.5,0.6,0,0,0.4,0,0,0.1,1.4,3.4,6,6.5
Dimla       ,2023,9,2.3,1.8,6.8,2.4,8.7,6.4,1.8,1,4.1,5.3,4.8,1.4,3.9,6.2,8.3,8.4,8.7,4.8,3.4,4.9,0,0,0.2,0,1.8,5.6,7.9,8.2,7.9,0.1,
Dimla       ,2023,10,4.8,4.7,1.9,0,0,1.9,0.3,3.3,5.8,0.2,4.7,3.5,3.6,4.9,3.4,7.8,7.9,5.2,7.5,7.7,8.2,8.2,5.4,5.7,8.4,8.5,8,7.6,8.2,7.6,7.7
Dimla       ,2023,11,8,8,6.9,6,6.1,6.6,6.5,6.7,6.7,7,7.2,7.7,7.4,7.3,7.6,6.3,3.5,7.6,7.4,7.2,6,5.9,5.9,6.8,6.8,7.4,7.1,6.8,7,7.3,
Dimla       ,2023,12,4.5,4.4,7.1,7,1.9,4.2,0,4.5,0,1.2,1.9,6.3,4.4,4.1,5.4,6.2,6.6,6.4,6.5,6.8,6.7,7.3,3.2,6.8,6.8,6.7,6.3,6.5,7,5.7,4
Dimla       ,2024,1,0,1.2,5.8,6.8,6.4,4.1,4.5,1.4,0,0,0,0,0,0,0,0,0,2.9,2.9,3.3,0,3.6,5.3,2.3,3.8,2.6,2.7,3.8,4.5,0,0
Dimla       ,2024,2,4.1,3.3,5.1,5.8,2.8,1.3,1.7,2.5,5.4,6.6,6.9,7.6,6.1,1.2,6.6,6.1,4,6.5,6.6,5.4,0.7,1.2,3.4,7.6,6,7.3,6.3,7.7,7.8,,
Dimla       ,2024,3,6.9,7.1,5.2,6,8.2,8,8.2,8.1,7.8,7.8,7.8,7.8,7.9,7.9,7.4,7.7,6.1,4,0,4.2,7.7,0,0.9,6.2,3.8,5.8,4.3,8.1,2.8,3,0
Dimla       ,2024,4,7.6,8.5,8.2,7.8,4,7.1,5.8,1.6,7.6,7.6,5.3,6.7,8.3,8.3,8.5,6.7,8.1,7.9,4.2,4.5,8.6,4.5,8.9,9.6,9.7,9.3,2.3,8,9.1,8.6,
Dimla       ,2024,5,9.5,9.1,8.8,4.7,0,0,1.1,1.5,4.4,5.9,6.5,2.5,6.8,8.3,6.7,5.8,7.2,0.2,6.1,3.2,8.3,0,8.2,9.5,9.5,5.5,0.9,5.4,2.5,0,0.6
Dimla       ,2024,6,2.6,6.7,4.3,4.3,3.4,6.6,8.6,0.2,0,0.1,1.4,1.1,0.3,0,0,0,0,0,0,0.4,7.6,3.2,9,3.5,3,2.9,1.9,2.8,3.3,3,
Dimla       ,2024,7,1.1,0,1,2.8,0,0,1.9,1.4,0,0,0,0.5,5,4.2,8.1,1.4,6.3,3,8.5,6.9,9.3,5.2,3.5,6.6,6.9,8.8,9,6.5,5.7,8.4,7.5
Dimla       ,2024,8,3.5,0,0,4,4.8,2.2,6.2,3.8,2,0.5,1.5,4.2,0.9,5.3,3.8,9.6,6,8.6,8.9,8.7,4.2,2.5,4.3,7.4,6.5,3,2.3,7.1,6.6,7.9,3.4
Dimla       ,2024,9,1.5,8.6,1.8,6.6,0,8.5,8.2,4.6,8.1,8.5,8.5,3.9,8.5,1.1,1.2,0,4.7,8.6,8.4,8.2,7.4,5.5,8.1,2.5,0.3,0,0,0.5,6.6,7.3,
Dimla       ,2024,10,2,1.6,0.7,0.1,0,0.5,6.1,6.7,3.7,5,5.2,4.2,2.5,7.7,3.9,3.4,4.1,4.7,4.9,5.5,7,8.4,8.2,0,0,0,5.6,6.9,5.7,4.8,3.8
Dimla       ,2024,11,0,4.9,5.5,6.3,7,5.2,6.8,5.8,8.1,8,7.6,7.5,4.3,5.9,5.9,3.3,5.1,6.9,7.6,7.5,7.2,6.9,4.7,0.8,3.7,6.8,7,7.3,7.5,7.2,
Dimla       ,2024,12,6.6,6.6,6.6,4.2,0,0,0,0,0,0,0,4,4.1,5.1,6.9,7.2,7.3,7,6.6,6.6,4.6,0.5,6.6,6.7,6.2,6.5,6.5,6.4,2.3,0,0
St.Name,Year,Mo,1,2,3,4,5,6,7,8,9,10,11,12,13,14,15,16,17,18,19,20,21,22,23,24,25,26,27,28,29,30,31
Kumarkhali  ,2022,1,6.4,4.3,6.7,3.6,3.3,5.3,5.9,6.5,6.9,3.6,0.7,0,3.9,0,3.3,7.2,7,5.8,5.6,5.7,2.4,0,0,3.7,2.8,0,6.2,6.4,6.3,6.3,6.4
Kumarkhali  ,2022,2,4.6,6.3,1.4,0,4.9,7.3,7,6,6.5,0,3.9,7.6,7.9,7.3,8.5,7.6,7,7.6,7.5,3.4,4.8,5.7,7.2,7,6.4,7.7,5.4,5.7,,,
Kumarkhali  ,2022,3,7.3,6.9,7.6,7.6,7.4,7.6,8,8.2,8.6,7.8,8.6,8.6,8.5,8.4,8.5,8.5,8.4,8.5,8.5,8.4,6.6,7.2,7.2,6.6,6.1,6.4,5.6,6.4,4.6,6.2,7.1
Kumarkhali  ,2022,4,6.8,1.3,4.1,6.5,6.6,6.2,5.9,7.2,6.2,3.5,2.9,4.1,5.4,5.1,7.9,4.9,5.4,5.1,6.7,0.5,2.6,2.6,8.1,8.4,6.9,5.5,6.7,3.5,7.3,5.7,
Kumarkhali  ,2022,5,5.1,5.4,0.2,3.1,7,6.8,6.6,6.9,1.8,0,2,5.2,0.5,5.7,7.8,7.3,2.5,7,7.7,5.2,4.4,2.8,9,8.2,2.9,7.7,6.6,6.2,1.4,2.7,3.8
Kumarkhali  ,2022,6,4.2,3.1,4.8,2.2,3.8,0.5,2,6,0,8.5,6.6,6.7,5.8,2.9,2.8,2.1,0,1.8,4.8,2.5,1.9,3.2,3.9,5,4.8,8,10,3.7,4.3,0.2,
Kumarkhali  ,2022,7,4.4,8.3,5.2,5.7,9.4,3.5,8.6,9.8,10.3,8.4,6,8.9,10.7,10.8,9.1,9.3,9,6.6,2.5,4.6,5.6,3.8,7.1,0.3,5.4,1.6,7.7,1.1,7.3,5.1,0
Kumarkhali  ,2022,8,0,1.4,1.1,0.5,7,2.6,8.2,6.3,6.3,1.7,2.6,8,5.3,0.7,3.5,6,4.3,9,4.1,3,9.4,6.9,3.9,6.5,8,8,2.2,3.2,4.4,7.7,8.4
Kumarkhali  ,2022,9,1,6.1,5.9,2.9,2,0.4,7,6.5,4.1,4.8,4.4,0,0,0,1.5,3.6,3.7,1.7,7.5,7.8,4.9,7.1,6.4,6.1,4.5,6.1,2.4,6.1,5.4,4.2,
Kumarkhali  ,2022,10,7.3,2.9,0.9,4.9,7,5.6,6.5,7.9,8,8.1,7.2,3,5.5,6.6,7.7,8.5,8.5,6.9,6.7,8,8.3,7.5,2.6,0,6.3,8.2,7.1,8.1,8.7,8.7,8.5
Kumarkhali  ,2022,11,8.7,8.8,5.8,7.9,8.5,7.2,7.8,6.5,6,8,6.9,4.9,7.2,8.1,8.1,6.9,6.1,6.4,6.7,8,8.1,6.3,7.1,6.7,8.3,7.3,6.7,6.8,7.4,7,
Kumarkhali  ,2022,12,7,7.7,7.3,7.1,7.2,6.8,6.4,5.9,6.4,4.1,6.7,5.3,4.4,5.7,6,6.5,1.6,5.3,5.3,4.4,3.9,4.6,6,6.2,4.5,2.8,0.5,5.2,6.9,2.2,3.4
Kumarkhali  ,2023,1,2.8,5.2,0,0,3.1,4.3,1,5.6,7.5,7.9,7,6,5.9,0,5.3,0,3.4,3.1,7.2,5.7,5.2,3.7,3.2,3.9,2.3,2.6,7.1,6.2,7.2,6.5,1.1
Kumarkhali  ,2023,2,5.4,7.4,7.8,6.5,6.6,7,8.3,5,4.3,8,7.1,5.2,9.2,8.1,7.8,7.1,7.5,4.2,4.2,4.1,1.3,6.2,8.1,6.4,5,7.6,7.6,7.2,,,
Kumarkhali  ,2023,3,7.8,7.8,7.7,8,7.9,8.5,8.1,6.9,7.5,2,2.8,7.7,7.4,4.5,3.9,0,0,4.9,0,1,3.9,7.7,7.9,7.6,6.4,6.2,5.8,7.5,5.3,6,1.3
Kumarkhali  ,2023,4,2.3,8.1,8.4,7.5,7.1,8.3,7.6,7.8,7.9,7.7,7.8,8.7,8.5,8.4,7.3,8.1,8.2,6.3,8,7.6,2.1,7,1,6.1,7.9,7.6,5.6,5.9,5.6,6.9,
Kumarkhali  ,2023,5,3.8,8.4,4.8,6.4,6.6,8,9,9.5,7.6,9.8,8.2,2.4,6.6,7.8,9.5,6.8,6.4,4.6,5.6,9.7,5.8,8.8,2.3,7,5.6,8.3,4.9,9.1,9.8,5.7,9.3
Kumarkhali  ,2023,6,9.1,9.7,8.3,7.1,9,9.4,6.7,0.1,0.9,4.4,4.7,3.6,5.2,6.3,5.3,6.2,6.6,2.6,2.4,1.5,1.2,0.7,7.5,6.9,8.3,3.1,0.1,0,0,2.5,
Kumarkhali  ,2023,7,1.7,1.9,3.6,9.4,7.7,3.4,6.8,4.5,5.6,5.2,3,8.1,4.1,4.7,3.2,4.9,4,6.4,8.5,10.5,6.5,7.8,6.5,8.5,8.4,7.2,5,7.8,5.2,6,6.1
Kumarkhali  ,2023,8,7.2,1.7,2.7,0.8,2,0,0,0,6,5.9,0.4,1.1,0,1.6,3.5,0.8,7.3,6.5,8.7,8.3,4.6,0.4,1.7,1.4,0,0,5.3,6.3,7,6.3,5.3
Kumarkhali  ,2023,9,5.1,2.9,4.2,3.8,7.8,4.8,2.8,0.5,5.6,7.1,6.9,3.1,6.8,7.4,4.4,7.3,8.2,3.7,0.9,0.7,0.7,2.2,1.2,1.4,4.2,7.8,7,7.1,0,3.8,
Kumarkhali  ,2023,10,6.2,4.3,3.1,0,0,0.4,2.6,8.3,4.3,6.7,7.4,7.6,7.4,7.7,8.2,6.8,6.9,7.9,8.1,8.1,8.2,3.9,2.3,2.3,8.7,8.3,7.8,6.7,7.4,6.1,7.6
Kumarkhali  ,2023,11,7.9,7.8,5.2,4.8,1.5,6.7,5.3,6.4,6.2,6.7,7.3,7.4,7.9,7.7,5.5,0,1.4,1.2,7.4,6.3,6.5,3.8,6.4,6.4,6.7,7.8,7.5,7.1,1.9,6.7,
Kumarkhali  ,2023,12,7.5,7,6,4.1,0,0,0,1.5,4.1,5.5,6.1,5.4,6.2,6.5,4.6,5.9,6.2,6.4,5.9,6.8,7.1,6.6,0.9,2.5,6.3,5.5,4.7,4.7,6.8,6.8,2.5
Kumarkhali  ,2024,1,3.9,5.7,4,6.9,6.7,4.7,5.1,2,4.9,5.7,5.2,0,4.6,0,0,0,1.7,0,3.1,1.8,3.4,3.9,5.8,3.1,0,7.5,6.9,6.5,7,4.9,2.5
Kumarkhali  ,2024,2,1,2.4,7.5,7.7,5.2,0,7.9,8.5,8.4,7.8,7.8,5.7,4.2,3.7,5.2,7.6,8,5.5,3.7,1.4,6.4,2.7,5.6,5.9,1.7,8.1,5.6,7.5,8.6,,
Kumarkhali  ,2024,3,8.3,7.7,6.7,4.2,8.2,8.9,8.5,8.7,8.4,8.8,8.5,8,7.2,3,6.5,6.2,7.4,3.2,2.6,0,5.4,6.9,7.9,6.1,2.6,7.4,2.2,6.6,0.7,5,7
Kumarkhali  ,2024,4,7.8,7.9,8,7.4,5.1,7.2,0.3,0,3.8,1.5,1.2,6.9,6.9,4.6,7.4,6,7.9,8.5,8.8,8.9,8.5,6,7.4,8.6,8.9,8.9,6.3,8.8,8.7,9,
Kumarkhali  ,2024,5,9.1,9,7.9,5.6,7.9,2.8,6.3,5.4,4.4,7,5.5,8.8,6.8,7.2,9,9.2,6.9,1.3,2.5,4.2,8,3.3,9.3,9.3,9.4,0.9,0,0,2.7,3.9,2.2
Kumarkhali  ,2024,6,8.2,4.7,7.5,4.5,5.5,4.8,3.4,6.5,1.3,2.1,8.7,5.1,3.5,3.7,1.5,0.4,0,0,0,1.9,1.6,0.9,8.5,10.4,8.9,5.2,4.6,2.2,1.5,0,
Kumarkhali  ,2024,7,0,0,1.4,0.8,0.7,1.8,6.6,7.6,4.7,6.6,0,1.1,6,8,5.7,3.3,7.8,9.3,8,7.3,7.1,2.9,4.7,3.2,8.1,10,5.6,7.8,4.4,0.5,3.9
Kumarkhali  ,2024,8,0,0,0.6,1.1,1.1,5.9,6,6.1,0,4.4,0,1.7,2.2,6.4,5.7,3.2,8.5,0,1.4,4.1,0,0,1.3,3.5,0.5,0,2.9,5.7,8,6.3,7
Kumarkhali  ,2024,9,2.6,8,2.8,4.8,6.2,5.5,4.9,7.9,7.3,6.1,5,7.5,5.6,0.2,0,0,7.8,7.5,8.1,8.2,6.4,7.2,2.7,2.1,0.5,0,2.3,7.9,3,0,
Kumarkhali  ,2024,10,0.8,1.5,0,0.3,0.7,1.2,6.1,7.6,6.2,4,5.6,5.8,7.1,5.3,4.1,4.6,0.6,0,5.9,7.2,5.7,8,1,0.2,0,4.4,7,7.8,6.6,6.9,3
Kumarkhali  ,2024,11,6.3,3.4,2,5.7,6.3,7,6.8,7.4,7.3,7.2,7.9,7.4,5.1,5,3.2,6.3,5.6,5.7,6.2,6.8,6,5.5,5.2,3.4,3.1,6,6.8,6.6,6,3.1,
Kumarkhali  ,2024,12,7.4,6.5,7.3,2.9,5.6,6,6.3,5.5,0,3.9,2.8,0,6.2,5.7,6.4,6.6,5.7,6.2,5.3,4,0.8,2.8,6.2,6.9,5.7,6.6,6.9,6.9,6.4,2.9,3.6
